{
  "timestamp": "2025-12-01T13:05:37Z",
  "timestamp_ms": 47137149,
  "cycle": 22,
  "phase": 0,
  "phase_name": "LED OFF",
  "ssid": "Girod-House-of-Big-Nuts",
  "ip": "192.168.1.91",
  "rssi": -64,
  "samples": 26405965,
  "runtime": 47137,
  "mean100": 0.115681,
  "var100": 0.00047904,
  "mean10": 0.128374,
  "var10": 0.00017613,
  "mean1": 0.123297,
  "githubStatus": "HOST_POSTS",
  "githubCode": 0,
  "lastSuccess": 0,
  "baseline": {
    "passed": true,
    "mean": 0.113539,
    "variance": 0.00048667,
    "min": 0.050769,
    "max": 0.147473
  },
  "hardware": {
    "passed": true,
    "dark": 0.125839,
    "light": 0.411774,
    "fifty": 0.268874
  }
}