{
  "timestamp": "2025-12-01T03:53:44Z",
  "timestamp_ms": 14024614,
  "cycle": 6,
  "phase": 4,
  "phase_name": "10 kHz",
  "ssid": "Girod-House-of-Big-Nuts",
  "ip": "192.168.1.91",
  "rssi": -65,
  "samples": 8187266,
  "runtime": 14024,
  "mean100": 0.108002,
  "var100": 0.00056295,
  "mean10": 0.119187,
  "var10": 0.0003949,
  "mean1": 0.121685,
  "githubStatus": "HOST_POSTS",
  "githubCode": 0,
  "lastSuccess": 0,
  "baseline": {
    "passed": true,
    "mean": 0.107338,
    "variance": 0.0005845,
    "min": 0.047546,
    "max": 0.142637
  },
  "hardware": {
    "passed": true,
    "dark": 0.120569,
    "light": 0.41016,
    "fifty": 0.268874
  }
}