{
  "timestamp": "2025-12-01T12:03:32Z",
  "timestamp_ms": 43412737,
  "cycle": 20,
  "phase": 2,
  "phase_name": "100 Hz",
  "ssid": "Girod-House-of-Big-Nuts",
  "ip": "192.168.1.91",
  "rssi": -64,
  "samples": 24495368,
  "runtime": 43412,
  "mean100": 0.115754,
  "var100": 0.00050494,
  "mean10": 0.108066,
  "var10": 0.0005544,
  "mean1": 0.144249,
  "githubStatus": "HOST_POSTS",
  "githubCode": 0,
  "lastSuccess": 0,
  "baseline": {
    "passed": true,
    "mean": 0.114233,
    "variance": 0.00050237,
    "min": 0.043516,
    "max": 0.147473
  },
  "hardware": {
    "passed": true,
    "dark": 0.126832,
    "light": 0.411792,
    "fifty": 0.268874
  }
}