{
  "timestamp": "2025-12-01T01:48:37Z",
  "timestamp_ms": 6517422,
  "cycle": 3,
  "phase": 0,
  "phase_name": "LED OFF",
  "ssid": "Girod-House-of-Big-Nuts",
  "ip": "192.168.1.91",
  "rssi": -70,
  "samples": 3065000,
  "runtime": 6517,
  "mean100": 0.102965,
  "var100": 0.00062647,
  "mean10": 0.09493,
  "var10": 0.00055042,
  "mean1": 0.075751,
  "githubStatus": "HOST_POSTS",
  "githubCode": 0,
  "lastSuccess": 0,
  "baseline": {
    "passed": true,
    "mean": 0.104212,
    "variance": 0.00057401,
    "min": 0.043516,
    "max": 0.144249
  },
  "hardware": {
    "passed": true,
    "dark": 0.117476,
    "light": 0.410155,
    "fifty": 0.265363
  }
}