{
  "timestamp": "2025-12-01T11:38:33Z",
  "timestamp_ms": 41913737,
  "cycle": 19,
  "phase": 4,
  "phase_name": "10 kHz",
  "ssid": "Girod-House-of-Big-Nuts",
  "ip": "192.168.1.91",
  "rssi": -64,
  "samples": 23673154,
  "runtime": 41913,
  "mean100": 0.11556,
  "var100": 0.00050111,
  "mean10": 0.127084,
  "var10": 0.00030978,
  "mean1": 0.128132,
  "githubStatus": "HOST_POSTS",
  "githubCode": 0,
  "lastSuccess": 0,
  "baseline": {
    "passed": true,
    "mean": 0.11385,
    "variance": 0.00050896,
    "min": 0.037875,
    "max": 0.147473
  },
  "hardware": {
    "passed": true,
    "dark": 0.126431,
    "light": 0.411781,
    "fifty": 0.268874
  }
}