{
  "timestamp": "2025-12-01T02:02:40Z",
  "timestamp_ms": 7360923,
  "cycle": 3,
  "phase": 2,
  "phase_name": "100 Hz",
  "ssid": "Girod-House-of-Big-Nuts",
  "ip": "192.168.1.91",
  "rssi": -64,
  "samples": 3504660,
  "runtime": 7360,
  "mean100": 0.10676,
  "var100": 0.00063661,
  "mean10": 0.111531,
  "var10": 0.00064022,
  "mean1": 0.132967,
  "githubStatus": "HOST_POSTS",
  "githubCode": 0,
  "lastSuccess": 0,
  "baseline": {
    "passed": true,
    "mean": 0.104212,
    "variance": 0.00057401,
    "min": 0.043516,
    "max": 0.144249
  },
  "hardware": {
    "passed": true,
    "dark": 0.117476,
    "light": 0.410155,
    "fifty": 0.265363
  }
}