{
  "timestamp": "2025-12-01T10:05:40Z",
  "timestamp_ms": 36340948,
  "cycle": 17,
  "phase": 0,
  "phase_name": "LED OFF",
  "ssid": "Girod-House-of-Big-Nuts",
  "ip": "192.168.1.91",
  "rssi": -63,
  "samples": 20463822,
  "runtime": 36340,
  "mean100": 0.112998,
  "var100": 0.00049116,
  "mean10": 0.120154,
  "var10": 0.00044166,
  "mean1": 0.128132,
  "githubStatus": "HOST_POSTS",
  "githubCode": 0,
  "lastSuccess": 0,
  "baseline": {
    "passed": true,
    "mean": 0.111785,
    "variance": 0.00049288,
    "min": 0.050769,
    "max": 0.147473
  },
  "hardware": {
    "passed": true,
    "dark": 0.124655,
    "light": 0.411699,
    "fifty": 0.268874
  }
}