{
  "timestamp": "2025-12-01T03:54:17Z",
  "timestamp_ms": 14057270,
  "cycle": 6,
  "phase": 4,
  "phase_name": "10 kHz",
  "ssid": "Girod-House-of-Big-Nuts",
  "ip": "192.168.1.91",
  "rssi": -66,
  "samples": 8205174,
  "runtime": 14057,
  "mean100": 0.106712,
  "var100": 0.00057382,
  "mean10": 0.113626,
  "var10": 0.000542,
  "mean1": 0.07011,
  "githubStatus": "HOST_POSTS",
  "githubCode": 0,
  "lastSuccess": 0,
  "baseline": {
    "passed": true,
    "mean": 0.107338,
    "variance": 0.0005845,
    "min": 0.047546,
    "max": 0.142637
  },
  "hardware": {
    "passed": true,
    "dark": 0.120569,
    "light": 0.41016,
    "fifty": 0.268874
  }
}