{
  "timestamp": "2025-12-01T02:19:26Z",
  "timestamp_ms": 8366811,
  "cycle": 3,
  "phase": 6,
  "phase_name": "LIVE TRT",
  "ssid": "Girod-House-of-Big-Nuts",
  "ip": "192.168.1.91",
  "rssi": -66,
  "samples": 4841014,
  "runtime": 8366,
  "mean100": 0.411312,
  "var100": 8.3e-07,
  "mean10": 0.410908,
  "var10": 1.23e-06,
  "mean1": 0.410989,
  "githubStatus": "HOST_POSTS",
  "githubCode": 0,
  "lastSuccess": 0,
  "baseline": {
    "passed": true,
    "mean": 0.110103,
    "variance": 0.00056534,
    "min": 0.044322,
    "max": 0.147473
  },
  "hardware": {
    "passed": true,
    "dark": 0.123438,
    "light": 0.411703,
    "fifty": 0.268874
  }
}