{
  "timestamp": "2025-12-01T00:36:31Z",
  "timestamp_ms": 2191342,
  "cycle": 1,
  "phase": 0,
  "phase_name": "LED OFF",
  "ssid": "Girod-House-of-Big-Nuts",
  "ip": "192.168.1.91",
  "rssi": -61,
  "samples": 999371,
  "runtime": 2191,
  "mean100": 0.103319,
  "var100": 0.00062463,
  "mean10": 0.112901,
  "var10": 0.00049894,
  "mean1": 0.069304,
  "githubStatus": "HOST_POSTS",
  "githubCode": 0,
  "lastSuccess": 0,
  "baseline": {
    "passed": true,
    "mean": 0.103504,
    "variance": 0.00064777,
    "min": 0.049963,
    "max": 0.145055
  },
  "hardware": {
    "passed": true,
    "dark": 0.116926,
    "light": 0.411766,
    "fifty": 0.265363
  }
}