{
  "timestamp": "2025-12-01T12:10:30Z",
  "timestamp_ms": 43830713,
  "cycle": 20,
  "phase": 4,
  "phase_name": "10 kHz",
  "ssid": "Girod-House-of-Big-Nuts",
  "ip": "192.168.1.91",
  "rssi": -64,
  "samples": 24699406,
  "runtime": 43830,
  "mean100": 0.113643,
  "var100": 0.00051698,
  "mean10": 0.106857,
  "var10": 0.0004528,
  "mean1": 0.086227,
  "githubStatus": "HOST_POSTS",
  "githubCode": 0,
  "lastSuccess": 0,
  "baseline": {
    "passed": true,
    "mean": 0.114233,
    "variance": 0.00050237,
    "min": 0.043516,
    "max": 0.147473
  },
  "hardware": {
    "passed": true,
    "dark": 0.126832,
    "light": 0.411792,
    "fifty": 0.268874
  }
}