{
  "timestamp": "2025-12-01T02:42:39Z",
  "timestamp_ms": 9759751,
  "cycle": 4,
  "phase": 3,
  "phase_name": "1 kHz",
  "ssid": "Girod-House-of-Big-Nuts",
  "ip": "192.168.1.91",
  "rssi": -62,
  "samples": 4854350,
  "runtime": 9759,
  "mean100": 0.411086,
  "var100": 8.7e-07,
  "mean10": 0.411392,
  "var10": 5.5e-07,
  "mean1": 0.411795,
  "githubStatus": "HOST_POSTS",
  "githubCode": 0,
  "lastSuccess": 0,
  "baseline": {
    "passed": true,
    "mean": 0.106339,
    "variance": 0.0006255,
    "min": 0.044322,
    "max": 0.143443
  },
  "hardware": {
    "passed": true,
    "dark": 0.119459,
    "light": 0.411527,
    "fifty": 0.265363
  }
}