{
  "timestamp": "2025-12-01T04:47:04Z",
  "timestamp_ms": 17224044,
  "cycle": 8,
  "phase": 0,
  "phase_name": "LED OFF",
  "ssid": "Girod-House-of-Big-Nuts",
  "ip": "192.168.1.91",
  "rssi": -66,
  "samples": 9993588,
  "runtime": 17224,
  "mean100": 0.108461,
  "var100": 0.00061845,
  "mean10": 0.107985,
  "var10": 0.00077903,
  "mean1": 0.134579,
  "githubStatus": "HOST_POSTS",
  "githubCode": 0,
  "lastSuccess": 0,
  "baseline": {
    "passed": true,
    "mean": 0.106293,
    "variance": 0.00059681,
    "min": 0.06044,
    "max": 0.144249
  },
  "hardware": {
    "passed": true,
    "dark": 0.119522,
    "light": 0.409302,
    "fifty": 0.268874
  }
}