{
  "timestamp": "2025-12-01T00:02:11Z",
  "timestamp_ms": 131963,
  "cycle": 0,
  "phase": 0,
  "phase_name": "LED OFF",
  "ssid": "Girod-House-of-Big-Nuts",
  "ip": "192.168.1.91",
  "rssi": -59,
  "samples": 13899,
  "runtime": 131,
  "mean100": 0.098734,
  "var100": 0.00029909,
  "mean10": 0.099524,
  "var10": 0.00034786,
  "mean1": 0.074139,
  "githubStatus": "HOST_POSTS",
  "githubCode": 0,
  "lastSuccess": 0,
  "baseline": {
    "passed": true,
    "mean": 0.113908,
    "variance": 0.00017444,
    "min": 0.083004,
    "max": 0.141026
  },
  "hardware": {
    "passed": true,
    "dark": 0.123988,
    "light": 0.411504,
    "fifty": 0.268392
  }
}