{
  "timestamp": "2025-12-01T08:53:51Z",
  "timestamp_ms": 32031726,
  "cycle": 15,
  "phase": 0,
  "phase_name": "LED OFF",
  "ssid": "Girod-House-of-Big-Nuts",
  "ip": "192.168.1.91",
  "rssi": -64,
  "samples": 18266688,
  "runtime": 32031,
  "mean100": 0.114142,
  "var100": 0.00051469,
  "mean10": 0.118381,
  "var10": 0.00059271,
  "mean1": 0.135385,
  "githubStatus": "HOST_POSTS",
  "githubCode": 0,
  "lastSuccess": 0,
  "baseline": {
    "passed": true,
    "mean": 0.112572,
    "variance": 0.00048191,
    "min": 0.063663,
    "max": 0.147473
  },
  "hardware": {
    "passed": true,
    "dark": 0.125152,
    "light": 0.411768,
    "fifty": 0.268874
  }
}