{
  "timestamp": "2025-12-01T00:56:48Z",
  "timestamp_ms": 3408557,
  "cycle": 1,
  "phase": 4,
  "phase_name": "10 kHz",
  "ssid": "Girod-House-of-Big-Nuts",
  "ip": "192.168.1.91",
  "rssi": -63,
  "samples": 1639468,
  "runtime": 3408,
  "mean100": 0.105463,
  "var100": 0.00052728,
  "mean10": 0.121121,
  "var10": 0.00014521,
  "mean1": 0.102344,
  "githubStatus": "HOST_POSTS",
  "githubCode": 0,
  "lastSuccess": 0,
  "baseline": {
    "passed": true,
    "mean": 0.103504,
    "variance": 0.00064777,
    "min": 0.049963,
    "max": 0.145055
  },
  "hardware": {
    "passed": true,
    "dark": 0.116926,
    "light": 0.411766,
    "fifty": 0.265363
  }
}