{
  "timestamp": "2025-12-01T03:45:19Z",
  "timestamp_ms": 13519110,
  "cycle": 6,
  "phase": 2,
  "phase_name": "100 Hz",
  "ssid": "Girod-House-of-Big-Nuts",
  "ip": "192.168.1.91",
  "rssi": -66,
  "samples": 7902131,
  "runtime": 13519,
  "mean100": 0.108356,
  "var100": 0.00056572,
  "mean10": 0.124022,
  "var10": 0.00017605,
  "mean1": 0.102344,
  "githubStatus": "HOST_POSTS",
  "githubCode": 0,
  "lastSuccess": 0,
  "baseline": {
    "passed": true,
    "mean": 0.17338,
    "variance": 0.0005845,
    "min": 0.047546,
    "max": 0.142637
  },
  "hardware": {
    "passed": true,
    "dark": 0.120569,
    "light": 0.41016,
    "fifty": 0.268874
  }
}