{
  "timestamp": "2025-12-01T05:41:58Z",
  "timestamp_ms": 20518323,
  "cycle": 9,
  "phase": 4,
  "phase_name": "10 kHz",
  "ssid": "Girod-House-of-Big-Nuts",
  "ip": "192.168.1.91",
  "rssi": -64,
  "samples": 11949776,
  "runtime": 20518,
  "mean100": 0.109629,
  "var100": 0.00051805,
  "mean10": 0.125956,
  "var10": 0.00013794,
  "mean1": 0.102344,
  "githubStatus": "HOST_POSTS",
  "githubCode": 0,
  "lastSuccess": 0,
  "baseline": {
    "passed": true,
    "mean": 0.107043,
    "variance": 0.00053188,
    "min": 0.050769,
    "max": 0.146667
  },
  "hardware": {
    "passed": true,
    "dark": 0.120149,
    "light": 0.409365,
    "fifty": 0.268874
  }
}