{
  "timestamp": "2025-12-01T09:15:23Z",
  "timestamp_ms": 33323973,
  "cycle": 15,
  "phase": 4,
  "phase_name": "10 kHz",
  "ssid": "Girod-House-of-Big-Nuts",
  "ip": "192.168.1.91",
  "rssi": -64,
  "samples": 18971308,
  "runtime": 33323,
  "mean100": 0.112345,
  "var100": 0.00051206,
  "mean10": 0.101297,
  "var10": 0.00034095,
  "mean1": 0.101538,
  "githubStatus": "HOST_POSTS",
  "githubCode": 0,
  "lastSuccess": 0,
  "baseline": {
    "passed": true,
    "mean": 0.112572,
    "variance": 0.00048191,
    "min": 0.063663,
    "max": 0.147473
  },
  "hardware": {
    "passed": true,
    "dark": 0.125152,
    "light": 0.411768,
    "fifty": 0.268874
  }
}