{
  "timestamp": "2025-12-01T06:08:16Z",
  "timestamp_ms": 22096994,
  "cycle": 10,
  "phase": 2,
  "phase_name": "100 Hz",
  "ssid": "Girod-House-of-Big-Nuts",
  "ip": "192.168.1.91",
  "rssi": -64,
  "samples": 12862806,
  "runtime": 22097,
  "mean100": 0.110733,
  "var100": 0.00050384,
  "mean10": 0.125956,
  "var10": 0.0001973,
  "mean1": 0.099927,
  "githubStatus": "HOST_POSTS",
  "githubCode": 0,
  "lastSuccess": 0,
  "baseline": {
    "passed": true,
    "mean": 0.109338,
    "variance": 0.00052686,
    "min": 0.044322,
    "max": 0.145055
  },
  "hardware": {
    "passed": true,
    "dark": 0.122155,
    "light": 0.411163,
    "fifty": 0.268874
  }
}