{
  "timestamp": "2025-12-01T04:54:49Z",
  "timestamp_ms": 17689157,
  "cycle": 8,
  "phase": 2,
  "phase_name": "100 Hz",
  "ssid": "Girod-House-of-Big-Nuts",
  "ip": "192.168.1.91",
  "rssi": -65,
  "samples": 10307328,
  "runtime": 17689,
  "mean100": 0.107325,
  "var100": 0.00058459,
  "mean10": 0.100088,
  "var10": 0.00067237,
  "mean1": 0.137802,
  "githubStatus": "HOST_POSTS",
  "githubCode": 0,
  "lastSuccess": 0,
  "baseline": {
    "passed": true,
    "mean": 0.106293,
    "variance": 0.00059681,
    "min": 0.06044,
    "max": 0.144249
  },
  "hardware": {
    "passed": true,
    "dark": 0.119522,
    "light": 0.409302,
    "fifty": 0.268874
  }
}