{
  "timestamp": "2025-12-01T01:25:34Z",
  "timestamp_ms": 5134717,
  "cycle": 2,
  "phase": 2,
  "phase_name": "100 Hz",
  "ssid": "Girod-House-of-Big-Nuts",
  "ip": "192.168.1.91",
  "rssi": -67,
  "samples": 2832500,
  "runtime": 5134,
  "mean100": 0.114634,
  "var100": 0.00025672,
  "mean10": 0.105568,
  "var10": 0.00015183,
  "mean1": 0.131355,
  "githubStatus": "HOST_POSTS",
  "githubCode": 0,
  "lastSuccess": 0,
  "baseline": {
    "passed": true,
    "mean": 0.113154,
    "variance": 0.00025591,
    "min": 0.062051,
    "max": 0.141026
  },
  "hardware": {
    "passed": true,
    "dark": 0.123574,
    "light": 0.411787,
    "fifty": 0.268553
  }
}