{
  "timestamp": "2025-12-01T02:25:56Z",
  "timestamp_ms": 8756747,
  "cycle": 4,
  "phase": 0,
  "phase_name": "LED OFF",
  "ssid": "Girod-House-of-Big-Nuts",
  "ip": "192.168.1.91",
  "rssi": -63,
  "samples": 4224533,
  "runtime": 8756,
  "mean100": 0.106712,
  "var100": 0.00065512,
  "mean10": 0.121121,
  "var10": 0.00029068,
  "mean1": 0.087033,
  "githubStatus": "HOST_POSTS",
  "githubCode": 0,
  "lastSuccess": 0,
  "baseline": {
    "passed": true,
    "mean": 0.106339,
    "variance": 0.0006255,
    "min": 0.044322,
    "max": 0.143443
  },
  "hardware": {
    "passed": true,
    "dark": 0.119459,
    "light": 0.411527,
    "fifty": 0.265363
  }
}