{
  "timestamp": "2025-12-01T10:24:46Z",
  "timestamp_ms": 37486795,
  "cycle": 17,
  "phase": 4,
  "phase_name": "10 kHz",
  "ssid": "Girod-House-of-Big-Nuts",
  "ip": "192.168.1.91",
  "rssi": -64,
  "samples": 21142509,
  "runtime": 37486,
  "mean100": 0.110951,
  "var100": 0.00050955,
  "mean10": 0.105648,
  "var10": 0.00049673,
  "mean1": 0.08381,
  "githubStatus": "HOST_POSTS",
  "githubCode": 0,
  "lastSuccess": 0,
  "baseline": {
    "passed": true,
    "mean": 0.111785,
    "variance": 0.00049288,
    "min": 0.050769,
    "max": 0.147473
  },
  "hardware": {
    "passed": true,
    "dark": 0.124655,
    "light": 0.411699,
    "fifty": 0.268874
  }
}