{
  "timestamp": "2025-12-01T01:50:48Z",
  "timestamp_ms": 6648645,
  "cycle": 3,
  "phase": 0,
  "phase_name": "LED OFF",
  "ssid": "Girod-House-of-Big-Nuts",
  "ip": "192.168.1.91",
  "rssi": -67,
  "samples": 3166553,
  "runtime": 6648,
  "mean100": 0.106914,
  "var100": 0.0005523,
  "mean10": 0.112821,
  "var10": 0.00054356,
  "mean1": 0.128132,
  "githubStatus": "HOST_POSTS",
  "githubCode": 0,
  "lastSuccess": 0,
  "baseline": {
    "passed": true,
    "mean": 0.104212,
    "variance": 0.00057401,
    "min": 0.043516,
    "max": 0.144249
  },
  "hardware": {
    "passed": true,
    "dark": 0.117476,
    "light": 0.410155,
    "fifty": 0.265363
  }
}