{
  "timestamp": "2025-12-01T03:25:24Z",
  "timestamp_ms": 12324649,
  "cycle": 5,
  "phase": 5,
  "phase_name": "20 kHz",
  "ssid": "Girod-House-of-Big-Nuts",
  "ip": "192.168.1.91",
  "rssi": -66,
  "samples": 7193730,
  "runtime": 12324,
  "mean100": 0.410538,
  "var100": 1.55e-06,
  "mean10": 0.41107,
  "var10": 7.1e-07,
  "mean1": 0.409377,
  "githubStatus": "HOST_POSTS",
  "githubCode": 0,
  "lastSuccess": 0,
  "baseline": {
    "passed": true,
    "mean": 0.108117,
    "variance": 0.00057068,
    "min": 0.057216,
    "max": 0.147473
  },
  "hardware": {
    "passed": true,
    "dark": 0.121533,
    "light": 0.410831,
    "fifty": 0.268874
  }
}