{
  "timestamp": "2025-12-01T06:35:23Z",
  "timestamp_ms": 23723781,
  "cycle": 11,
  "phase": 0,
  "phase_name": "LED OFF",
  "ssid": "Girod-House-of-Big-Nuts",
  "ip": "192.168.1.91",
  "rssi": -64,
  "samples": 13727244,
  "runtime": 23723,
  "mean100": 0.111281,
  "var100": 0.00051999,
  "mean10": 0.108227,
  "var10": 0.00054551,
  "mean1": 0.082198,
  "githubStatus": "HOST_POSTS",
  "githubCode": 0,
  "lastSuccess": 0,
  "baseline": {
    "passed": true,
    "mean": 0.110769,
    "variance": 0.0005124,
    "min": 0.061245,
    "max": 0.147473
  },
  "hardware": {
    "passed": true,
    "dark": 0.123658,
    "light": 0.411655,
    "fifty": 0.268874
  }
}