{
  "timestamp": "2025-12-01T05:15:33Z",
  "timestamp_ms": 18933018,
  "cycle": 8,
  "phase": 6,
  "phase_name": "LIVE TRT",
  "ssid": "Girod-House-of-Big-Nuts",
  "ip": "192.168.1.91",
  "rssi": -64,
  "samples": 10988407,
  "runtime": 18933,
  "mean100": 0.408926,
  "var100": 2.04e-06,
  "mean10": 0.408652,
  "var10": 1.36e-06,
  "mean1": 0.408571,
  "githubStatus": "HOST_POSTS",
  "githubCode": 0,
  "lastSuccess": 0,
  "baseline": {
    "passed": true,
    "mean": 0.106293,
    "variance": 0.00059681,
    "min": 0.06044,
    "max": 0.144249
  },
  "hardware": {
    "passed": true,
    "dark": 0.119522,
    "light": 0.409302,
    "fifty": 0.268874
  }
}