{
  "timestamp": "2025-12-01T01:47:59Z",
  "timestamp_ms": 6479335,
  "cycle": 3,
  "phase": 0,
  "phase_name": "LED OFF",
  "ssid": "Girod-House-of-Big-Nuts",
  "ip": "192.168.1.91",
  "rssi": -65,
  "samples": 3037132,
  "runtime": 6479,
  "mean100": 0.104004,
  "var100": 0.0005574,
  "mean10": 0.100088,
  "var10": 0.00054054,
  "mean1": 0.071722,
  "githubStatus": "HOST_POSTS",
  "githubCode": 0,
  "lastSuccess": 0,
  "baseline": {
    "passed": true,
    "mean": 0.104212,
    "variance": 0.00057401,
    "min": 0.043516,
    "max": 0.144249
  },
  "hardware": {
    "passed": true,
    "dark": 0.117476,
    "light": 0.410155,
    "fifty": 0.265363
  }
}