{
  "timestamp": "2025-12-01T02:17:25Z",
  "timestamp_ms": 8245070,
  "cycle": 3,
  "phase": 5,
  "phase_name": "20 kHz",
  "ssid": "Girod-House-of-Big-Nuts",
  "ip": "192.168.1.91",
  "rssi": -62,
  "samples": 3965334,
  "runtime": 8245,
  "mean100": 0.410892,
  "var100": 1.17e-06,
  "mean10": 0.411392,
  "var10": 4.2e-07,
  "mean1": 0.410183,
  "githubStatus": "HOST_POSTS",
  "githubCode": 0,
  "lastSuccess": 0,
  "baseline": {
    "passed": true,
    "mean": 0.104212,
    "variance": 0.00057401,
    "min": 0.043516,
    "max": 0.144249
  },
  "hardware": {
    "passed": true,
    "dark": 0.117476,
    "light": 0.410155,
    "fifty": 0.265363
  }
}