{
  "timestamp": "2025-12-01T06:46:30Z",
  "timestamp_ms": 24390551,
  "cycle": 11,
  "phase": 3,
  "phase_name": "1 kHz",
  "ssid": "Girod-House-of-Big-Nuts",
  "ip": "192.168.1.91",
  "rssi": -64,
  "samples": 14129957,
  "runtime": 24390,
  "mean100": 0.411739,
  "var100": 8e-08,
  "mean10": 0.411553,
  "var10": 2.7e-07,
  "mean1": 0.410183,
  "githubStatus": "HOST_POSTS",
  "githubCode": 0,
  "lastSuccess": 0,
  "baseline": {
    "passed": true,
    "mean": 0.110769,
    "variance": 0.0005124,
    "min": 0.061245,
    "max": 0.147473
  },
  "hardware": {
    "passed": true,
    "dark": 0.123658,
    "light": 0.411655,
    "fifty": 0.268874
  }
}