{
  "timestamp": "2025-12-01T04:26:57Z",
  "timestamp_ms": 16017967,
  "cycle": 7,
  "phase": 3,
  "phase_name": "1 kHz",
  "ssid": "Girod-House-of-Big-Nuts",
  "ip": "192.168.1.91",
  "rssi": -66,
  "samples": 9354980,
  "runtime": 16017,
  "mean100": 0.40966,
  "var100": 1.94e-06,
  "mean10": 0.409941,
  "var10": 1.18e-06,
  "mean1": 0.410989,
  "githubStatus": "HOST_POSTS",
  "githubCode": 0,
  "lastSuccess": 0,
  "baseline": {
    "passed": true,
    "mean": 0.106752,
    "variance": 0.00058906,
    "min": 0.050769,
    "max": 0.144249
  },
  "hardware": {
    "passed": true,
    "dark": 0.119801,
    "light": 0.409588,
    "fifty": 0.268874
  }
}