{
  "timestamp": "2025-12-01T07:44:40Z",
  "timestamp_ms": 27880896,
  "cycle": 13,
  "phase": 0,
  "phase_name": "LED OFF",
  "ssid": "Girod-House-of-Big-Nuts",
  "ip": "192.168.1.91",
  "rssi": -64,
  "samples": 16112000,
  "runtime": 27880,
  "mean100": 0.1139,
  "var100": 0.00045823,
  "mean10": 0.129018,
  "var10": 0.00016488,
  "mean1": 0.102344,
  "githubStatus": "HOST_POSTS",
  "githubCode": 0,
  "lastSuccess": 0,
  "baseline": {
    "passed": true,
    "mean": 0.112683,
    "variance": 0.00048936,
    "min": 0.050769,
    "max": 0.151502
  },
  "hardware": {
    "passed": true,
    "dark": 0.125332,
    "light": 0.41176,
    "fifty": 0.268874
  }
}