{
  "timestamp": "2025-12-01T01:51:25Z",
  "timestamp_ms": 6685859,
  "cycle": 3,
  "phase": 0,
  "phase_name": "LED OFF",
  "ssid": "Girod-House-of-Big-Nuts",
  "ip": "192.168.1.91",
  "rssi": -66,
  "samples": 3881302,
  "runtime": 6685,
  "mean100": 0.111958,
  "var100": 0.00057763,
  "mean10": 0.117011,
  "var10": 0.00064822,
  "mean1": 0.13619,
  "githubStatus": "HOST_POSTS",
  "githubCode": 0,
  "lastSuccess": 0,
  "baseline": {
    "passed": true,
    "mean": 0.110103,
    "variance": 0.00056534,
    "min": 0.044322,
    "max": 0.147473
  },
  "hardware": {
    "passed": true,
    "dark": 0.123438,
    "light": 0.411703,
    "fifty": 0.268874
  }
}