{
  "timestamp": "2025-12-01T02:21:37Z",
  "timestamp_ms": 8497921,
  "cycle": 3,
  "phase": 6,
  "phase_name": "LIVE TRT",
  "ssid": "Girod-House-of-Big-Nuts",
  "ip": "192.168.1.91",
  "rssi": -65,
  "samples": 4910483,
  "runtime": 8497,
  "mean100": 0.411287,
  "var100": 8.4e-07,
  "mean10": 0.411553,
  "var10": 2.7e-07,
  "mean1": 0.411795,
  "githubStatus": "HOST_POSTS",
  "githubCode": 0,
  "lastSuccess": 0,
  "baseline": {
    "passed": true,
    "mean": 0.110103,
    "variance": 0.00056534,
    "min": 0.044322,
    "max": 0.147473
  },
  "hardware": {
    "passed": true,
    "dark": 0.123438,
    "light": 0.411703,
    "fifty": 0.268874
  }
}