{
  "timestamp": "2025-12-01T03:30:58Z",
  "timestamp_ms": 12658738,
  "cycle": 5,
  "phase": 6,
  "phase_name": "LIVE TRT",
  "ssid": "Girod-House-of-Big-Nuts",
  "ip": "192.168.1.91",
  "rssi": -66,
  "samples": 7364662,
  "runtime": 12658,
  "mean100": 0.410562,
  "var100": 1.47e-06,
  "mean10": 0.410586,
  "var10": 1.46e-06,
  "mean1": 0.410989,
  "githubStatus": "HOST_POSTS",
  "githubCode": 0,
  "lastSuccess": 0,
  "baseline": {
    "passed": true,
    "mean": 0.108117,
    "variance": 0.00057068,
    "min": 0.057216,
    "max": 0.147473
  },
  "hardware": {
    "passed": true,
    "dark": 0.121533,
    "light": 0.410831,
    "fifty": 0.268874
  }
}