{
  "timestamp": "2025-12-01T12:36:24Z",
  "timestamp_ms": 45384538,
  "cycle": 21,
  "phase": 2,
  "phase_name": "100 Hz",
  "ssid": "Girod-House-of-Big-Nuts",
  "ip": "192.168.1.91",
  "rssi": -64,
  "samples": 25491397,
  "runtime": 45384,
  "mean100": 0.113763,
  "var100": 0.00046999,
  "mean10": 0.100813,
  "var10": 0.00024112,
  "mean1": 0.114432,
  "githubStatus": "HOST_POSTS",
  "githubCode": 0,
  "lastSuccess": 0,
  "baseline": {
    "passed": true,
    "mean": 0.113837,
    "variance": 0.00049387,
    "min": 0.067692,
    "max": 0.147473
  },
  "hardware": {
    "passed": true,
    "dark": 0.126505,
    "light": 0.411796,
    "fifty": 0.268874
  }
}