{
  "timestamp": "2025-12-01T02:06:34Z",
  "timestamp_ms": 7594794,
  "cycle": 3,
  "phase": 3,
  "phase_name": "1 kHz",
  "ssid": "Girod-House-of-Big-Nuts",
  "ip": "192.168.1.91",
  "rssi": -64,
  "samples": 3631654,
  "runtime": 7594,
  "mean100": 0.410594,
  "var100": 1.49e-06,
  "mean10": 0.410505,
  "var10": 1.84e-06,
  "mean1": 0.411795,
  "githubStatus": "HOST_POSTS",
  "githubCode": 0,
  "lastSuccess": 0,
  "baseline": {
    "passed": true,
    "mean": 0.104212,
    "variance": 0.00057401,
    "min": 0.043516,
    "max": 0.144249
  },
  "hardware": {
    "passed": true,
    "dark": 0.117476,
    "light": 0.410155,
    "fifty": 0.265363
  }
}