{
  "timestamp": "2025-12-01T08:27:14Z",
  "timestamp_ms": 30434911,
  "cycle": 14,
  "phase": 2,
  "phase_name": "100 Hz",
  "ssid": "Girod-House-of-Big-Nuts",
  "ip": "192.168.1.91",
  "rssi": -63,
  "samples": 17529219,
  "runtime": 30434,
  "mean100": 0.111974,
  "var100": 0.00050575,
  "mean10": 0.101538,
  "var10": 0.00036016,
  "mean1": 0.099927,
  "githubStatus": "HOST_POSTS",
  "githubCode": 0,
  "lastSuccess": 0,
  "baseline": {
    "passed": true,
    "mean": 0.11267,
    "variance": 0.0004983,
    "min": 0.050769,
    "max": 0.147473
  },
  "hardware": {
    "passed": true,
    "dark": 0.125293,
    "light": 0.411775,
    "fifty": 0.268874
  }
}