{
  "timestamp": "2025-12-01T05:00:22Z",
  "timestamp_ms": 18022652,
  "cycle": 8,
  "phase": 3,
  "phase_name": "1 kHz",
  "ssid": "Girod-House-of-Big-Nuts",
  "ip": "192.168.1.91",
  "rssi": -66,
  "samples": 10512993,
  "runtime": 18022,
  "mean100": 0.409498,
  "var100": 2.19e-06,
  "mean10": 0.409861,
  "var10": 8.1e-07,
  "mean1": 0.410183,
  "githubStatus": "HOST_POSTS",
  "githubCode": 0,
  "lastSuccess": 0,
  "baseline": {
    "passed": true,
    "mean": 0.106293,
    "variance": 0.00059681,
    "min": 0.06044,
    "max": 0.144249
  },
  "hardware": {
    "passed": true,
    "dark": 0.119522,
    "light": 0.409302,
    "fifty": 0.268874
  }
}