{
  "timestamp": "2025-12-01T05:59:28Z",
  "timestamp_ms": 21568574,
  "cycle": 10,
  "phase": 0,
  "phase_name": "LED OFF",
  "ssid": "Girod-House-of-Big-Nuts",
  "ip": "192.168.1.91",
  "rssi": -64,
  "samples": 12526000,
  "runtime": 21568,
  "mean100": 0.111023,
  "var100": 0.00051963,
  "mean10": 0.100813,
  "var10": 0.000454,
  "mean1": 0.14022,
  "githubStatus": "HOST_POSTS",
  "githubCode": 0,
  "lastSuccess": 0,
  "baseline": {
    "passed": true,
    "mean": 0.109338,
    "variance": 0.00052686,
    "min": 0.044322,
    "max": 0.145055
  },
  "hardware": {
    "passed": true,
    "dark": 0.122155,
    "light": 0.411163,
    "fifty": 0.268874
  }
}