{
  "timestamp": "2025-12-01T01:47:29Z",
  "timestamp_ms": 6449633,
  "cycle": 3,
  "phase": 0,
  "phase_name": "LED OFF",
  "ssid": "Girod-House-of-Big-Nuts",
  "ip": "192.168.1.91",
  "rssi": -66,
  "samples": 3713328,
  "runtime": 6449,
  "mean100": 0.110395,
  "var100": 0.00054728,
  "mean10": 0.125956,
  "var10": 0.00019249,
  "mean1": 0.102344,
  "githubStatus": "HOST_POSTS",
  "githubCode": 0,
  "lastSuccess": 0,
  "baseline": {
    "passed": true,
    "mean": 0.110103,
    "variance": 0.00056534,
    "min": 0.044322,
    "max": 0.147473
  },
  "hardware": {
    "passed": true,
    "dark": 0.123438,
    "light": 0.411703,
    "fifty": 0.268874
  }
}