{
  "timestamp": "2025-12-01T05:43:43Z",
  "timestamp_ms": 20623733,
  "cycle": 9,
  "phase": 4,
  "phase_name": "10 kHz",
  "ssid": "Girod-House-of-Big-Nuts",
  "ip": "192.168.1.91",
  "rssi": -64,
  "samples": 12008050,
  "runtime": 20623,
  "mean100": 0.110693,
  "var100": 0.0005471,
  "mean10": 0.115319,
  "var10": 0.00056764,
  "mean1": 0.128132,
  "githubStatus": "HOST_POSTS",
  "githubCode": 0,
  "lastSuccess": 0,
  "baseline": {
    "passed": true,
    "mean": 0.107043,
    "variance": 0.00053188,
    "min": 0.050769,
    "max": 0.146667
  },
  "hardware": {
    "passed": true,
    "dark": 0.120149,
    "light": 0.409365,
    "fifty": 0.268874
  }
}