{
  "timestamp": "2025-12-01T04:25:20Z",
  "timestamp_ms": 15920765,
  "cycle": 7,
  "phase": 3,
  "phase_name": "1 kHz",
  "ssid": "Girod-House-of-Big-Nuts",
  "ip": "192.168.1.91",
  "rssi": -65,
  "samples": 9293621,
  "runtime": 15920,
  "mean100": 0.410256,
  "var100": 1.92e-06,
  "mean10": 0.410828,
  "var10": 1.4e-06,
  "mean1": 0.410183,
  "githubStatus": "HOST_POSTS",
  "githubCode": 0,
  "lastSuccess": 0,
  "baseline": {
    "passed": true,
    "mean": 0.106752,
    "variance": 0.00058906,
    "min": 0.050769,
    "max": 0.144249
  },
  "hardware": {
    "passed": true,
    "dark": 0.119801,
    "light": 0.409588,
    "fifty": 0.268874
  }
}