{
  "timestamp": "2025-12-01T01:15:39Z",
  "timestamp_ms": 4539460,
  "cycle": 2,
  "phase": 0,
  "phase_name": "LED OFF",
  "ssid": "Girod-House-of-Big-Nuts",
  "ip": "192.168.1.91",
  "rssi": -68,
  "samples": 2458004,
  "runtime": 4539,
  "mean100": 0.114094,
  "var100": 0.00025916,
  "mean10": 0.116366,
  "var10": 0.00028914,
  "mean1": 0.091062,
  "githubStatus": "HOST_POSTS",
  "githubCode": 0,
  "lastSuccess": 0,
  "baseline": {
    "passed": true,
    "mean": 0.113154,
    "variance": 0.00025591,
    "min": 0.062051,
    "max": 0.141026
  },
  "hardware": {
    "passed": true,
    "dark": 0.123574,
    "light": 0.411787,
    "fifty": 0.268553
  }
}