{
  "timestamp": "2025-12-01T00:39:00Z",
  "timestamp_ms": 2340473,
  "cycle": 1,
  "phase": 0,
  "phase_name": "LED OFF",
  "ssid": "Girod-House-of-Big-Nuts",
  "ip": "192.168.1.91",
  "rssi": -62,
  "samples": 1291501,
  "runtime": 2340,
  "mean100": 0.115399,
  "var100": 0.0002168,
  "mean10": 0.112659,
  "var10": 0.00024805,
  "mean1": 0.134579,
  "githubStatus": "HOST_POSTS",
  "githubCode": 0,
  "lastSuccess": 0,
  "baseline": {
    "passed": true,
    "mean": 0.113757,
    "variance": 0.00021983,
    "min": 0.069304,
    "max": 0.138608
  },
  "hardware": {
    "passed": true,
    "dark": 0.123837,
    "light": 0.411794,
    "fifty": 0.268553
  }
}