{
  "timestamp": "2025-12-01T02:35:31Z",
  "timestamp_ms": 9331587,
  "cycle": 4,
  "phase": 2,
  "phase_name": "100 Hz",
  "ssid": "Girod-House-of-Big-Nuts",
  "ip": "192.168.1.91",
  "rssi": -66,
  "samples": 5457726,
  "runtime": 9331,
  "mean100": 0.10942,
  "var100": 0.00055427,
  "mean10": 0.123297,
  "var10": 0.00028379,
  "mean1": 0.09348,
  "githubStatus": "HOST_POSTS",
  "githubCode": 0,
  "lastSuccess": 0,
  "baseline": {
    "passed": true,
    "mean": 0.108919,
    "variance": 0.00056362,
    "min": 0.050769,
    "max": 0.145861
  },
  "hardware": {
    "passed": true,
    "dark": 0.122228,
    "light": 0.411262,
    "fifty": 0.268874
  }
}