{
  "timestamp": "2025-12-01T02:25:32Z",
  "timestamp_ms": 8732431,
  "cycle": 4,
  "phase": 0,
  "phase_name": "LED OFF",
  "ssid": "Girod-House-of-Big-Nuts",
  "ip": "192.168.1.91",
  "rssi": -66,
  "samples": 4726497,
  "runtime": 8732,
  "mean100": 0.114094,
  "var100": 0.0002617,
  "mean10": 0.121201,
  "var10": 0.00019329,
  "mean1": 0.123297,
  "githubStatus": "HOST_POSTS",
  "githubCode": 0,
  "lastSuccess": 0,
  "baseline": {
    "passed": true,
    "mean": 0.112703,
    "variance": 0.00024748,
    "min": 0.076557,
    "max": 0.141026
  },
  "hardware": {
    "passed": true,
    "dark": 0.123113,
    "light": 0.411775,
    "fifty": 0.268553
  }
}