{
  "timestamp": "2025-12-01T00:49:28Z",
  "timestamp_ms": 2968442,
  "cycle": 1,
  "phase": 2,
  "phase_name": "100 Hz",
  "ssid": "Girod-House-of-Big-Nuts",
  "ip": "192.168.1.91",
  "rssi": -66,
  "samples": 1581191,
  "runtime": 2968,
  "mean100": 0.113296,
  "var100": 0.00059873,
  "mean10": 0.118623,
  "var10": 0.00064003,
  "mean1": 0.13619,
  "githubStatus": "HOST_POSTS",
  "githubCode": 0,
  "lastSuccess": 0,
  "baseline": {
    "passed": true,
    "mean": 0.111331,
    "variance": 0.0005953,
    "min": 0.037875,
    "max": 0.147473
  },
  "hardware": {
    "passed": true,
    "dark": 0.124607,
    "light": 0.411795,
    "fifty": 0.268998
  }
}