{
  "timestamp": "2025-12-01T02:33:17Z",
  "timestamp_ms": 9197800,
  "cycle": 4,
  "phase": 2,
  "phase_name": "100 Hz",
  "ssid": "Girod-House-of-Big-Nuts",
  "ip": "192.168.1.91",
  "rssi": -68,
  "samples": 5022827,
  "runtime": 9197,
  "mean100": 0.111926,
  "var100": 0.0002425,
  "mean10": 0.102908,
  "var10": 0.00012002,
  "mean1": 0.102344,
  "githubStatus": "HOST_POSTS",
  "githubCode": 0,
  "lastSuccess": 0,
  "baseline": {
    "passed": true,
    "mean": 0.112703,
    "variance": 0.00024748,
    "min": 0.076557,
    "max": 0.141026
  },
  "hardware": {
    "passed": true,
    "dark": 0.123113,
    "light": 0.411775,
    "fifty": 0.268553
  }
}