{
  "timestamp": "2025-12-01T11:38:31Z",
  "timestamp_ms": 41911981,
  "cycle": 19,
  "phase": 4,
  "phase_name": "10 kHz",
  "ssid": "Girod-House-of-Big-Nuts",
  "ip": "192.168.1.91",
  "rssi": -64,
  "samples": 23671844,
  "runtime": 41911,
  "mean100": 0.115238,
  "var100": 0.00049188,
  "mean10": 0.129744,
  "var10": 0.00017859,
  "mean1": 0.102344,
  "githubStatus": "HOST_POSTS",
  "githubCode": 0,
  "lastSuccess": 0,
  "baseline": {
    "passed": true,
    "mean": 0.11385,
    "variance": 0.00050896,
    "min": 0.037875,
    "max": 0.147473
  },
  "hardware": {
    "passed": true,
    "dark": 0.126431,
    "light": 0.411781,
    "fifty": 0.268874
  }
}