{
  "timestamp": "2025-12-01T05:05:53Z",
  "timestamp_ms": 18353244,
  "cycle": 8,
  "phase": 4,
  "phase_name": "10 kHz",
  "ssid": "Girod-House-of-Big-Nuts",
  "ip": "192.168.1.91",
  "rssi": -65,
  "samples": 10704500,
  "runtime": 18353,
  "mean100": 0.106881,
  "var100": 0.00058578,
  "mean10": 0.122249,
  "var10": 0.00018717,
  "mean1": 0.114432,
  "githubStatus": "HOST_POSTS",
  "githubCode": 0,
  "lastSuccess": 0,
  "baseline": {
    "passed": true,
    "mean": 0.106293,
    "variance": 0.00059681,
    "min": 0.06044,
    "max": 0.144249
  },
  "hardware": {
    "passed": true,
    "dark": 0.119522,
    "light": 0.409302,
    "fifty": 0.268874
  }
}