{
  "timestamp": "2025-12-01T03:11:31Z",
  "timestamp_ms": 11491521,
  "cycle": 5,
  "phase": 2,
  "phase_name": "100 Hz",
  "ssid": "Girod-House-of-Big-Nuts",
  "ip": "192.168.1.91",
  "rssi": -66,
  "samples": 6725817,
  "runtime": 11491,
  "mean100": 0.109573,
  "var100": 0.00057419,
  "mean10": 0.098154,
  "var10": 0.00050626,
  "mean1": 0.139414,
  "githubStatus": "HOST_POSTS",
  "githubCode": 0,
  "lastSuccess": 0,
  "baseline": {
    "passed": true,
    "mean": 0.108117,
    "variance": 0.00057068,
    "min": 0.057216,
    "max": 0.147473
  },
  "hardware": {
    "passed": true,
    "dark": 0.121533,
    "light": 0.410831,
    "fifty": 0.268874
  }
}