{
  "timestamp": "2025-12-01T02:33:46Z",
  "timestamp_ms": 9226927,
  "cycle": 4,
  "phase": 2,
  "phase_name": "100 Hz",
  "ssid": "Girod-House-of-Big-Nuts",
  "ip": "192.168.1.91",
  "rssi": -65,
  "samples": 4533000,
  "runtime": 9226,
  "mean100": 0.10581,
  "var100": 0.00061171,
  "mean10": 0.090901,
  "var10": 0.00043664,
  "mean1": 0.128132,
  "githubStatus": "HOST_POSTS",
  "githubCode": 0,
  "lastSuccess": 0,
  "baseline": {
    "passed": true,
    "mean": 0.106339,
    "variance": 0.0006255,
    "min": 0.044322,
    "max": 0.143443
  },
  "hardware": {
    "passed": true,
    "dark": 0.119459,
    "light": 0.411527,
    "fifty": 0.265363
  }
}