{
  "timestamp": "2025-12-01T00:06:38Z",
  "timestamp_ms": 398867,
  "cycle": 0,
  "phase": 1,
  "phase_name": "LED ON",
  "ssid": "Girod-House-of-Big-Nuts",
  "ip": "192.168.1.91",
  "rssi": -60,
  "samples": 239006,
  "runtime": 398,
  "mean100": 0.411199,
  "var100": 7.2e-07,
  "mean10": 0.411472,
  "var10": 2.9e-07,
  "mean1": 0.410183,
  "githubStatus": "HOST_POSTS",
  "githubCode": 0,
  "lastSuccess": 0,
  "baseline": {
    "passed": true,
    "mean": 0.114935,
    "variance": 0.00012742,
    "min": 0.076557,
    "max": 0.137802
  },
  "hardware": {
    "passed": true,
    "dark": 0.125239,
    "light": 0.411652,
    "fifty": 0.268185
  }
}