{
  "timestamp": "2025-12-01T09:39:40Z",
  "timestamp_ms": 34780475,
  "cycle": 16,
  "phase": 2,
  "phase_name": "100 Hz",
  "ssid": "Girod-House-of-Big-Nuts",
  "ip": "192.168.1.91",
  "rssi": -64,
  "samples": 19689576,
  "runtime": 34780,
  "mean100": 0.111588,
  "var100": 0.00049021,
  "mean10": 0.116527,
  "var10": 0.00044565,
  "mean1": 0.080586,
  "githubStatus": "HOST_POSTS",
  "githubCode": 0,
  "lastSuccess": 0,
  "baseline": {
    "passed": true,
    "mean": 0.112132,
    "variance": 0.00050187,
    "min": 0.050769,
    "max": 0.147473
  },
  "hardware": {
    "passed": true,
    "dark": 0.124953,
    "light": 0.411741,
    "fifty": 0.268874
  }
}