{
  "timestamp": "2025-12-01T09:29:20Z",
  "timestamp_ms": 34160840,
  "cycle": 16,
  "phase": 0,
  "phase_name": "LED OFF",
  "ssid": "Girod-House-of-Big-Nuts",
  "ip": "192.168.1.91",
  "rssi": -64,
  "samples": 19324669,
  "runtime": 34160,
  "mean100": 0.111717,
  "var100": 0.0005216,
  "mean10": 0.100894,
  "var10": 0.00039092,
  "mean1": 0.095897,
  "githubStatus": "HOST_POSTS",
  "githubCode": 0,
  "lastSuccess": 0,
  "baseline": {
    "passed": true,
    "mean": 0.112132,
    "variance": 0.00050187,
    "min": 0.050769,
    "max": 0.147473
  },
  "hardware": {
    "passed": true,
    "dark": 0.124953,
    "light": 0.411741,
    "fifty": 0.268874
  }
}