{
  "timestamp": "2025-12-01T03:24:16Z",
  "timestamp_ms": 12256033,
  "cycle": 5,
  "phase": 5,
  "phase_name": "20 kHz",
  "ssid": "Girod-House-of-Big-Nuts",
  "ip": "192.168.1.91",
  "rssi": -65,
  "samples": 7154906,
  "runtime": 12256,
  "mean100": 0.410828,
  "var100": 1.48e-06,
  "mean10": 0.410344,
  "var10": 1.66e-06,
  "mean1": 0.408571,
  "githubStatus": "HOST_POSTS",
  "githubCode": 0,
  "lastSuccess": 0,
  "baseline": {
    "passed": true,
    "mean": 0.108117,
    "variance": 0.00057068,
    "min": 0.057216,
    "max": 0.147473
  },
  "hardware": {
    "passed": true,
    "dark": 0.121533,
    "light": 0.410831,
    "fifty": 0.268874
  }
}