{
  "timestamp": "2025-12-01T01:30:10Z",
  "timestamp_ms": 5410291,
  "cycle": 2,
  "phase": 3,
  "phase_name": "1 kHz",
  "ssid": "Girod-House-of-Big-Nuts",
  "ip": "192.168.1.91",
  "rssi": -66,
  "samples": 3200117,
  "runtime": 5410,
  "mean100": 0.411747,
  "var100": 6e-08,
  "mean10": 0.411714,
  "var10": 6e-08,
  "mean1": 0.410989,
  "githubStatus": "HOST_POSTS",
  "githubCode": 0,
  "lastSuccess": 0,
  "baseline": {
    "passed": true,
    "mean": 0.110489,
    "variance": 0.00058166,
    "min": 0.04674,
    "max": 0.146667
  },
  "hardware": {
    "passed": true,
    "dark": 0.123654,
    "light": 0.411746,
    "fifty": 0.268874
  }
}