{
  "timestamp": "2025-12-01T10:42:33Z",
  "timestamp_ms": 38553307,
  "cycle": 18,
  "phase": 0,
  "phase_name": "LED OFF",
  "ssid": "Girod-House-of-Big-Nuts",
  "ip": "192.168.1.91",
  "rssi": -64,
  "samples": 21713661,
  "runtime": 38553,
  "mean100": 0.112063,
  "var100": 0.00050021,
  "mean10": 0.110484,
  "var10": 0.00055712,
  "mean1": 0.076557,
  "githubStatus": "HOST_POSTS",
  "githubCode": 0,
  "lastSuccess": 0,
  "baseline": {
    "passed": true,
    "mean": 0.111408,
    "variance": 0.00050068,
    "min": 0.050769,
    "max": 0.146667
  },
  "hardware": {
    "passed": true,
    "dark": 0.123962,
    "light": 0.411673,
    "fifty": 0.268874
  }
}