{
  "timestamp": "2025-12-01T00:40:41Z",
  "timestamp_ms": 2441159,
  "cycle": 1,
  "phase": 0,
  "phase_name": "LED OFF",
  "ssid": "Girod-House-of-Big-Nuts",
  "ip": "192.168.1.91",
  "rssi": -63,
  "samples": 1369040,
  "runtime": 2441,
  "mean100": 0.115826,
  "var100": 0.00023197,
  "mean10": 0.123377,
  "var10": 0.00012838,
  "mean1": 0.124908,
  "githubStatus": "HOST_POSTS",
  "githubCode": 0,
  "lastSuccess": 0,
  "baseline": {
    "passed": true,
    "mean": 0.113757,
    "variance": 0.00021983,
    "min": 0.069304,
    "max": 0.138608
  },
  "hardware": {
    "passed": true,
    "dark": 0.123837,
    "light": 0.411794,
    "fifty": 0.268553
  }
}