{
  "timestamp": "2025-12-01T01:20:57Z",
  "timestamp_ms": 4857391,
  "cycle": 2,
  "phase": 1,
  "phase_name": "LED ON",
  "ssid": "Girod-House-of-Big-Nuts",
  "ip": "192.168.1.91",
  "rssi": -64,
  "samples": 2322948,
  "runtime": 4857,
  "mean100": 0.41024,
  "var100": 1.39e-06,
  "mean10": 0.410505,
  "var10": 1.19e-06,
  "mean1": 0.408571,
  "githubStatus": "HOST_POSTS",
  "githubCode": 0,
  "lastSuccess": 0,
  "baseline": {
    "passed": true,
    "mean": 0.103834,
    "variance": 0.00062961,
    "min": 0.031429,
    "max": 0.141026
  },
  "hardware": {
    "passed": true,
    "dark": 0.117498,
    "light": 0.410358,
    "fifty": 0.265363
  }
}