{
  "timestamp": "2025-12-01T03:11:32Z",
  "timestamp_ms": 11492959,
  "cycle": 5,
  "phase": 2,
  "phase_name": "100 Hz",
  "ssid": "Girod-House-of-Big-Nuts",
  "ip": "192.168.1.91",
  "rssi": -62,
  "samples": 5822521,
  "runtime": 11492,
  "mean100": 0.108001,
  "var100": 0.00067096,
  "mean10": 0.119348,
  "var10": 0.00052777,
  "mean1": 0.121685,
  "githubStatus": "HOST_POSTS",
  "githubCode": 0,
  "lastSuccess": 0,
  "baseline": {
    "passed": true,
    "mean": 0.10578,
    "variance": 0.00067487,
    "min": 0.03707,
    "max": 0.145055
  },
  "hardware": {
    "passed": true,
    "dark": 0.119555,
    "light": 0.411523,
    "fifty": 0.265363
  }
}