{
  "timestamp": "2025-12-01T00:40:54Z",
  "timestamp_ms": 2454683,
  "cycle": 1,
  "phase": 0,
  "phase_name": "LED OFF",
  "ssid": "Girod-House-of-Big-Nuts",
  "ip": "192.168.1.91",
  "rssi": -61,
  "samples": 1198100,
  "runtime": 2454,
  "mean100": 0.104512,
  "var100": 0.00062011,
  "mean10": 0.118703,
  "var10": 0.00033484,
  "mean1": 0.081392,
  "githubStatus": "HOST_POSTS",
  "githubCode": 0,
  "lastSuccess": 0,
  "baseline": {
    "passed": true,
    "mean": 0.103504,
    "variance": 0.00064777,
    "min": 0.049963,
    "max": 0.145055
  },
  "hardware": {
    "passed": true,
    "dark": 0.116926,
    "light": 0.411766,
    "fifty": 0.265363
  }
}