{
  "timestamp": "2025-12-01T01:49:44Z",
  "timestamp_ms": 6584124,
  "cycle": 3,
  "phase": 0,
  "phase_name": "LED OFF",
  "ssid": "Girod-House-of-Big-Nuts",
  "ip": "192.168.1.91",
  "rssi": -67,
  "samples": 3524428,
  "runtime": 6584,
  "mean100": 0.114303,
  "var100": 0.00025703,
  "mean10": 0.103553,
  "var10": 0.00017498,
  "mean1": 0.132967,
  "githubStatus": "HOST_POSTS",
  "githubCode": 0,
  "lastSuccess": 0,
  "baseline": {
    "passed": true,
    "mean": 0.113133,
    "variance": 0.00024655,
    "min": 0.063663,
    "max": 0.138608
  },
  "hardware": {
    "passed": true,
    "dark": 0.123478,
    "light": 0.411774,
    "fifty": 0.268553
  }
}