{
  "timestamp": "2025-12-01T13:11:43Z",
  "timestamp_ms": 47503406,
  "cycle": 22,
  "phase": 2,
  "phase_name": "100 Hz",
  "ssid": "Girod-House-of-Big-Nuts",
  "ip": "192.168.1.91",
  "rssi": -63,
  "samples": 26629115,
  "runtime": 47503,
  "mean100": 0.113465,
  "var100": 0.00048681,
  "mean10": 0.118462,
  "var10": 0.00047394,
  "mean1": 0.081392,
  "githubStatus": "HOST_POSTS",
  "githubCode": 0,
  "lastSuccess": 0,
  "baseline": {
    "passed": true,
    "mean": 0.113539,
    "variance": 0.00048667,
    "min": 0.050769,
    "max": 0.147473
  },
  "hardware": {
    "passed": true,
    "dark": 0.125839,
    "light": 0.411774,
    "fifty": 0.268874
  }
}