{
  "timestamp": "2025-12-01T01:54:15Z",
  "timestamp_ms": 6855856,
  "cycle": 3,
  "phase": 1,
  "phase_name": "LED ON",
  "ssid": "Girod-House-of-Big-Nuts",
  "ip": "192.168.1.91",
  "rssi": -66,
  "samples": 3983840,
  "runtime": 6855,
  "mean100": 0.411747,
  "var100": 5e-08,
  "mean10": 0.411795,
  "var10": 0.0,
  "mean1": 0.411795,
  "githubStatus": "HOST_POSTS",
  "githubCode": 0,
  "lastSuccess": 0,
  "baseline": {
    "passed": true,
    "mean": 0.110103,
    "variance": 0.00056534,
    "min": 0.044322,
    "max": 0.147473
  },
  "hardware": {
    "passed": true,
    "dark": 0.123438,
    "light": 0.411703,
    "fifty": 0.268874
  }
}