{
  "timestamp": "2025-12-01T02:53:17Z",
  "timestamp_ms": 10397140,
  "cycle": 4,
  "phase": 6,
  "phase_name": "LIVE TRT",
  "ssid": "Girod-House-of-Big-Nuts",
  "ip": "192.168.1.91",
  "rssi": -66,
  "samples": 6047360,
  "runtime": 10397,
  "mean100": 0.411029,
  "var100": 8.9e-07,
  "mean10": 0.41107,
  "var10": 7.1e-07,
  "mean1": 0.410183,
  "githubStatus": "HOST_POSTS",
  "githubCode": 0,
  "lastSuccess": 0,
  "baseline": {
    "passed": true,
    "mean": 0.108919,
    "variance": 0.00056362,
    "min": 0.050769,
    "max": 0.145861
  },
  "hardware": {
    "passed": true,
    "dark": 0.122228,
    "light": 0.411262,
    "fifty": 0.268874
  }
}