{
  "timestamp": "2025-12-01T05:56:08Z",
  "timestamp_ms": 21368337,
  "cycle": 10,
  "phase": 0,
  "phase_name": "LED OFF",
  "ssid": "Girod-House-of-Big-Nuts",
  "ip": "192.168.1.91",
  "rssi": -64,
  "samples": 12374580,
  "runtime": 21368,
  "mean100": 0.10967,
  "var100": 0.00051595,
  "mean10": 0.125231,
  "var10": 0.0001816,
  "mean1": 0.102344,
  "githubStatus": "HOST_POSTS",
  "githubCode": 0,
  "lastSuccess": 0,
  "baseline": {
    "passed": true,
    "mean": 0.109338,
    "variance": 0.00052686,
    "min": 0.044322,
    "max": 0.145055
  },
  "hardware": {
    "passed": true,
    "dark": 0.122155,
    "light": 0.411163,
    "fifty": 0.268874
  }
}