{
  "timestamp": "2025-12-01T01:14:10Z",
  "timestamp_ms": 4450074,
  "cycle": 2,
  "phase": 0,
  "phase_name": "LED OFF",
  "ssid": "Girod-House-of-Big-Nuts",
  "ip": "192.168.1.91",
  "rssi": -66,
  "samples": 2327714,
  "runtime": 4450,
  "mean100": 0.112321,
  "var100": 0.00056854,
  "mean10": 0.096462,
  "var10": 0.00024756,
  "mean1": 0.121685,
  "githubStatus": "HOST_POSTS",
  "githubCode": 0,
  "lastSuccess": 0,
  "baseline": {
    "passed": true,
    "mean": 0.111402,
    "variance": 0.00059555,
    "min": 0.03707,
    "max": 0.147473
  },
  "hardware": {
    "passed": true,
    "dark": 0.124484,
    "light": 0.41179,
    "fifty": 0.268998
  }
}