{
  "timestamp": "2025-12-01T03:20:03Z",
  "timestamp_ms": 12003214,
  "cycle": 5,
  "phase": 4,
  "phase_name": "10 kHz",
  "ssid": "Girod-House-of-Big-Nuts",
  "ip": "192.168.1.91",
  "rssi": -63,
  "samples": 6036400,
  "runtime": 12003,
  "mean100": 0.105689,
  "var100": 0.0006885,
  "mean10": 0.105245,
  "var10": 0.00074542,
  "mean1": 0.063663,
  "githubStatus": "HOST_POSTS",
  "githubCode": 0,
  "lastSuccess": 0,
  "baseline": {
    "passed": true,
    "mean": 0.10578,
    "variance": 0.00067487,
    "min": 0.03707,
    "max": 0.145055
  },
  "hardware": {
    "passed": true,
    "dark": 0.119555,
    "light": 0.411523,
    "fifty": 0.265363
  }
}