{
  "timestamp": "2025-12-01T02:43:49Z",
  "timestamp_ms": 9829072,
  "cycle": 4,
  "phase": 4,
  "phase_name": "10 kHz",
  "ssid": "Girod-House-of-Big-Nuts",
  "ip": "192.168.1.91",
  "rssi": -62,
  "samples": 4879213,
  "runtime": 9829,
  "mean100": 0.104375,
  "var100": 0.00065485,
  "mean10": 0.11959,
  "var10": 0.00024823,
  "mean1": 0.088645,
  "githubStatus": "HOST_POSTS",
  "githubCode": 0,
  "lastSuccess": 0,
  "baseline": {
    "passed": true,
    "mean": 0.106339,
    "variance": 0.0006255,
    "min": 0.044322,
    "max": 0.143443
  },
  "hardware": {
    "passed": true,
    "dark": 0.119459,
    "light": 0.411527,
    "fifty": 0.265363
  }
}