{
  "timestamp": "2025-12-01T00:15:17Z",
  "timestamp_ms": 917979,
  "cycle": 0,
  "phase": 2,
  "phase_name": "100 Hz",
  "ssid": "Girod-House-of-Big-Nuts",
  "ip": "192.168.1.91",
  "rssi": -66,
  "samples": 496593,
  "runtime": 918,
  "mean100": 0.110886,
  "var100": 0.00063919,
  "mean10": 0.105648,
  "var10": 0.00059583,
  "mean1": 0.080586,
  "githubStatus": "HOST_POSTS",
  "githubCode": 0,
  "lastSuccess": 0,
  "baseline": {
    "passed": true,
    "mean": 0.112111,
    "variance": 0.00063517,
    "min": 0.050769,
    "max": 0.152308
  },
  "hardware": {
    "passed": true,
    "dark": 0.125424,
    "light": 0.411785,
    "fifty": 0.268998
  }
}