{
  "timestamp": "2025-12-01T12:46:05Z",
  "timestamp_ms": 45965913,
  "cycle": 21,
  "phase": 4,
  "phase_name": "10 kHz",
  "ssid": "Girod-House-of-Big-Nuts",
  "ip": "192.168.1.91",
  "rssi": -64,
  "samples": 25805373,
  "runtime": 45965,
  "mean100": 0.113409,
  "var100": 0.00047841,
  "mean10": 0.122168,
  "var10": 0.00041942,
  "mean1": 0.083004,
  "githubStatus": "HOST_POSTS",
  "githubCode": 0,
  "lastSuccess": 0,
  "baseline": {
    "passed": true,
    "mean": 0.113837,
    "variance": 0.00049387,
    "min": 0.067692,
    "max": 0.147473
  },
  "hardware": {
    "passed": true,
    "dark": 0.126505,
    "light": 0.411796,
    "fifty": 0.268874
  }
}