{
  "timestamp": "2025-12-01T01:44:45Z",
  "timestamp_ms": 6285721,
  "cycle": 2,
  "phase": 6,
  "phase_name": "LIVE TRT",
  "ssid": "Girod-House-of-Big-Nuts",
  "ip": "192.168.1.91",
  "rssi": -64,
  "samples": 3398866,
  "runtime": 6285,
  "mean100": 0.411755,
  "var100": 1.1e-07,
  "mean10": 0.411472,
  "var10": 9.4e-07,
  "mean1": 0.411795,
  "githubStatus": "HOST_POSTS",
  "githubCode": 0,
  "lastSuccess": 0,
  "baseline": {
    "passed": true,
    "mean": 0.113154,
    "variance": 0.00025591,
    "min": 0.062051,
    "max": 0.141026
  },
  "hardware": {
    "passed": true,
    "dark": 0.123574,
    "light": 0.411787,
    "fifty": 0.268553
  }
}