{
  "timestamp": "2025-12-01T00:03:36Z",
  "timestamp_ms": 216297,
  "cycle": 0,
  "phase": 0,
  "phase_name": "LED OFF",
  "ssid": "Girod-House-of-Big-Nuts",
  "ip": "192.168.1.91",
  "rssi": -63,
  "samples": 27708,
  "runtime": 216,
  "mean100": 0.098251,
  "var100": 0.00032652,
  "mean10": 0.094769,
  "var10": 0.00029187,
  "mean1": 0.091868,
  "githubStatus": "HOST_POSTS",
  "githubCode": 0,
  "lastSuccess": 0,
  "baseline": {
    "passed": true,
    "mean": 0.11341,
    "variance": 0.00014822,
    "min": 0.076557,
    "max": 0.14022
  },
  "hardware": {
    "passed": true,
    "dark": 0.123615,
    "light": 0.411162,
    "fifty": 0.267261
  }
}