{
  "timestamp": "2025-12-01T12:27:53Z",
  "timestamp_ms": 44873341,
  "cycle": 21,
  "phase": 0,
  "phase_name": "LED OFF",
  "ssid": "Girod-House-of-Big-Nuts",
  "ip": "192.168.1.91",
  "rssi": -64,
  "samples": 25178434,
  "runtime": 44873,
  "mean100": 0.115657,
  "var100": 0.00049575,
  "mean10": 0.125714,
  "var10": 0.00035302,
  "mean1": 0.1281,
  "githubStatus": "HOST_POSTS",
  "githubCode": 0,
  "lastSuccess": 0,
  "baseline": {
    "passed": true,
    "mean": 0.113837,
    "variance": 0.00049387,
    "min": 0.067692,
    "max": 0.147473
  },
  "hardware": {
    "passed": true,
    "dark": 0.126505,
    "light": 0.411796,
    "fifty": 0.268874
  }
}