{
  "timestamp": "2025-12-01T02:51:56Z",
  "timestamp_ms": 10316594,
  "cycle": 4,
  "phase": 5,
  "phase_name": "20 kHz",
  "ssid": "Girod-House-of-Big-Nuts",
  "ip": "192.168.1.91",
  "rssi": -66,
  "samples": 5633780,
  "runtime": 10316,
  "mean100": 0.406114,
  "var100": 1.55e-06,
  "mean10": 0.406315,
  "var10": 1.01e-06,
  "mean1": 0.406154,
  "githubStatus": "HOST_POSTS",
  "githubCode": 0,
  "lastSuccess": 0,
  "baseline": {
    "passed": true,
    "mean": 0.112703,
    "variance": 0.00024748,
    "min": 0.076557,
    "max": 0.141026
  },
  "hardware": {
    "passed": true,
    "dark": 0.123113,
    "light": 0.411775,
    "fifty": 0.268553
  }
}