{
  "timestamp": "2025-12-01T06:51:27Z",
  "timestamp_ms": 24687930,
  "cycle": 11,
  "phase": 4,
  "phase_name": "10 kHz",
  "ssid": "Girod-House-of-Big-Nuts",
  "ip": "192.168.1.91",
  "rssi": -63,
  "samples": 14297000,
  "runtime": 24687,
  "mean100": 0.110564,
  "var100": 0.0005147,
  "mean10": 0.105165,
  "var10": 0.00047813,
  "mean1": 0.083004,
  "githubStatus": "HOST_POSTS",
  "githubCode": 0,
  "lastSuccess": 0,
  "baseline": {
    "passed": true,
    "mean": 0.110769,
    "variance": 0.0005124,
    "min": 0.061245,
    "max": 0.147473
  },
  "hardware": {
    "passed": true,
    "dark": 0.123658,
    "light": 0.411655,
    "fifty": 0.268874
  }
}