{
  "timestamp": "2025-12-01T00:11:28Z",
  "timestamp_ms": 688314,
  "cycle": 0,
  "phase": 2,
  "phase_name": "100 Hz",
  "ssid": "Girod-House-of-Big-Nuts",
  "ip": "192.168.1.91",
  "rssi": -68,
  "samples": 445460,
  "runtime": 688,
  "mean100": 0.112732,
  "var100": 0.00059339,
  "mean10": 0.112256,
  "var10": 0.00079229,
  "mean1": 0.14022,
  "githubStatus": "HOST_POSTS",
  "githubCode": 0,
  "lastSuccess": 0,
  "baseline": {
    "passed": true,
    "mean": 0.112521,
    "variance": 0.00060704,
    "min": 0.063663,
    "max": 0.153114
  },
  "hardware": {
    "passed": true,
    "dark": 0.125568,
    "light": 0.411795,
    "fifty": 0.268874
  }
}