{
  "timestamp": "2025-12-01T11:25:28Z",
  "timestamp_ms": 41128868,
  "cycle": 19,
  "phase": 2,
  "phase_name": "100 Hz",
  "ssid": "Girod-House-of-Big-Nuts",
  "ip": "192.168.1.91",
  "rssi": -64,
  "samples": 23235148,
  "runtime": 41128,
  "mean100": 0.115085,
  "var100": 0.0005023,
  "mean10": 0.122249,
  "var10": 0.00048343,
  "mean1": 0.134579,
  "githubStatus": "HOST_POSTS",
  "githubCode": 0,
  "lastSuccess": 0,
  "baseline": {
    "passed": true,
    "mean": 0.11385,
    "variance": 0.00050896,
    "min": 0.037875,
    "max": 0.147473
  },
  "hardware": {
    "passed": true,
    "dark": 0.126431,
    "light": 0.411781,
    "fifty": 0.268874
  }
}