{
  "timestamp": "2025-12-01T02:16:39Z",
  "timestamp_ms": 8199138,
  "cycle": 3,
  "phase": 5,
  "phase_name": "20 kHz",
  "ssid": "Girod-House-of-Big-Nuts",
  "ip": "192.168.1.91",
  "rssi": -66,
  "samples": 4761940,
  "runtime": 8199,
  "mean100": 0.411521,
  "var100": 5.6e-07,
  "mean10": 0.411392,
  "var10": 2.9e-07,
  "mean1": 0.410989,
  "githubStatus": "HOST_POSTS",
  "githubCode": 0,
  "lastSuccess": 0,
  "baseline": {
    "passed": true,
    "mean": 0.110103,
    "variance": 0.00056534,
    "min": 0.044322,
    "max": 0.147473
  },
  "hardware": {
    "passed": true,
    "dark": 0.123438,
    "light": 0.411703,
    "fifty": 0.268874
  }
}