{
  "timestamp": "2025-12-01T03:37:39Z",
  "timestamp_ms": 13059342,
  "cycle": 6,
  "phase": 0,
  "phase_name": "LED OFF",
  "ssid": "Girod-House-of-Big-Nuts",
  "ip": "192.168.1.91",
  "rssi": -65,
  "samples": 7606042,
  "runtime": 13059,
  "mean100": 0.107413,
  "var100": 0.00059344,
  "mean10": 0.098315,
  "var10": 0.00050342,
  "mean1": 0.084615,
  "githubStatus": "HOST_POSTS",
  "githubCode": 0,
  "lastSuccess": 0,
  "baseline": {
    "passed": true,
    "mean": 0.107338,
    "variance": 0.0005845,
    "min": 0.047546,
    "max": 0.142637
  },
  "hardware": {
    "passed": true,
    "dark": 0.120569,
    "light": 0.41016,
    "fifty": 0.268874
  }
}