{
  "timestamp": "2025-12-01T06:53:41Z",
  "timestamp_ms": 24821248,
  "cycle": 11,
  "phase": 4,
  "phase_name": "10 kHz",
  "ssid": "Girod-House-of-Big-Nuts",
  "ip": "192.168.1.91",
  "rssi": -64,
  "samples": 14375962,
  "runtime": 24821,
  "mean100": 0.113417,
  "var100": 0.0005161,
  "mean10": 0.113304,
  "var10": 0.00065879,
  "mean1": 0.137802,
  "githubStatus": "HOST_POSTS",
  "githubCode": 0,
  "lastSuccess": 0,
  "baseline": {
    "passed": true,
    "mean": 0.110769,
    "variance": 0.0005124,
    "min": 0.061245,
    "max": 0.147473
  },
  "hardware": {
    "passed": true,
    "dark": 0.123658,
    "light": 0.411655,
    "fifty": 0.268874
  }
}