{
  "timestamp": "2025-12-01T00:14:46Z",
  "timestamp_ms": 886793,
  "cycle": 0,
  "phase": 2,
  "phase_name": "100 Hz",
  "ssid": "Girod-House-of-Big-Nuts",
  "ip": "192.168.1.91",
  "rssi": -66,
  "samples": 511288,
  "runtime": 886,
  "mean100": 0.116955,
  "var100": 0.00022841,
  "mean10": 0.116608,
  "var10": 0.00024886,
  "mean1": 0.134579,
  "githubStatus": "HOST_POSTS",
  "githubCode": 0,
  "lastSuccess": 0,
  "baseline": {
    "passed": true,
    "mean": 0.115096,
    "variance": 0.0004129,
    "min": 0.076557,
    "max": 0.150696
  },
  "hardware": {
    "passed": true,
    "dark": 0.126642,
    "light": 0.411794,
    "fifty": 0.268553
  }
}