{
  "timestamp": "2025-12-01T07:52:27Z",
  "timestamp_ms": 28347329,
  "cycle": 13,
  "phase": 2,
  "phase_name": "100 Hz",
  "ssid": "Girod-House-of-Big-Nuts",
  "ip": "192.168.1.91",
  "rssi": -64,
  "samples": 16419474,
  "runtime": 28347,
  "mean100": 0.114118,
  "var100": 0.00050208,
  "mean10": 0.116608,
  "var10": 0.00060941,
  "mean1": 0.137802,
  "githubStatus": "HOST_POSTS",
  "githubCode": 0,
  "lastSuccess": 0,
  "baseline": {
    "passed": true,
    "mean": 0.112683,
    "variance": 0.00048936,
    "min": 0.050769,
    "max": 0.151502
  },
  "hardware": {
    "passed": true,
    "dark": 0.125332,
    "light": 0.41176,
    "fifty": 0.268874
  }
}