{
  "timestamp": "2025-12-01T04:37:34Z",
  "timestamp_ms": 16654927,
  "cycle": 7,
  "phase": 5,
  "phase_name": "20 kHz",
  "ssid": "Girod-House-of-Big-Nuts",
  "ip": "192.168.1.91",
  "rssi": -65,
  "samples": 9698000,
  "runtime": 16654,
  "mean100": 0.409297,
  "var100": 1.86e-06,
  "mean10": 0.408974,
  "var10": 2.9e-07,
  "mean1": 0.408571,
  "githubStatus": "HOST_POSTS",
  "githubCode": 0,
  "lastSuccess": 0,
  "baseline": {
    "passed": true,
    "mean": 0.106752,
    "variance": 0.00058906,
    "min": 0.050769,
    "max": 0.144249
  },
  "hardware": {
    "passed": true,
    "dark": 0.119801,
    "light": 0.409588,
    "fifty": 0.268874
  }
}