{
  "timestamp": "2025-12-01T00:37:53Z",
  "timestamp_ms": 2273901,
  "cycle": 1,
  "phase": 0,
  "phase_name": "LED OFF",
  "ssid": "Girod-House-of-Big-Nuts",
  "ip": "192.168.1.91",
  "rssi": -61,
  "samples": 1240649,
  "runtime": 2273,
  "mean100": 0.113457,
  "var100": 0.00024175,
  "mean10": 0.111692,
  "var10": 0.00029148,
  "mean1": 0.089451,
  "githubStatus": "HOST_POSTS",
  "githubCode": 0,
  "lastSuccess": 0,
  "baseline": {
    "passed": true,
    "mean": 0.113757,
    "variance": 0.00021983,
    "min": 0.069304,
    "max": 0.138608
  },
  "hardware": {
    "passed": true,
    "dark": 0.123837,
    "light": 0.411794,
    "fifty": 0.268553
  }
}