{
  "timestamp": "2025-12-01T01:59:42Z",
  "timestamp_ms": 7182644,
  "cycle": 3,
  "phase": 2,
  "phase_name": "100 Hz",
  "ssid": "Girod-House-of-Big-Nuts",
  "ip": "192.168.1.91",
  "rssi": -65,
  "samples": 3881665,
  "runtime": 7182,
  "mean100": 0.113562,
  "var100": 0.00025418,
  "mean10": 0.121443,
  "var10": 0.00022016,
  "mean1": 0.095092,
  "githubStatus": "HOST_POSTS",
  "githubCode": 0,
  "lastSuccess": 0,
  "baseline": {
    "passed": true,
    "mean": 0.113133,
    "variance": 0.00024655,
    "min": 0.063663,
    "max": 0.138608
  },
  "hardware": {
    "passed": true,
    "dark": 0.123478,
    "light": 0.411774,
    "fifty": 0.268553
  }
}