{
  "timestamp": "2025-12-01T05:59:59Z",
  "timestamp_ms": 21599649,
  "cycle": 10,
  "phase": 0,
  "phase_name": "LED OFF",
  "ssid": "Girod-House-of-Big-Nuts",
  "ip": "192.168.1.91",
  "rssi": -64,
  "samples": 12550726,
  "runtime": 21599,
  "mean100": 0.109944,
  "var100": 0.00052436,
  "mean10": 0.0963,
  "var10": 0.00028499,
  "mean1": 0.102344,
  "githubStatus": "HOST_POSTS",
  "githubCode": 0,
  "lastSuccess": 0,
  "baseline": {
    "passed": true,
    "mean": 0.109338,
    "variance": 0.00052686,
    "min": 0.044322,
    "max": 0.145055
  },
  "hardware": {
    "passed": true,
    "dark": 0.122155,
    "light": 0.411163,
    "fifty": 0.268874
  }
}