{
  "timestamp": "2025-12-01T03:17:35Z",
  "timestamp_ms": 11855094,
  "cycle": 5,
  "phase": 3,
  "phase_name": "1 kHz",
  "ssid": "Girod-House-of-Big-Nuts",
  "ip": "192.168.1.91",
  "rssi": -66,
  "samples": 6945879,
  "runtime": 11855,
  "mean100": 0.410731,
  "var100": 1.27e-06,
  "mean10": 0.410505,
  "var10": 1.19e-06,
  "mean1": 0.411795,
  "githubStatus": "HOST_POSTS",
  "githubCode": 0,
  "lastSuccess": 0,
  "baseline": {
    "passed": true,
    "mean": 0.108117,
    "variance": 0.00057068,
    "min": 0.057216,
    "max": 0.147473
  },
  "hardware": {
    "passed": true,
    "dark": 0.121533,
    "light": 0.410831,
    "fifty": 0.268874
  }
}