{
  "timestamp": "2025-12-01T00:22:25Z",
  "timestamp_ms": 1345720,
  "cycle": 0,
  "phase": 4,
  "phase_name": "10 kHz",
  "ssid": "Girod-House-of-Big-Nuts",
  "ip": "192.168.1.91",
  "rssi": -59,
  "samples": 632949,
  "runtime": 1345,
  "mean100": 0.107059,
  "var100": 0.00044206,
  "mean10": 0.095333,
  "var10": 0.00028185,
  "mean1": 0.102344,
  "githubStatus": "HOST_POSTS",
  "githubCode": 0,
  "lastSuccess": 0,
  "baseline": {
    "passed": true,
    "mean": 0.10945,
    "variance": 0.00045767,
    "min": 0.041905,
    "max": 0.141026
  },
  "hardware": {
    "passed": true,
    "dark": 0.120419,
    "light": 0.411765,
    "fifty": 0.265363
  }
}