{
  "timestamp": "2025-12-01T03:41:30Z",
  "timestamp_ms": 13290736,
  "cycle": 6,
  "phase": 1,
  "phase_name": "LED ON",
  "ssid": "Girod-House-of-Big-Nuts",
  "ip": "192.168.1.91",
  "rssi": -65,
  "samples": 7759118,
  "runtime": 13290,
  "mean100": 0.410111,
  "var100": 1.46e-06,
  "mean10": 0.409941,
  "var10": 1.05e-06,
  "mean1": 0.410183,
  "githubStatus": "HOST_POSTS",
  "githubCode": 0,
  "lastSuccess": 0,
  "baseline": {
    "passed": true,
    "mean": 0.107338,
    "variance": 0.0005845,
    "min": 0.047546,
    "max": 0.142637
  },
  "hardware": {
    "passed": true,
    "dark": 0.120569,
    "light": 0.41016,
    "fifty": 0.268874
  }
}