{
  "timestamp": "2025-12-01T01:49:08Z",
  "timestamp_ms": 6548548,
  "cycle": 3,
  "phase": 0,
  "phase_name": "LED OFF",
  "ssid": "Girod-House-of-Big-Nuts",
  "ip": "192.168.1.91",
  "rssi": -65,
  "samples": 3089165,
  "runtime": 6548,
  "mean100": 0.102917,
  "var100": 0.00062492,
  "mean10": 0.092916,
  "var10": 0.00050382,
  "mean1": 0.083004,
  "githubStatus": "HOST_POSTS",
  "githubCode": 0,
  "lastSuccess": 0,
  "baseline": {
    "passed": true,
    "mean": 0.104212,
    "variance": 0.00057401,
    "min": 0.043516,
    "max": 0.144249
  },
  "hardware": {
    "passed": true,
    "dark": 0.117476,
    "light": 0.410155,
    "fifty": 0.265363
  }
}