{
  "timestamp": "2025-12-01T05:29:37Z",
  "timestamp_ms": 19777043,
  "cycle": 9,
  "phase": 1,
  "phase_name": "LED ON",
  "ssid": "Girod-House-of-Big-Nuts",
  "ip": "192.168.1.91",
  "rssi": -64,
  "samples": 11512984,
  "runtime": 19777,
  "mean100": 0.410417,
  "var100": 1.77e-06,
  "mean10": 0.409861,
  "var10": 2.23e-06,
  "mean1": 0.40696,
  "githubStatus": "HOST_POSTS",
  "githubCode": 0,
  "lastSuccess": 0,
  "baseline": {
    "passed": true,
    "mean": 0.107043,
    "variance": 0.00053188,
    "min": 0.050769,
    "max": 0.146667
  },
  "hardware": {
    "passed": true,
    "dark": 0.120149,
    "light": 0.409365,
    "fifty": 0.268874
  }
}