{
  "timestamp": "2025-12-01T02:44:58Z",
  "timestamp_ms": 9898458,
  "cycle": 4,
  "phase": 4,
  "phase_name": "10 kHz",
  "ssid": "Girod-House-of-Big-Nuts",
  "ip": "192.168.1.91",
  "rssi": -63,
  "samples": 4916034,
  "runtime": 9898,
  "mean100": 0.104601,
  "var100": 0.00068753,
  "mean10": 0.090337,
  "var10": 0.00040633,
  "mean1": 0.09348,
  "githubStatus": "HOST_POSTS",
  "githubCode": 0,
  "lastSuccess": 0,
  "baseline": {
    "passed": true,
    "mean": 0.106339,
    "variance": 0.0006255,
    "min": 0.044322,
    "max": 0.143443
  },
  "hardware": {
    "passed": true,
    "dark": 0.119459,
    "light": 0.411527,
    "fifty": 0.265363
  }
}