{
  "timestamp": "2025-12-01T02:16:02Z",
  "timestamp_ms": 8162150,
  "cycle": 3,
  "phase": 5,
  "phase_name": "20 kHz",
  "ssid": "Girod-House-of-Big-Nuts",
  "ip": "192.168.1.91",
  "rssi": -66,
  "samples": 4742990,
  "runtime": 8162,
  "mean100": 0.411424,
  "var100": 9e-07,
  "mean10": 0.411231,
  "var10": 1.31e-06,
  "mean1": 0.408571,
  "githubStatus": "HOST_POSTS",
  "githubCode": 0,
  "lastSuccess": 0,
  "baseline": {
    "passed": true,
    "mean": 0.110103,
    "variance": 0.00056534,
    "min": 0.044322,
    "max": 0.147473
  },
  "hardware": {
    "passed": true,
    "dark": 0.123438,
    "light": 0.411703,
    "fifty": 0.268874
  }
}