{
  "timestamp": "2025-12-01T07:20:18Z",
  "timestamp_ms": 26418900,
  "cycle": 12,
  "phase": 2,
  "phase_name": "100 Hz",
  "ssid": "Girod-House-of-Big-Nuts",
  "ip": "192.168.1.91",
  "rssi": -64,
  "samples": 15310521,
  "runtime": 26418,
  "mean100": 0.112563,
  "var100": 0.00049385,
  "mean10": 0.099201,
  "var10": 0.00026463,
  "mean1": 0.115238,
  "githubStatus": "HOST_POSTS",
  "githubCode": 0,
  "lastSuccess": 0,
  "baseline": {
    "passed": true,
    "mean": 0.111852,
    "variance": 0.00049819,
    "min": 0.07011,
    "max": 0.148278
  },
  "hardware": {
    "passed": true,
    "dark": 0.12465,
    "light": 0.411727,
    "fifty": 0.268874
  }
}