{
  "timestamp": "2025-12-01T00:03:56Z",
  "timestamp_ms": 236468,
  "cycle": 0,
  "phase": 0,
  "phase_name": "LED OFF",
  "ssid": "Girod-House-of-Big-Nuts",
  "ip": "192.168.1.91",
  "rssi": -67,
  "samples": 144389,
  "runtime": 236,
  "mean100": 0.111233,
  "var100": 0.00063026,
  "mean10": 0.098637,
  "var10": 0.00040954,
  "mean1": 0.095897,
  "githubStatus": "HOST_POSTS",
  "githubCode": 0,
  "lastSuccess": 0,
  "baseline": {
    "passed": true,
    "mean": 0.112111,
    "variance": 0.00063517,
    "min": 0.050769,
    "max": 0.152308
  },
  "hardware": {
    "passed": true,
    "dark": 0.125424,
    "light": 0.411785,
    "fifty": 0.268998
  }
}