{
  "timestamp": "2025-12-01T02:45:41Z",
  "timestamp_ms": 9941764,
  "cycle": 4,
  "phase": 4,
  "phase_name": "10 kHz",
  "ssid": "Girod-House-of-Big-Nuts",
  "ip": "192.168.1.91",
  "rssi": -67,
  "samples": 5452426,
  "runtime": 9941,
  "mean100": 0.112748,
  "var100": 0.00025582,
  "mean10": 0.103634,
  "var10": 0.0001555,
  "mean1": 0.127326,
  "githubStatus": "HOST_POSTS",
  "githubCode": 0,
  "lastSuccess": 0,
  "baseline": {
    "passed": true,
    "mean": 0.112703,
    "variance": 0.00024748,
    "min": 0.076557,
    "max": 0.141026
  },
  "hardware": {
    "passed": true,
    "dark": 0.123113,
    "light": 0.411775,
    "fifty": 0.268553
  }
}