{
  "timestamp": "2025-12-01T06:39:50Z",
  "timestamp_ms": 23990682,
  "cycle": 11,
  "phase": 1,
  "phase_name": "LED ON",
  "ssid": "Girod-House-of-Big-Nuts",
  "ip": "192.168.1.91",
  "rssi": -63,
  "samples": 13892500,
  "runtime": 23990,
  "mean100": 0.411634,
  "var100": 6.4e-07,
  "mean10": 0.41107,
  "var10": 4.73e-06,
  "mean1": 0.411795,
  "githubStatus": "HOST_POSTS",
  "githubCode": 0,
  "lastSuccess": 0,
  "baseline": {
    "passed": true,
    "mean": 0.110769,
    "variance": 0.0005124,
    "min": 0.061245,
    "max": 0.147473
  },
  "hardware": {
    "passed": true,
    "dark": 0.123658,
    "light": 0.411655,
    "fifty": 0.268874
  }
}