{
  "timestamp": "2025-12-01T01:05:34Z",
  "timestamp_ms": 3934264,
  "cycle": 1,
  "phase": 5,
  "phase_name": "20 kHz",
  "ssid": "Girod-House-of-Big-Nuts",
  "ip": "192.168.1.91",
  "rssi": -66,
  "samples": 2321814,
  "runtime": 3934,
  "mean100": 0.411763,
  "var100": 6e-08,
  "mean10": 0.411795,
  "var10": 0.0,
  "mean1": 0.411795,
  "githubStatus": "HOST_POSTS",
  "githubCode": 0,
  "lastSuccess": 0,
  "baseline": {
    "passed": true,
    "mean": 0.111493,
    "variance": 0.00059052,
    "min": 0.050769,
    "max": 0.147473
  },
  "hardware": {
    "passed": true,
    "dark": 0.124845,
    "light": 0.411786,
    "fifty": 0.268874
  }
}