{
  "timestamp": "2025-12-01T04:42:33Z",
  "timestamp_ms": 16953111,
  "cycle": 7,
  "phase": 6,
  "phase_name": "LIVE TRT",
  "ssid": "Girod-House-of-Big-Nuts",
  "ip": "192.168.1.91",
  "rssi": -66,
  "samples": 9843784,
  "runtime": 16953,
  "mean100": 0.409152,
  "var100": 2.05e-06,
  "mean10": 0.408491,
  "var10": 8.4e-07,
  "mean1": 0.408571,
  "githubStatus": "HOST_POSTS",
  "githubCode": 0,
  "lastSuccess": 0,
  "baseline": {
    "passed": true,
    "mean": 0.106752,
    "variance": 0.00058906,
    "min": 0.050769,
    "max": 0.144249
  },
  "hardware": {
    "passed": true,
    "dark": 0.119801,
    "light": 0.409588,
    "fifty": 0.268874
  }
}