{
  "timestamp": "2025-12-01T12:49:42Z",
  "timestamp_ms": 46182859,
  "cycle": 21,
  "phase": 4,
  "phase_name": "10 kHz",
  "ssid": "Girod-House-of-Big-Nuts",
  "ip": "192.168.1.91",
  "rssi": -64,
  "samples": 25911203,
  "runtime": 46182,
  "mean100": 0.115198,
  "var100": 0.00046557,
  "mean10": 0.103311,
  "var10": 0.00034637,
  "mean1": 0.138608,
  "githubStatus": "HOST_POSTS",
  "githubCode": 0,
  "lastSuccess": 0,
  "baseline": {
    "passed": true,
    "mean": 0.113837,
    "variance": 0.00049387,
    "min": 0.067692,
    "max": 0.147473
  },
  "hardware": {
    "passed": true,
    "dark": 0.126505,
    "light": 0.411796,
    "fifty": 0.268874
  }
}