{
  "timestamp": "2025-12-01T10:40:21Z",
  "timestamp_ms": 38421730,
  "cycle": 18,
  "phase": 0,
  "phase_name": "LED OFF",
  "ssid": "Girod-House-of-Big-Nuts",
  "ip": "192.168.1.91",
  "rssi": -64,
  "samples": 21612187,
  "runtime": 38421,
  "mean100": 0.112555,
  "var100": 0.00049694,
  "mean10": 0.10033,
  "var10": 0.00036734,
  "mean1": 0.134579,
  "githubStatus": "HOST_POSTS",
  "githubCode": 0,
  "lastSuccess": 0,
  "baseline": {
    "passed": true,
    "mean": 0.111408,
    "variance": 0.00050068,
    "min": 0.050769,
    "max": 0.146667
  },
  "hardware": {
    "passed": true,
    "dark": 0.123962,
    "light": 0.411673,
    "fifty": 0.268874
  }
}