{
  "timestamp": "2025-12-01T05:56:42Z",
  "timestamp_ms": 21402774,
  "cycle": 10,
  "phase": 0,
  "phase_name": "LED OFF",
  "ssid": "Girod-House-of-Big-Nuts",
  "ip": "192.168.1.91",
  "rssi": -64,
  "samples": 12399664,
  "runtime": 21402,
  "mean100": 0.110999,
  "var100": 0.00053915,
  "mean10": 0.117092,
  "var10": 0.00054421,
  "mean1": 0.133773,
  "githubStatus": "HOST_POSTS",
  "githubCode": 0,
  "lastSuccess": 0,
  "baseline": {
    "passed": true,
    "mean": 0.109338,
    "variance": 0.00052686,
    "min": 0.044322,
    "max": 0.145055
  },
  "hardware": {
    "passed": true,
    "dark": 0.122155,
    "light": 0.411163,
    "fifty": 0.268874
  }
}