{
  "timestamp": "2025-12-01T05:00:20Z",
  "timestamp_ms": 18020897,
  "cycle": 8,
  "phase": 3,
  "phase_name": "1 kHz",
  "ssid": "Girod-House-of-Big-Nuts",
  "ip": "192.168.1.91",
  "rssi": -66,
  "samples": 10511623,
  "runtime": 18020,
  "mean100": 0.409692,
  "var100": 2.12e-06,
  "mean10": 0.410264,
  "var10": 3.18e-06,
  "mean1": 0.411795,
  "githubStatus": "HOST_POSTS",
  "githubCode": 0,
  "lastSuccess": 0,
  "baseline": {
    "passed": true,
    "mean": 0.106293,
    "variance": 0.00059681,
    "min": 0.06044,
    "max": 0.144249
  },
  "hardware": {
    "passed": true,
    "dark": 0.119522,
    "light": 0.409302,
    "fifty": 0.268874
  }
}