{
  "timestamp": "2025-12-01T02:46:45Z",
  "timestamp_ms": 10005790,
  "cycle": 4,
  "phase": 4,
  "phase_name": "10 kHz",
  "ssid": "Girod-House-of-Big-Nuts",
  "ip": "192.168.1.91",
  "rssi": -67,
  "samples": 5490761,
  "runtime": 10005,
  "mean100": 0.114094,
  "var100": 0.00024567,
  "mean10": 0.124828,
  "var10": 9.825e-05,
  "mean1": 0.120879,
  "githubStatus": "HOST_POSTS",
  "githubCode": 0,
  "lastSuccess": 0,
  "baseline": {
    "passed": true,
    "mean": 0.112703,
    "variance": 0.00024748,
    "min": 0.076557,
    "max": 0.141026
  },
  "hardware": {
    "passed": true,
    "dark": 0.123113,
    "light": 0.411775,
    "fifty": 0.268553
  }
}