{
  "timestamp": "2025-12-01T11:51:34Z",
  "timestamp_ms": 42694831,
  "cycle": 20,
  "phase": 0,
  "phase_name": "LED OFF",
  "ssid": "Girod-House-of-Big-Nuts",
  "ip": "192.168.1.91",
  "rssi": -64,
  "samples": 24052188,
  "runtime": 42694,
  "mean100": 0.113723,
  "var100": 0.00050775,
  "mean10": 0.112337,
  "var10": 0.00049774,
  "mean1": 0.083004,
  "githubStatus": "HOST_POSTS",
  "githubCode": 0,
  "lastSuccess": 0,
  "baseline": {
    "passed": true,
    "mean": 0.114233,
    "variance": 0.00050237,
    "min": 0.043516,
    "max": 0.147473
  },
  "hardware": {
    "passed": true,
    "dark": 0.126832,
    "light": 0.411792,
    "fifty": 0.268874
  }
}