{
  "timestamp": "2025-12-01T02:23:43Z",
  "timestamp_ms": 8623011,
  "cycle": 4,
  "phase": 0,
  "phase_name": "LED OFF",
  "ssid": "Girod-House-of-Big-Nuts",
  "ip": "192.168.1.91",
  "rssi": -63,
  "samples": 4123487,
  "runtime": 8623,
  "mean100": 0.106623,
  "var100": 0.00062816,
  "mean10": 0.091385,
  "var10": 0.00038708,
  "mean1": 0.125714,
  "githubStatus": "HOST_POSTS",
  "githubCode": 0,
  "lastSuccess": 0,
  "baseline": {
    "passed": true,
    "mean": 0.106339,
    "variance": 0.0006255,
    "min": 0.044322,
    "max": 0.143443
  },
  "hardware": {
    "passed": true,
    "dark": 0.119459,
    "light": 0.411527,
    "fifty": 0.265363
  }
}