{
  "timestamp": "2025-12-01T00:03:22Z",
  "timestamp_ms": 202128,
  "cycle": 0,
  "phase": 0,
  "phase_name": "LED OFF",
  "ssid": "Girod-House-of-Big-Nuts",
  "ip": "192.168.1.91",
  "rssi": -61,
  "samples": 23988,
  "runtime": 202,
  "mean100": 0.099298,
  "var100": 0.00028571,
  "mean10": 0.09767,
  "var10": 0.00025623,
  "mean1": 0.102344,
  "githubStatus": "HOST_POSTS",
  "githubCode": 0,
  "lastSuccess": 0,
  "baseline": {
    "passed": true,
    "mean": 0.114252,
    "variance": 0.00016549,
    "min": 0.07011,
    "max": 0.138608
  },
  "hardware": {
    "passed": true,
    "dark": 0.124551,
    "light": 0.411211,
    "fifty": 0.267526
  }
}