{
  "timestamp": "2025-12-01T02:10:25Z",
  "timestamp_ms": 7825196,
  "cycle": 3,
  "phase": 4,
  "phase_name": "10 kHz",
  "ssid": "Girod-House-of-Big-Nuts",
  "ip": "192.168.1.91",
  "rssi": -65,
  "samples": 4569290,
  "runtime": 7825,
  "mean100": 0.109194,
  "var100": 0.00056812,
  "mean10": 0.111531,
  "var10": 0.00058008,
  "mean1": 0.074139,
  "githubStatus": "HOST_POSTS",
  "githubCode": 0,
  "lastSuccess": 0,
  "baseline": {
    "passed": true,
    "mean": 0.110103,
    "variance": 0.00056534,
    "min": 0.044322,
    "max": 0.147473
  },
  "hardware": {
    "passed": true,
    "dark": 0.123438,
    "light": 0.411703,
    "fifty": 0.268874
  }
}