{
  "timestamp": "2025-12-01T00:23:04Z",
  "timestamp_ms": 1384958,
  "cycle": 0,
  "phase": 4,
  "phase_name": "10 kHz",
  "ssid": "Girod-House-of-Big-Nuts",
  "ip": "192.168.1.91",
  "rssi": -66,
  "samples": 752877,
  "runtime": 1384,
  "mean100": 0.112949,
  "var100": 0.00062037,
  "mean10": 0.109839,
  "var10": 0.00077774,
  "mean1": 0.144249,
  "githubStatus": "HOST_POSTS",
  "githubCode": 0,
  "lastSuccess": 0,
  "baseline": {
    "passed": true,
    "mean": 0.112111,
    "variance": 0.00063517,
    "min": 0.050769,
    "max": 0.152308
  },
  "hardware": {
    "passed": true,
    "dark": 0.125424,
    "light": 0.411785,
    "fifty": 0.268998
  }
}