{
  "timestamp": "2025-12-01T11:17:40Z",
  "timestamp_ms": 40660873,
  "cycle": 19,
  "phase": 0,
  "phase_name": "LED OFF",
  "ssid": "Girod-House-of-Big-Nuts",
  "ip": "192.168.1.91",
  "rssi": -64,
  "samples": 22931754,
  "runtime": 40660,
  "mean100": 0.113973,
  "var100": 0.00052259,
  "mean10": 0.110403,
  "var10": 0.00053615,
  "mean1": 0.085421,
  "githubStatus": "HOST_POSTS",
  "githubCode": 0,
  "lastSuccess": 0,
  "baseline": {
    "passed": true,
    "mean": 0.11385,
    "variance": 0.00050896,
    "min": 0.037875,
    "max": 0.147473
  },
  "hardware": {
    "passed": true,
    "dark": 0.126431,
    "light": 0.411781,
    "fifty": 0.268874
  }
}