{
  "timestamp": "2025-12-01T02:07:34Z",
  "timestamp_ms": 7654224,
  "cycle": 3,
  "phase": 4,
  "phase_name": "10 kHz",
  "ssid": "Girod-House-of-Big-Nuts",
  "ip": "192.168.1.91",
  "rssi": -68,
  "samples": 4145550,
  "runtime": 7654,
  "mean100": 0.11336,
  "var100": 0.00023741,
  "mean10": 0.123458,
  "var10": 7.972e-05,
  "mean1": 0.102344,
  "githubStatus": "HOST_POSTS",
  "githubCode": 0,
  "lastSuccess": 0,
  "baseline": {
    "passed": true,
    "mean": 0.113133,
    "variance": 0.00024655,
    "min": 0.063663,
    "max": 0.138608
  },
  "hardware": {
    "passed": true,
    "dark": 0.123478,
    "light": 0.411774,
    "fifty": 0.268553
  }
}