{
  "timestamp": "2025-12-01T11:37:25Z",
  "timestamp_ms": 41845494,
  "cycle": 19,
  "phase": 4,
  "phase_name": "10 kHz",
  "ssid": "Girod-House-of-Big-Nuts",
  "ip": "192.168.1.91",
  "rssi": -64,
  "samples": 23636031,
  "runtime": 41845,
  "mean100": 0.114174,
  "var100": 0.00049503,
  "mean10": 0.103231,
  "var10": 0.00031359,
  "mean1": 0.097509,
  "githubStatus": "HOST_POSTS",
  "githubCode": 0,
  "lastSuccess": 0,
  "baseline": {
    "passed": true,
    "mean": 0.11385,
    "variance": 0.00050896,
    "min": 0.037875,
    "max": 0.147473
  },
  "hardware": {
    "passed": true,
    "dark": 0.126431,
    "light": 0.411781,
    "fifty": 0.268874
  }
}