{
  "timestamp": "2025-12-01T01:22:51Z",
  "timestamp_ms": 4971365,
  "cycle": 2,
  "phase": 2,
  "phase_name": "100 Hz",
  "ssid": "Girod-House-of-Big-Nuts",
  "ip": "192.168.1.91",
  "rssi": -67,
  "samples": 2728433,
  "runtime": 4971,
  "mean100": 0.113409,
  "var100": 0.00024088,
  "mean10": 0.103392,
  "var10": 0.00011846,
  "mean1": 0.11685,
  "githubStatus": "HOST_POSTS",
  "githubCode": 0,
  "lastSuccess": 0,
  "baseline": {
    "passed": true,
    "mean": 0.113154,
    "variance": 0.00025591,
    "min": 0.062051,
    "max": 0.141026
  },
  "hardware": {
    "passed": true,
    "dark": 0.123574,
    "light": 0.411787,
    "fifty": 0.268553
  }
}