{
  "timestamp": "2025-12-01T03:08:13Z",
  "timestamp_ms": 11293118,
  "cycle": 5,
  "phase": 2,
  "phase_name": "100 Hz",
  "ssid": "Girod-House-of-Big-Nuts",
  "ip": "192.168.1.91",
  "rssi": -65,
  "samples": 6592115,
  "runtime": 11293,
  "mean100": 0.107542,
  "var100": 0.00057185,
  "mean10": 0.121121,
  "var10": 0.00030471,
  "mean1": 0.087033,
  "githubStatus": "HOST_POSTS",
  "githubCode": 0,
  "lastSuccess": 0,
  "baseline": {
    "passed": true,
    "mean": 0.108117,
    "variance": 0.00057068,
    "min": 0.057216,
    "max": 0.147473
  },
  "hardware": {
    "passed": true,
    "dark": 0.121533,
    "light": 0.410831,
    "fifty": 0.268874
  }
}