{
  "timestamp": "2025-12-01T01:59:14Z",
  "timestamp_ms": 7154287,
  "cycle": 3,
  "phase": 2,
  "phase_name": "100 Hz",
  "ssid": "Girod-House-of-Big-Nuts",
  "ip": "192.168.1.91",
  "rssi": -65,
  "samples": 4178194,
  "runtime": 7154,
  "mean100": 0.109106,
  "var100": 0.00058095,
  "mean10": 0.099121,
  "var10": 0.00043861,
  "mean1": 0.087839,
  "githubStatus": "HOST_POSTS",
  "githubCode": 0,
  "lastSuccess": 0,
  "baseline": {
    "passed": true,
    "mean": 0.110103,
    "variance": 0.00056534,
    "min": 0.044322,
    "max": 0.147473
  },
  "hardware": {
    "passed": true,
    "dark": 0.123438,
    "light": 0.411703,
    "fifty": 0.268874
  }
}