{
  "timestamp": "2025-12-01T09:14:47Z",
  "timestamp_ms": 33287194,
  "cycle": 15,
  "phase": 4,
  "phase_name": "10 kHz",
  "ssid": "Girod-House-of-Big-Nuts",
  "ip": "192.168.1.91",
  "rssi": -64,
  "samples": 18951882,
  "runtime": 33287,
  "mean100": 0.113844,
  "var100": 0.00051201,
  "mean10": 0.126278,
  "var10": 0.00031978,
  "mean1": 0.128132,
  "githubStatus": "HOST_POSTS",
  "githubCode": 0,
  "lastSuccess": 0,
  "baseline": {
    "passed": true,
    "mean": 0.112572,
    "variance": 0.00048191,
    "min": 0.063663,
    "max": 0.147473
  },
  "hardware": {
    "passed": true,
    "dark": 0.125152,
    "light": 0.411768,
    "fifty": 0.268874
  }
}