{
  "timestamp": "2025-12-01T05:57:48Z",
  "timestamp_ms": 21468341,
  "cycle": 10,
  "phase": 0,
  "phase_name": "LED OFF",
  "ssid": "Girod-House-of-Big-Nuts",
  "ip": "192.168.1.91",
  "rssi": -64,
  "samples": 12450502,
  "runtime": 21468,
  "mean100": 0.111241,
  "var100": 0.00054065,
  "mean10": 0.10589,
  "var10": 0.00066736,
  "mean1": 0.141026,
  "githubStatus": "HOST_POSTS",
  "githubCode": 0,
  "lastSuccess": 0,
  "baseline": {
    "passed": true,
    "mean": 0.109338,
    "variance": 0.00052686,
    "min": 0.044322,
    "max": 0.145055
  },
  "hardware": {
    "passed": true,
    "dark": 0.122155,
    "light": 0.411163,
    "fifty": 0.268874
  }
}