{
  "timestamp": "2025-12-01T02:22:37Z",
  "timestamp_ms": 8557108,
  "cycle": 3,
  "phase": 6,
  "phase_name": "LIVE TRT",
  "ssid": "Girod-House-of-Big-Nuts",
  "ip": "192.168.1.91",
  "rssi": -62,
  "samples": 4105556,
  "runtime": 8557,
  "mean100": 0.411424,
  "var100": 7.6e-07,
  "mean10": 0.41107,
  "var10": 2.4e-06,
  "mean1": 0.411795,
  "githubStatus": "HOST_POSTS",
  "githubCode": 0,
  "lastSuccess": 0,
  "baseline": {
    "passed": true,
    "mean": 0.104212,
    "variance": 0.00057401,
    "min": 0.043516,
    "max": 0.144249
  },
  "hardware": {
    "passed": true,
    "dark": 0.117476,
    "light": 0.410155,
    "fifty": 0.265363
  }
}