{
  "timestamp": "2025-12-01T01:22:49Z",
  "timestamp_ms": 4969561,
  "cycle": 2,
  "phase": 2,
  "phase_name": "100 Hz",
  "ssid": "Girod-House-of-Big-Nuts",
  "ip": "192.168.1.91",
  "rssi": -68,
  "samples": 2727010,
  "runtime": 4969,
  "mean100": 0.113989,
  "var100": 0.00024955,
  "mean10": 0.106857,
  "var10": 0.00025849,
  "mean1": 0.134579,
  "githubStatus": "HOST_POSTS",
  "githubCode": 0,
  "lastSuccess": 0,
  "baseline": {
    "passed": true,
    "mean": 0.113154,
    "variance": 0.00025591,
    "min": 0.062051,
    "max": 0.141026
  },
  "hardware": {
    "passed": true,
    "dark": 0.123574,
    "light": 0.411787,
    "fifty": 0.268553
  }
}