{
  "timestamp": "2025-12-01T00:32:06Z",
  "timestamp_ms": 1926978,
  "cycle": 0,
  "phase": 6,
  "phase_name": "LIVE TRT",
  "ssid": "Girod-House-of-Big-Nuts",
  "ip": "192.168.1.91",
  "rssi": -63,
  "samples": 904663,
  "runtime": 1926,
  "mean100": 0.411795,
  "var100": 0.0,
  "mean10": 0.411795,
  "var10": 0.0,
  "mean1": 0.411795,
  "githubStatus": "HOST_POSTS",
  "githubCode": 0,
  "lastSuccess": 0,
  "baseline": {
    "passed": true,
    "mean": 0.10945,
    "variance": 0.00045767,
    "min": 0.041905,
    "max": 0.141026
  },
  "hardware": {
    "passed": true,
    "dark": 0.120419,
    "light": 0.411765,
    "fifty": 0.265363
  }
}