{
  "timestamp": "2025-12-01T01:41:22Z",
  "timestamp_ms": 6082149,
  "cycle": 2,
  "phase": 5,
  "phase_name": "20 kHz",
  "ssid": "Girod-House-of-Big-Nuts",
  "ip": "192.168.1.91",
  "rssi": -63,
  "samples": 2885645,
  "runtime": 6082,
  "mean100": 0.409821,
  "var100": 1.73e-06,
  "mean10": 0.410022,
  "var10": 2.31e-06,
  "mean1": 0.411795,
  "githubStatus": "HOST_POSTS",
  "githubCode": 0,
  "lastSuccess": 0,
  "baseline": {
    "passed": true,
    "mean": 0.103834,
    "variance": 0.00062961,
    "min": 0.031429,
    "max": 0.141026
  },
  "hardware": {
    "passed": true,
    "dark": 0.117498,
    "light": 0.410358,
    "fifty": 0.265363
  }
}