{
  "timestamp": "2025-12-01T02:09:56Z",
  "timestamp_ms": 7796219,
  "cycle": 3,
  "phase": 4,
  "phase_name": "10 kHz",
  "ssid": "Girod-House-of-Big-Nuts",
  "ip": "192.168.1.91",
  "rssi": -64,
  "samples": 3738857,
  "runtime": 7796,
  "mean100": 0.104053,
  "var100": 0.00062685,
  "mean10": 0.091626,
  "var10": 0.00043654,
  "mean1": 0.092674,
  "githubStatus": "HOST_POSTS",
  "githubCode": 0,
  "lastSuccess": 0,
  "baseline": {
    "passed": true,
    "mean": 0.104212,
    "variance": 0.00057401,
    "min": 0.043516,
    "max": 0.144249
  },
  "hardware": {
    "passed": true,
    "dark": 0.117476,
    "light": 0.410155,
    "fifty": 0.265363
  }
}