{
  "timestamp": "2025-12-01T11:49:54Z",
  "timestamp_ms": 42594224,
  "cycle": 20,
  "phase": 0,
  "phase_name": "LED OFF",
  "ssid": "Girod-House-of-Big-Nuts",
  "ip": "192.168.1.91",
  "rssi": -63,
  "samples": 23975000,
  "runtime": 42594,
  "mean100": 0.115029,
  "var100": 0.00049087,
  "mean10": 0.103473,
  "var10": 0.00038487,
  "mean1": 0.141026,
  "githubStatus": "HOST_POSTS",
  "githubCode": 0,
  "lastSuccess": 0,
  "baseline": {
    "passed": true,
    "mean": 0.114233,
    "variance": 0.00050237,
    "min": 0.043516,
    "max": 0.147473
  },
  "hardware": {
    "passed": true,
    "dark": 0.126832,
    "light": 0.411792,
    "fifty": 0.268874
  }
}