{
  "timestamp": "2025-12-01T01:33:58Z",
  "timestamp_ms": 5638559,
  "cycle": 2,
  "phase": 4,
  "phase_name": "10 kHz",
  "ssid": "Girod-House-of-Big-Nuts",
  "ip": "192.168.1.91",
  "rssi": -66,
  "samples": 3092209,
  "runtime": 5638,
  "mean100": 0.114424,
  "var100": 0.00025568,
  "mean10": 0.108791,
  "var10": 0.00026171,
  "mean1": 0.135385,
  "githubStatus": "HOST_POSTS",
  "githubCode": 0,
  "lastSuccess": 0,
  "baseline": {
    "passed": true,
    "mean": 0.113154,
    "variance": 0.00025591,
    "min": 0.062051,
    "max": 0.141026
  },
  "hardware": {
    "passed": true,
    "dark": 0.123574,
    "light": 0.411787,
    "fifty": 0.268553
  }
}