{
  "timestamp": "2025-12-01T03:45:22Z",
  "timestamp_ms": 13522832,
  "cycle": 6,
  "phase": 2,
  "phase_name": "100 Hz",
  "ssid": "Girod-House-of-Big-Nuts",
  "ip": "192.168.1.91",
  "rssi": -65,
  "samples": 7903476,
  "runtime": 13522,
  "mean100": 0.10676,
  "var100": 0.00058774,
  "mean10": 0.108227,
  "var10": 0.00057357,
  "mean1": 0.068498,
  "githubStatus": "HOST_POSTS",
  "githubCode": 0,
  "lastSuccess": 0,
  "baseline": {
    "passed": true,
    "mean": 0.107338,
    "variance": 0.0005845,
    "min": 0.047546,
    "max": 0.142637
  },
  "hardware": {
    "passed": true,
    "dark": 0.120569,
    "light": 0.41016,
    "fifty": 0.268874
  }
}