{
  "timestamp": "2025-12-01T04:48:11Z",
  "timestamp_ms": 17291957,
  "cycle": 8,
  "phase": 0,
  "phase_name": "LED OFF",
  "ssid": "Girod-House-of-Big-Nuts",
  "ip": "192.168.1.91",
  "rssi": -66,
  "samples": 10044540,
  "runtime": 17291,
  "mean100": 0.107445,
  "var100": 0.0005888,
  "mean10": 0.092271,
  "var10": 0.00026317,
  "mean1": 0.115238,
  "githubStatus": "HOST_POSTS",
  "githubCode": 0,
  "lastSuccess": 0,
  "baseline": {
    "passed": true,
    "mean": 0.106293,
    "variance": 0.00059681,
    "min": 0.06044,
    "max": 0.144249
  },
  "hardware": {
    "passed": true,
    "dark": 0.119522,
    "light": 0.409302,
    "fifty": 0.268874
  }
}