{
  "timestamp": "2025-12-01T10:24:44Z",
  "timestamp_ms": 37484898,
  "cycle": 17,
  "phase": 4,
  "phase_name": "10 kHz",
  "ssid": "Girod-House-of-Big-Nuts",
  "ip": "192.168.1.91",
  "rssi": -64,
  "samples": 21141128,
  "runtime": 37484,
  "mean100": 0.1117,
  "var100": 0.00048298,
  "mean10": 0.1237,
  "var10": 0.00026175,
  "mean1": 0.097509,
  "githubStatus": "HOST_POSTS",
  "githubCode": 0,
  "lastSuccess": 0,
  "baseline": {
    "passed": true,
    "mean": 0.111785,
    "variance": 0.00049288,
    "min": 0.050769,
    "max": 0.147473
  },
  "hardware": {
    "passed": true,
    "dark": 0.124655,
    "light": 0.411699,
    "fifty": 0.268874
  }
}