{
  "timestamp": "2025-12-01T00:32:15Z",
  "timestamp_ms": 1935405,
  "cycle": 0,
  "phase": 6,
  "phase_name": "LIVE TRT",
  "ssid": "Girod-House-of-Big-Nuts",
  "ip": "192.168.1.91",
  "rssi": -66,
  "samples": 1120197,
  "runtime": 1935,
  "mean100": 0.411795,
  "var100": 0.0,
  "mean10": 0.411795,
  "var10": 0.0,
  "mean1": 0.411795,
  "githubStatus": "HOST_POSTS",
  "githubCode": 0,
  "lastSuccess": 0,
  "baseline": {
    "passed": true,
    "mean": 0.112521,
    "variance": 0.00060704,
    "min": 0.063663,
    "max": 0.153114
  },
  "hardware": {
    "passed": true,
    "dark": 0.125568,
    "light": 0.411795,
    "fifty": 0.268874
  }
}