{
  "timestamp": "2025-12-01T01:33:24Z",
  "timestamp_ms": 5604786,
  "cycle": 2,
  "phase": 4,
  "phase_name": "10 kHz",
  "ssid": "Girod-House-of-Big-Nuts",
  "ip": "192.168.1.91",
  "rssi": -67,
  "samples": 3072472,
  "runtime": 5604,
  "mean100": 0.114174,
  "var100": 0.00025375,
  "mean10": 0.123055,
  "var10": 0.00014366,
  "mean1": 0.121685,
  "githubStatus": "HOST_POSTS",
  "githubCode": 0,
  "lastSuccess": 0,
  "baseline": {
    "passed": true,
    "mean": 0.113154,
    "variance": 0.00025591,
    "min": 0.062051,
    "max": 0.141026
  },
  "hardware": {
    "passed": true,
    "dark": 0.123574,
    "light": 0.411787,
    "fifty": 0.268553
  }
}