{
  "timestamp": "2025-12-01T01:20:59Z",
  "timestamp_ms": 4859317,
  "cycle": 2,
  "phase": 1,
  "phase_name": "LED ON",
  "ssid": "Girod-House-of-Big-Nuts",
  "ip": "192.168.1.91",
  "rssi": -63,
  "samples": 2324362,
  "runtime": 4859,
  "mean100": 0.410151,
  "var100": 1.3e-06,
  "mean10": 0.410183,
  "var10": 1.3e-06,
  "mean1": 0.411795,
  "githubStatus": "HOST_POSTS",
  "githubCode": 0,
  "lastSuccess": 0,
  "baseline": {
    "passed": true,
    "mean": 0.103834,
    "variance": 0.00062961,
    "min": 0.03129,
    "max": 0.141026
  },
  "hardware": {
    "passed": true,
    "dark": 0.117498,
    "light": 0.410358,
    "fifty": 0.265363
  }
}