{
  "timestamp": "2025-12-01T07:24:42Z",
  "timestamp_ms": 26682530,
  "cycle": 12,
  "phase": 3,
  "phase_name": "1 kHz",
  "ssid": "Girod-House-of-Big-Nuts",
  "ip": "192.168.1.91",
  "rssi": -64,
  "samples": 15462419,
  "runtime": 26682,
  "mean100": 0.411739,
  "var100": 3.2e-07,
  "mean10": 0.411231,
  "var10": 2.86e-06,
  "mean1": 0.411795,
  "githubStatus": "HOST_POSTS",
  "githubCode": 0,
  "lastSuccess": 0,
  "baseline": {
    "passed": true,
    "mean": 0.111852,
    "variance": 0.00049819,
    "min": 0.07011,
    "max": 0.148278
  },
  "hardware": {
    "passed": true,
    "dark": 0.12465,
    "light": 0.411727,
    "fifty": 0.268874
  }
}