{
  "timestamp": "2025-12-01T09:16:32Z",
  "timestamp_ms": 33392682,
  "cycle": 15,
  "phase": 4,
  "phase_name": "10 kHz",
  "ssid": "Girod-House-of-Big-Nuts",
  "ip": "192.168.1.91",
  "rssi": -63,
  "samples": 19008500,
  "runtime": 33392,
  "mean100": 0.113739,
  "var100": 0.00049259,
  "mean10": 0.127729,
  "var10": 0.00014121,
  "mean1": 0.115238,
  "githubStatus": "HOST_POSTS",
  "githubCode": 0,
  "lastSuccess": 0,
  "baseline": {
    "passed": true,
    "mean": 0.112572,
    "variance": 0.00048191,
    "min": 0.063663,
    "max": 0.147473
  },
  "hardware": {
    "passed": true,
    "dark": 0.125152,
    "light": 0.411768,
    "fifty": 0.268874
  }
}