{
  "timestamp": "2025-12-01T04:18:41Z",
  "timestamp_ms": 15521233,
  "cycle": 7,
  "phase": 1,
  "phase_name": "LED ON",
  "ssid": "Girod-House-of-Big-Nuts",
  "ip": "192.168.1.91",
  "rssi": -66,
  "samples": 9056966,
  "runtime": 15521,
  "mean100": 0.409877,
  "var100": 1.39e-06,
  "mean10": 0.409861,
  "var10": 9.4e-07,
  "mean1": 0.408571,
  "githubStatus": "HOST_POSTS",
  "githubCode": 0,
  "lastSuccess": 0,
  "baseline": {
    "passed": true,
    "mean": 0.106752,
    "variance": 0.00058906,
    "min": 0.050769,
    "max": 0.144249
  },
  "hardware": {
    "passed": true,
    "dark": 0.119801,
    "light": 0.409588,
    "fifty": 0.268874
  }
}