{
  "timestamp": "2025-12-01T03:34:21Z",
  "timestamp_ms": 12861043,
  "cycle": 6,
  "phase": 0,
  "phase_name": "LED OFF",
  "ssid": "Girod-House-of-Big-Nuts",
  "ip": "192.168.1.91",
  "rssi": -66,
  "samples": 7454070,
  "runtime": 12861,
  "mean100": 0.106897,
  "var100": 0.00058359,
  "mean10": 0.093641,
  "var10": 0.00033052,
  "mean1": 0.100733,
  "githubStatus": "HOST_POSTS",
  "githubCode": 0,
  "lastSuccess": 0,
  "baseline": {
    "passed": true,
    "mean": 0.107338,
    "variance": 0.0005845,
    "min": 0.047546,
    "max": 0.142637
  },
  "hardware": {
    "passed": true,
    "dark": 0.120569,
    "light": 0.41016,
    "fifty": 0.268874
  }
}