{
  "timestamp": "2025-12-01T01:00:08Z",
  "timestamp_ms": 3608930,
  "cycle": 1,
  "phase": 4,
  "phase_name": "10 kHz",
  "ssid": "Girod-House-of-Big-Nuts",
  "ip": "192.168.1.91",
  "rssi": -66,
  "samples": 1945433,
  "runtime": 3608,
  "mean100": 0.111555,
  "var100": 0.00057798,
  "mean10": 0.122169,
  "var10": 0.00044903,
  "mean1": 0.082198,
  "githubStatus": "HOST_POSTS",
  "githubCode": 0,
  "lastSuccess": 0,
  "baseline": {
    "passed": true,
    "mean": 0.111331,
    "variance": 0.0005953,
    "min": 0.037875,
    "max": 0.147473
  },
  "hardware": {
    "passed": true,
    "dark": 0.124607,
    "light": 0.411795,
    "fifty": 0.268998
  }
}