{
  "timestamp": "2025-12-01T02:28:52Z",
  "timestamp_ms": 8932141,
  "cycle": 4,
  "phase": 1,
  "phase_name": "LED ON",
  "ssid": "Girod-House-of-Big-Nuts",
  "ip": "192.168.1.91",
  "rssi": -66,
  "samples": 5193500,
  "runtime": 8932,
  "mean100": 0.411448,
  "var100": 6.3e-07,
  "mean10": 0.41115,
  "var10": 1.01e-06,
  "mean1": 0.408571,
  "githubStatus": "HOST_POSTS",
  "githubCode": 0,
  "lastSuccess": 0,
  "baseline": {
    "passed": true,
    "mean": 0.108919,
    "variance": 0.00056362,
    "min": 0.050769,
    "max": 0.145861
  },
  "hardware": {
    "passed": true,
    "dark": 0.122228,
    "light": 0.411262,
    "fifty": 0.268874
  }
}