{
  "timestamp": "2025-12-01T08:20:23Z",
  "timestamp_ms": 30023197,
  "cycle": 14,
  "phase": 0,
  "phase_name": "LED OFF",
  "ssid": "Girod-House-of-Big-Nuts",
  "ip": "192.168.1.91",
  "rssi": -64,
  "samples": 17278163,
  "runtime": 30023,
  "mean100": 0.113763,
  "var100": 0.0004919,
  "mean10": 0.128696,
  "var10": 0.00015535,
  "mean1": 0.102344,
  "githubStatus": "HOST_POSTS",
  "githubCode": 0,
  "lastSuccess": 0,
  "baseline": {
    "passed": true,
    "mean": 0.11267,
    "variance": 0.00049835,
    "min": 0.050769,
    "max": 0.147473
  },
  "hardware": {
    "passed": true,
    "dark": 0.125293,
    "light": 0.411775,
    "fifty": 0.268874
  }
}