{
  "timestamp": "2025-12-01T05:33:33Z",
  "timestamp_ms": 20013553,
  "cycle": 9,
  "phase": 2,
  "phase_name": "100 Hz",
  "ssid": "Girod-House-of-Big-Nuts",
  "ip": "192.168.1.91",
  "rssi": -64,
  "samples": 11659500,
  "runtime": 20013,
  "mean100": 0.1083,
  "var100": 0.00055276,
  "mean10": 0.11,
  "var10": 0.00055723,
  "mean1": 0.075751,
  "githubStatus": "HOST_POSTS",
  "githubCode": 0,
  "lastSuccess": 0,
  "baseline": {
    "passed": true,
    "mean": 0.107043,
    "variance": 0.00053188,
    "min": 0.050769,
    "max": 0.146667
  },
  "hardware": {
    "passed": true,
    "dark": 0.120149,
    "light": 0.409365,
    "fifty": 0.268874
  }
}