{
  "timestamp": "2025-12-01T01:58:08Z",
  "timestamp_ms": 7088542,
  "cycle": 3,
  "phase": 2,
  "phase_name": "100 Hz",
  "ssid": "Girod-House-of-Big-Nuts",
  "ip": "192.168.1.91",
  "rssi": -66,
  "samples": 4134167,
  "runtime": 7088,
  "mean100": 0.109919,
  "var100": 0.00055916,
  "mean10": 0.094366,
  "var10": 0.00027931,
  "mean1": 0.121685,
  "githubStatus": "HOST_POSTS",
  "githubCode": 0,
  "lastSuccess": 0,
  "baseline": {
    "passed": true,
    "mean": 0.110103,
    "variance": 0.00056534,
    "min": 0.044322,
    "max": 0.147473
  },
  "hardware": {
    "passed": true,
    "dark": 0.123438,
    "light": 0.411703,
    "fifty": 0.268874
  }
}