{
  "timestamp": "2025-12-01T04:34:12Z",
  "timestamp_ms": 16452249,
  "cycle": 7,
  "phase": 5,
  "phase_name": "20 kHz",
  "ssid": "Girod-House-of-Big-Nuts",
  "ip": "192.168.1.91",
  "rssi": -66,
  "samples": 9586699,
  "runtime": 16452,
  "mean100": 0.410385,
  "var100": 1.26e-06,
  "mean10": 0.410183,
  "var10": 1.43e-06,
  "mean1": 0.408571,
  "githubStatus": "HOST_POSTS",
  "githubCode": 0,
  "lastSuccess": 0,
  "baseline": {
    "passed": true,
    "mean": 0.106752,
    "variance": 0.00058906,
    "min": 0.050769,
    "max": 0.144249
  },
  "hardware": {
    "passed": true,
    "dark": 0.119801,
    "light": 0.409588,
    "fifty": 0.268874
  }
}