{
  "timestamp": "2025-12-01T01:13:01Z",
  "timestamp_ms": 4381627,
  "cycle": 2,
  "phase": 0,
  "phase_name": "LED OFF",
  "ssid": "Girod-House-of-Big-Nuts",
  "ip": "192.168.1.91",
  "rssi": -66,
  "samples": 2277202,
  "runtime": 4381,
  "mean100": 0.111015,
  "var100": 0.00058723,
  "mean10": 0.117495,
  "var10": 0.0005386,
  "mean1": 0.076557,
  "githubStatus": "HOST_POSTS",
  "githubCode": 0,
  "lastSuccess": 0,
  "baseline": {
    "passed": true,
    "mean": 0.111402,
    "variance": 0.00059555,
    "min": 0.03707,
    "max": 0.147473
  },
  "hardware": {
    "passed": true,
    "dark": 0.124484,
    "light": 0.41179,
    "fifty": 0.268998
  }
}