{
  "timestamp": "2025-12-01T01:46:21Z",
  "timestamp_ms": 6381726,
  "cycle": 2,
  "phase": 6,
  "phase_name": "LIVE TRT",
  "ssid": "Girod-House-of-Big-Nuts",
  "ip": "192.168.1.91",
  "rssi": -65,
  "samples": 3694000,
  "runtime": 6381,
  "mean100": 0.41169,
  "var100": 2.2e-07,
  "mean10": 0.411472,
  "var10": 9.4e-07,
  "mean1": 0.411795,
  "githubStatus": "HOST_POSTS",
  "githubCode": 0,
  "lastSuccess": 0,
  "baseline": {
    "passed": true,
    "mean": 0.110489,
    "variance": 0.00058166,
    "min": 0.04674,
    "max": 0.146667
  },
  "hardware": {
    "passed": true,
    "dark": 0.123654,
    "light": 0.411746,
    "fifty": 0.268874
  }
}