{
  "timestamp": "2025-12-01T10:56:16Z",
  "timestamp_ms": 39376233,
  "cycle": 18,
  "phase": 3,
  "phase_name": "1 kHz",
  "ssid": "Girod-House-of-Big-Nuts",
  "ip": "192.168.1.91",
  "rssi": -64,
  "samples": 22239430,
  "runtime": 39376,
  "mean100": 0.411763,
  "var100": 4e-08,
  "mean10": 0.411714,
  "var10": 6e-08,
  "mean1": 0.411795,
  "githubStatus": "HOST_POSTS",
  "githubCode": 0,
  "lastSuccess": 0,
  "baseline": {
    "passed": true,
    "mean": 0.111408,
    "variance": 0.00050068,
    "min": 0.050769,
    "max": 0.146667
  },
  "hardware": {
    "passed": true,
    "dark": 0.123962,
    "light": 0.411673,
    "fifty": 0.268874
  }
}