{
  "timestamp": "2025-12-01T00:04:26Z",
  "timestamp_ms": 266777,
  "cycle": 0,
  "phase": 0,
  "phase_name": "LED OFF",
  "ssid": "Girod-House-of-Big-Nuts",
  "ip": "192.168.1.91",
  "rssi": -70,
  "samples": 35685,
  "runtime": 266,
  "mean100": 0.284429,
  "var100": 7.466e-05,
  "mean10": 0.286322,
  "var10": 6.612e-05,
  "mean1": 0.287692,
  "githubStatus": "HOST_POSTS",
  "githubCode": 0,
  "lastSuccess": 0,
  "baseline": {
    "passed": true,
    "mean": 0.114252,
    "variance": 0.00016549,
    "min": 0.07011,
    "max": 0.138608
  },
  "hardware": {
    "passed": true,
    "dark": 0.124551,
    "light": 0.411211,
    "fifty": 0.267526
  }
}