{
  "timestamp": "2025-12-01T10:32:03Z",
  "timestamp_ms": 37923669,
  "cycle": 17,
  "phase": 5,
  "phase_name": "20 kHz",
  "ssid": "Girod-House-of-Big-Nuts",
  "ip": "192.168.1.91",
  "rssi": -64,
  "samples": 21376887,
  "runtime": 37923,
  "mean100": 0.411626,
  "var100": 2.9e-07,
  "mean10": 0.411472,
  "var10": 9.4e-07,
  "mean1": 0.411795,
  "githubStatus": "HOST_POSTS",
  "githubCode": 0,
  "lastSuccess": 0,
  "baseline": {
    "passed": true,
    "mean": 0.111785,
    "variance": 0.00049288,
    "min": 0.050769,
    "max": 0.147473
  },
  "hardware": {
    "passed": true,
    "dark": 0.124655,
    "light": 0.411699,
    "fifty": 0.268874
  }
}