{
  "timestamp": "2025-12-01T11:15:28Z",
  "timestamp_ms": 40528328,
  "cycle": 19,
  "phase": 0,
  "phase_name": "LED OFF",
  "ssid": "Girod-House-of-Big-Nuts",
  "ip": "192.168.1.91",
  "rssi": -63,
  "samples": 22830521,
  "runtime": 40528,
  "mean100": 0.115246,
  "var100": 0.00049917,
  "mean10": 0.123458,
  "var10": 0.00040118,
  "mean1": 0.128132,
  "githubStatus": "HOST_POSTS",
  "githubCode": 0,
  "lastSuccess": 0,
  "baseline": {
    "passed": true,
    "mean": 0.11385,
    "variance": 0.00050896,
    "min": 0.037875,
    "max": 0.147473
  },
  "hardware": {
    "passed": true,
    "dark": 0.126431,
    "light": 0.411781,
    "fifty": 0.268874
  }
}