{
  "timestamp": "2025-12-01T00:03:07Z",
  "timestamp_ms": 187486,
  "cycle": 0,
  "phase": 0,
  "phase_name": "LED OFF",
  "ssid": "Girod-House-of-Big-Nuts",
  "ip": "192.168.1.91",
  "rssi": -66,
  "samples": 108427,
  "runtime": 187,
  "mean100": 0.115303,
  "var100": 0.00042188,
  "mean10": 0.103392,
  "var10": 0.00032952,
  "mean1": 0.137802,
  "githubStatus": "HOST_POSTS",
  "githubCode": 0,
  "lastSuccess": 0,
  "baseline": {
    "passed": true,
    "mean": 0.115096,
    "variance": 0.0004129,
    "min": 0.076557,
    "max": 0.150696
  },
  "hardware": {
    "passed": true,
    "dark": 0.126642,
    "light": 0.411794,
    "fifty": 0.268553
  }
}