{
  "timestamp": "2025-12-01T03:03:48Z",
  "timestamp_ms": 11028431,
  "cycle": 5,
  "phase": 1,
  "phase_name": "LED ON",
  "ssid": "Girod-House-of-Big-Nuts",
  "ip": "192.168.1.91",
  "rssi": -66,
  "samples": 6414730,
  "runtime": 11028,
  "mean100": 0.411271,
  "var100": 8.5e-07,
  "mean10": 0.411392,
  "var10": 4.2e-07,
  "mean1": 0.411795,
  "githubStatus": "HOST_POSTS",
  "githubCode": 0,
  "lastSuccess": 0,
  "baseline": {
    "passed": true,
    "mean": 0.108117,
    "variance": 0.00057068,
    "min": 0.057216,
    "max": 0.147473
  },
  "hardware": {
    "passed": true,
    "dark": 0.121533,
    "light": 0.410831,
    "fifty": 0.268874
  }
}