{
  "timestamp": "2025-12-01T01:26:13Z",
  "timestamp_ms": 5173501,
  "cycle": 2,
  "phase": 2,
  "phase_name": "100 Hz",
  "ssid": "Girod-House-of-Big-Nuts",
  "ip": "192.168.1.91",
  "rssi": -66,
  "samples": 3071944,
  "runtime": 5173,
  "mean100": 0.11249,
  "var100": 0.00056969,
  "mean10": 0.10307,
  "var10": 0.00062194,
  "mean1": 0.145055,
  "githubStatus": "HOST_POSTS",
  "githubCode": 0,
  "lastSuccess": 0,
  "baseline": {
    "passed": true,
    "mean": 0.110489,
    "variance": 0.00058166,
    "min": 0.04674,
    "max": 0.146667
  },
  "hardware": {
    "passed": true,
    "dark": 0.123654,
    "light": 0.411746,
    "fifty": 0.268874
  }
}