{
  "timestamp": "2025-12-01T08:55:46Z",
  "timestamp_ms": 32146024,
  "cycle": 15,
  "phase": 0,
  "phase_name": "LED OFF",
  "ssid": "Girod-House-of-Big-Nuts",
  "ip": "192.168.1.91",
  "rssi": -64,
  "samples": 18340763,
  "runtime": 32146,
  "mean100": 0.113522,
  "var100": 0.00046823,
  "mean10": 0.12789,
  "var10": 0.00014703,
  "mean1": 0.102344,
  "githubStatus": "HOST_POSTS",
  "githubCode": 0,
  "lastSuccess": 0,
  "baseline": {
    "passed": true,
    "mean": 0.112572,
    "variance": 0.00048191,
    "min": 0.063663,
    "max": 0.147473
  },
  "hardware": {
    "passed": true,
    "dark": 0.125152,
    "light": 0.411768,
    "fifty": 0.268874
  }
}