{
  "timestamp": "2025-12-01T00:53:51Z",
  "timestamp_ms": 3231821,
  "cycle": 1,
  "phase": 3,
  "phase_name": "1 kHz",
  "ssid": "Girod-House-of-Big-Nuts",
  "ip": "192.168.1.91",
  "rssi": -66,
  "samples": 1931385,
  "runtime": 3231,
  "mean100": 0.411795,
  "var100": 0.0,
  "mean10": 0.411795,
  "var10": 0.0,
  "mean1": 0.411795,
  "githubStatus": "HOST_POSTS",
  "githubCode": 0,
  "lastSuccess": 0,
  "baseline": {
    "passed": true,
    "mean": 0.111493,
    "variance": 0.00059052,
    "min": 0.050769,
    "max": 0.147473
  },
  "hardware": {
    "passed": true,
    "dark": 0.124845,
    "light": 0.411786,
    "fifty": 0.268874
  }
}