{
  "timestamp": "2025-12-01T09:51:41Z",
  "timestamp_ms": 35501588,
  "cycle": 16,
  "phase": 4,
  "phase_name": "10 kHz",
  "ssid": "Girod-House-of-Big-Nuts",
  "ip": "192.168.1.91",
  "rssi": -64,
  "samples": 20062314,
  "runtime": 35501,
  "mean100": 0.112466,
  "var100": 0.000471,
  "mean10": 0.124586,
  "var10": 0.00022381,
  "mean1": 0.095897,
  "githubStatus": "HOST_POSTS",
  "githubCode": 0,
  "lastSuccess": 0,
  "baseline": {
    "passed": true,
    "mean": 0.112132,
    "variance": 0.00050187,
    "min": 0.050769,
    "max": 0.147473
  },
  "hardware": {
    "passed": true,
    "dark": 0.124953,
    "light": 0.411741,
    "fifty": 0.268874
  }
}