{
  "timestamp": "2025-12-01T00:04:16Z",
  "timestamp_ms": 256093,
  "cycle": 0,
  "phase": 0,
  "phase_name": "LED OFF",
  "ssid": "Girod-House-of-Big-Nuts",
  "ip": "192.168.1.91",
  "rssi": -66,
  "samples": 162690,
  "runtime": 256,
  "mean100": 0.111628,
  "var100": 0.00060499,
  "mean10": 0.104198,
  "var10": 0.00055564,
  "mean1": 0.080586,
  "githubStatus": "HOST_POSTS",
  "githubCode": 0,
  "lastSuccess": 0,
  "baseline": {
    "passed": true,
    "mean": 0.112521,
    "variance": 0.00060704,
    "min": 0.063663,
    "max": 0.153114
  },
  "hardware": {
    "passed": true,
    "dark": 0.125568,
    "light": 0.411795,
    "fifty": 0.268874
  }
}