{
  "timestamp": "2025-12-01T08:02:05Z",
  "timestamp_ms": 28925510,
  "cycle": 13,
  "phase": 4,
  "phase_name": "10 kHz",
  "ssid": "Girod-House-of-Big-Nuts",
  "ip": "192.168.1.91",
  "rssi": -64,
  "samples": 16746922,
  "runtime": 28925,
  "mean100": 0.109686,
  "var100": 0.0004715,
  "mean10": 0.099443,
  "var10": 0.0002746,
  "mean1": 0.128132,
  "githubStatus": "HOST_POSTS",
  "githubCode": 0,
  "lastSuccess": 0,
  "baseline": {
    "passed": true,
    "mean": 0.112683,
    "variance": 0.00048936,
    "min": 0.050769,
    "max": 0.151502
  },
  "hardware": {
    "passed": true,
    "dark": 0.125332,
    "light": 0.41176,
    "fifty": 0.268874
  }
}