{
  "timestamp": "2025-12-01T04:04:17Z",
  "timestamp_ms": 14657974,
  "cycle": 6,
  "phase": 6,
  "phase_name": "LIVE TRT",
  "ssid": "Girod-House-of-Big-Nuts",
  "ip": "192.168.1.91",
  "rssi": -65,
  "samples": 8524755,
  "runtime": 14658,
  "mean100": 0.409788,
  "var100": 1.73e-06,
  "mean10": 0.409377,
  "var10": 2.21e-06,
  "mean1": 0.411795,
  "githubStatus": "HOST_POSTS",
  "githubCode": 0,
  "lastSuccess": 0,
  "baseline": {
    "passed": true,
    "mean": 0.107338,
    "variance": 0.0005845,
    "min": 0.047546,
    "max": 0.142637
  },
  "hardware": {
    "passed": true,
    "dark": 0.120569,
    "light": 0.41016,
    "fifty": 0.268874
  }
}