{
  "timestamp": "2025-12-01T04:59:49Z",
  "timestamp_ms": 17989764,
  "cycle": 8,
  "phase": 3,
  "phase_name": "1 kHz",
  "ssid": "Girod-House-of-Big-Nuts",
  "ip": "192.168.1.91",
  "rssi": -65,
  "samples": 10492522,
  "runtime": 17989,
  "mean100": 0.409579,
  "var100": 1.95e-06,
  "mean10": 0.409538,
  "var10": 1.14e-06,
  "mean1": 0.410989,
  "githubStatus": "HOST_POSTS",
  "githubCode": 0,
  "lastSuccess": 0,
  "baseline": {
    "passed": true,
    "mean": 0.106293,
    "variance": 0.00059681,
    "min": 0.06044,
    "max": 0.144249
  },
  "hardware": {
    "passed": true,
    "dark": 0.119522,
    "light": 0.409302,
    "fifty": 0.268874
  }
}