{
  "timestamp": "2025-12-01T01:14:42Z",
  "timestamp_ms": 4482343,
  "cycle": 2,
  "phase": 0,
  "phase_name": "LED OFF",
  "ssid": "Girod-House-of-Big-Nuts",
  "ip": "192.168.1.91",
  "rssi": -63,
  "samples": 2092000,
  "runtime": 4482,
  "mean100": 0.104085,
  "var100": 0.00061147,
  "mean10": 0.090337,
  "var10": 0.00039633,
  "mean1": 0.098315,
  "githubStatus": "HOST_POSTS",
  "githubCode": 0,
  "lastSuccess": 0,
  "baseline": {
    "passed": true,
    "mean": 0.103834,
    "variance": 0.00062961,
    "min": 0.031429,
    "max": 0.141026
  },
  "hardware": {
    "passed": true,
    "dark": 0.117498,
    "light": 0.410358,
    "fifty": 0.265363
  }
}