{
  "timestamp": "2025-12-01T00:50:45Z",
  "timestamp_ms": 3045955,
  "cycle": 1,
  "phase": 2,
  "phase_name": "100 Hz",
  "ssid": "Girod-House-of-Big-Nuts",
  "ip": "192.168.1.91",
  "rssi": -62,
  "samples": 1740806,
  "runtime": 3045,
  "mean100": 0.112748,
  "var100": 0.00026747,
  "mean10": 0.124667,
  "var10": 9.417e-05,
  "mean1": 0.120879,
  "githubStatus": "HOST_POSTS",
  "githubCode": 0,
  "lastSuccess": 0,
  "baseline": {
    "passed": true,
    "mean": 0.113757,
    "variance": 0.00021983,
    "min": 0.069304,
    "max": 0.138608
  },
  "hardware": {
    "passed": true,
    "dark": 0.123837,
    "light": 0.411794,
    "fifty": 0.268553
  }
}