{
  "timestamp": "2025-12-01T05:02:33Z",
  "timestamp_ms": 18153919,
  "cycle": 8,
  "phase": 3,
  "phase_name": "1 kHz",
  "ssid": "Girod-House-of-Big-Nuts",
  "ip": "192.168.1.91",
  "rssi": -65,
  "samples": 10594191,
  "runtime": 18153,
  "mean100": 0.409208,
  "var100": 2.21e-06,
  "mean10": 0.40841,
  "var10": 4.13e-06,
  "mean1": 0.409377,
  "githubStatus": "HOST_POSTS",
  "githubCode": 0,
  "lastSuccess": 0,
  "baseline": {
    "passed": true,
    "mean": 0.106293,
    "variance": 0.00059681,
    "min": 0.06044,
    "max": 0.144249
  },
  "hardware": {
    "passed": true,
    "dark": 0.119522,
    "light": 0.409302,
    "fifty": 0.268874
  }
}