{
  "timestamp": "2025-12-01T06:35:26Z",
  "timestamp_ms": 23726929,
  "cycle": 11,
  "phase": 0,
  "phase_name": "LED OFF",
  "ssid": "Girod-House-of-Big-Nuts",
  "ip": "192.168.1.91",
  "rssi": -64,
  "samples": 13728275,
  "runtime": 23726,
  "mean100": 0.113022,
  "var100": 0.00051834,
  "mean10": 0.121685,
  "var10": 0.00039069,
  "mean1": 0.128132,
  "githubStatus": "HOST_POSTS",
  "githubCode": 0,
  "lastSuccess": 0,
  "baseline": {
    "passed": true,
    "mean": 0.110769,
    "variance": 0.0005124,
    "min": 0.061245,
    "max": 0.147473
  },
  "hardware": {
    "passed": true,
    "dark": 0.123658,
    "light": 0.411655,
    "fifty": 0.268874
  }
}