{
  "timestamp": "2025-12-01T01:23:28Z",
  "timestamp_ms": 5008534,
  "cycle": 2,
  "phase": 2,
  "phase_name": "100 Hz",
  "ssid": "Girod-House-of-Big-Nuts",
  "ip": "192.168.1.91",
  "rssi": -66,
  "samples": 2962441,
  "runtime": 5008,
  "mean100": 0.112192,
  "var100": 0.00057524,
  "mean10": 0.116769,
  "var10": 0.00063453,
  "mean1": 0.134579,
  "githubStatus": "HOST_POSTS",
  "githubCode": 0,
  "lastSuccess": 0,
  "baseline": {
    "passed": true,
    "mean": 0.110489,
    "variance": 0.00058166,
    "min": 0.04674,
    "max": 0.146667
  },
  "hardware": {
    "passed": true,
    "dark": 0.123654,
    "light": 0.411746,
    "fifty": 0.268874
  }
}