{
  "timestamp": "2025-12-01T00:22:01Z",
  "timestamp_ms": 1321801,
  "cycle": 0,
  "phase": 4,
  "phase_name": "10 kHz",
  "ssid": "Girod-House-of-Big-Nuts",
  "ip": "192.168.1.91",
  "rssi": -66,
  "samples": 811000,
  "runtime": 1321,
  "mean100": 0.112982,
  "var100": 0.00057665,
  "mean10": 0.120396,
  "var10": 0.00052215,
  "mean1": 0.132967,
  "githubStatus": "HOST_POSTS",
  "githubCode": 0,
  "lastSuccess": 0,
  "baseline": {
    "passed": true,
    "mean": 0.112521,
    "variance": 0.00060704,
    "min": 0.063663,
    "max": 0.153114
  },
  "hardware": {
    "passed": true,
    "dark": 0.125568,
    "light": 0.411795,
    "fifty": 0.268874
  }
}