{
  "timestamp": "2025-12-01T00:59:29Z",
  "timestamp_ms": 3569508,
  "cycle": 1,
  "phase": 4,
  "phase_name": "10 kHz",
  "ssid": "Girod-House-of-Big-Nuts",
  "ip": "192.168.1.91",
  "rssi": -66,
  "samples": 2124196,
  "runtime": 3569,
  "mean100": 0.112982,
  "var100": 0.00057757,
  "mean10": 0.10589,
  "var10": 0.00067074,
  "mean1": 0.144249,
  "githubStatus": "HOST_POSTS",
  "githubCode": 0,
  "lastSuccess": 0,
  "baseline": {
    "passed": true,
    "mean": 0.111493,
    "variance": 0.00059052,
    "min": 0.050769,
    "max": 0.147473
  },
  "hardware": {
    "passed": true,
    "dark": 0.124845,
    "light": 0.411786,
    "fifty": 0.268874
  }
}