{
  "timestamp": "2025-12-01T01:16:10Z",
  "timestamp_ms": 4570564,
  "cycle": 2,
  "phase": 0,
  "phase_name": "LED OFF",
  "ssid": "Girod-House-of-Big-Nuts",
  "ip": "192.168.1.91",
  "rssi": -66,
  "samples": 2482362,
  "runtime": 4570,
  "mean100": 0.114207,
  "var100": 0.00025396,
  "mean10": 0.105165,
  "var10": 0.00013693,
  "mean1": 0.128132,
  "githubStatus": "HOST_POSTS",
  "githubCode": 0,
  "lastSuccess": 0,
  "baseline": {
    "passed": true,
    "mean": 0.113154,
    "variance": 0.00025591,
    "min": 0.062051,
    "max": 0.141026
  },
  "hardware": {
    "passed": true,
    "dark": 0.123574,
    "light": 0.411787,
    "fifty": 0.268553
  }
}