{
  "timestamp": "2025-12-01T03:42:35Z",
  "timestamp_ms": 13355625,
  "cycle": 6,
  "phase": 1,
  "phase_name": "LED ON",
  "ssid": "Girod-House-of-Big-Nuts",
  "ip": "192.168.1.91",
  "rssi": -66,
  "samples": 7804462,
  "runtime": 13355,
  "mean100": 0.410095,
  "var100": 1.54e-06,
  "mean10": 0.410828,
  "var10": 1.53e-06,
  "mean1": 0.410989,
  "githubStatus": "HOST_POSTS",
  "githubCode": 0,
  "lastSuccess": 0,
  "baseline": {
    "passed": true,
    "mean": 0.107338,
    "variance": 0.0005845,
    "min": 0.047546,
    "max": 0.142637
  },
  "hardware": {
    "passed": true,
    "dark": 0.120569,
    "light": 0.41016,
    "fifty": 0.268874
  }
}