{
  "timestamp": "2025-12-01T04:01:32Z",
  "timestamp_ms": 14492294,
  "cycle": 6,
  "phase": 5,
  "phase_name": "20 kHz",
  "ssid": "Girod-House-of-Big-Nuts",
  "ip": "192.168.1.91",
  "rssi": -66,
  "samples": 8444933,
  "runtime": 14492,
  "mean100": 0.409949,
  "var100": 1.67e-06,
  "mean10": 0.410022,
  "var10": 6.2e-07,
  "mean1": 0.408571,
  "githubStatus": "HOST_POSTS",
  "githubCode": 0,
  "lastSuccess": 0,
  "baseline": {
    "passed": true,
    "mean": 0.107338,
    "variance": 0.0005845,
    "min": 0.047546,
    "max": 0.142637
  },
  "hardware": {
    "passed": true,
    "dark": 0.120569,
    "light": 0.41016,
    "fifty": 0.268874
  }
}