{
  "timestamp": "2025-12-01T07:16:58Z",
  "timestamp_ms": 26218901,
  "cycle": 12,
  "phase": 2,
  "phase_name": "100 Hz",
  "ssid": "Girod-House-of-Big-Nuts",
  "ip": "192.168.1.91",
  "rssi": -64,
  "samples": 15176948,
  "runtime": 26218,
  "mean100": 0.111314,
  "var100": 0.0005221,
  "mean10": 0.104117,
  "var10": 0.00049573,
  "mean1": 0.088645,
  "githubStatus": "HOST_POSTS",
  "githubCode": 0,
  "lastSuccess": 0,
  "baseline": {
    "passed": true,
    "mean": 0.111852,
    "variance": 0.00049819,
    "min": 0.07011,
    "max": 0.148278
  },
  "hardware": {
    "passed": true,
    "dark": 0.12465,
    "light": 0.411727,
    "fifty": 0.268874
  }
}