{2025-12-01T00:27:26Z","timestamp_ms":1647573,"cycle":0,"phase":5,"phase_name":"20 kHz","ssid":"Girod-House-of-Big-Nuts","ip":"192.168.1.91","rssi":-62,"samples":789977,"runtime":1647,"mean100":0.411698,"var100":0.00000013,"mean10":0.411634,"var10":0.00000010,"mean1":0.411795,"githubStatus":"HOST_POSTS","githubCode":0,"lastSuccess":0,"baseline":{"passed":true,"mean":0.109450,"variance":0.00045767,"min":0.041905,"max":0.141026},"hardware":{"passed":true,"dark":0.120419,"light":0.411765,"fifty":0.265363}}
