{
  "timestamp": "2025-12-01T01:40:12Z",
  "timestamp_ms": 6012706,
  "cycle": 2,
  "phase": 5,
  "phase_name": "20 kHz",
  "ssid": "Girod-House-of-Big-Nuts",
  "ip": "192.168.1.91",
  "rssi": -66,
  "samples": 3274840,
  "runtime": 6012,
  "mean100": 0.411787,
  "var100": 1e-08,
  "mean10": 0.411795,
  "var10": 0.0,
  "mean1": 0.411795,
  "githubStatus": "HOST_POSTS",
  "githubCode": 0,
  "lastSuccess": 0,
  "baseline": {
    "passed": true,
    "mean": 0.113154,
    "variance": 0.00025591,
    "min": 0.062051,
    "max": 0.141026
  },
  "hardware": {
    "passed": true,
    "dark": 0.123574,
    "light": 0.411787,
    "fifty": 0.268553
  }
}