{
  "timestamp": "2025-12-01T06:34:19Z",
  "timestamp_ms": 23659787,
  "cycle": 11,
  "phase": 0,
  "phase_name": "LED OFF",
  "ssid": "Girod-House-of-Big-Nuts",
  "ip": "192.168.1.91",
  "rssi": -64,
  "samples": 13677921,
  "runtime": 23659,
  "mean100": 0.112909,
  "var100": 0.00051374,
  "mean10": 0.120799,
  "var10": 0.00046971,
  "mean1": 0.133773,
  "githubStatus": "HOST_POSTS",
  "githubCode": 0,
  "lastSuccess": 0,
  "baseline": {
    "passed": true,
    "mean": 0.110769,
    "variance": 0.0005124,
    "min": 0.061245,
    "max": 0.147473
  },
  "hardware": {
    "passed": true,
    "dark": 0.123658,
    "light": 0.411655,
    "fifty": 0.268874
  }
}