{
  "timestamp": "2025-12-01T02:24:52Z",
  "timestamp_ms": 8692687,
  "cycle": 4,
  "phase": 0,
  "phase_name": "LED OFF",
  "ssid": "Girod-House-of-Big-Nuts",
  "ip": "192.168.1.91",
  "rssi": -61,
  "samples": 4177091,
  "runtime": 8692,
  "mean100": 0.106623,
  "var100": 0.00065314,
  "mean10": 0.09074,
  "var10": 0.00040357,
  "mean1": 0.12652,
  "githubStatus": "HOST_POSTS",
  "githubCode": 0,
  "lastSuccess": 0,
  "baseline": {
    "passed": true,
    "mean": 0.106339,
    "variance": 0.0006255,
    "min": 0.044322,
    "max": 0.143443
  },
  "hardware": {
    "passed": true,
    "dark": 0.119459,
    "light": 0.411527,
    "fifty": 0.265363
  }
}