{
  "timestamp": "2025-12-01T12:11:39Z",
  "timestamp_ms": 43899151,
  "cycle": 20,
  "phase": 4,
  "phase_name": "10 kHz",
  "ssid": "Girod-House-of-Big-Nuts",
  "ip": "192.168.1.91",
  "rssi": -62,
  "samples": 24739343,
  "runtime": 43900,
  "mean100": 0.114956,
  "var100": 0.0004808,
  "mean10": 0.100733,
  "var10": 0.00025639,
  "mean1": 0.128132,
  "githubStatus": "HOST_POSTS",
  "githubCode": 0,
  "lastSuccess": 0,
  "baseline": {
    "passed": true,
    "mean": 0.114233,
    "variance": 0.00050237,
    "min": 0.043516,
    "max": 0.147473
  },
  "hardware": {
    "passed": true,
    "dark": 0.126832,
    "light": 0.411792,
    "fifty": 0.268874
  }
}