{
  "timestamp": "2025-12-01T03:47:02Z",
  "timestamp_ms": 13622276,
  "cycle": 6,
  "phase": 2,
  "phase_name": "100 Hz",
  "ssid": "Girod-House-of-Big-Nuts",
  "ip": "192.168.1.91",
  "rssi": -66,
  "samples": 7960685,
  "runtime": 13622,
  "mean100": 0.107494,
  "var100": 0.00057949,
  "mean10": 0.124344,
  "var10": 0.0002121,
  "mean1": 0.095897,
  "githubStatus": "HOST_POSTS",
  "githubCode": 0,
  "lastSuccess": 0,
  "baseline": {
    "passed": true,
    "mean": 0.107338,
    "variance": 0.0005845,
    "min": 0.047546,
    "max": 0.142637
  },
  "hardware": {
    "passed": true,
    "dark": 0.120569,
    "light": 0.41016,
    "fifty": 0.268874
  }
}