{
  "timestamp": "2025-12-01T03:01:54Z",
  "timestamp_ms": 10914879,
  "cycle": 5,
  "phase": 0,
  "phase_name": "LED OFF",
  "ssid": "Girod-House-of-Big-Nuts",
  "ip": "192.168.1.91",
  "rssi": -62,
  "samples": 5457288,
  "runtime": 10914,
  "mean100": 0.107349,
  "var100": 0.00067004,
  "mean10": 0.123216,
  "var10": 0.000258,
  "mean1": 0.118462,
  "githubStatus": "HOST_POSTS",
  "githubCode": 0,
  "lastSuccess": 0,
  "baseline": {
    "passed": true,
    "mean": 0.10578,
    "variance": 0.00067487,
    "min": 0.03707,
    "max": 0.145055
  },
  "hardware": {
    "passed": true,
    "dark": 0.119555,
    "light": 0.411523,
    "fifty": 0.265363
  }
}