{
  "timestamp": "2025-12-01T02:08:44Z",
  "timestamp_ms": 7724153,
  "cycle": 3,
  "phase": 4,
  "phase_name": "10 kHz",
  "ssid": "Girod-House-of-Big-Nuts",
  "ip": "192.168.1.91",
  "rssi": -67,
  "samples": 4184747,
  "runtime": 7724,
  "mean100": 0.114473,
  "var100": 0.00026228,
  "mean10": 0.120476,
  "var10": 0.00022083,
  "mean1": 0.127326,
  "githubStatus": "HOST_POSTS",
  "githubCode": 0,
  "lastSuccess": 0,
  "baseline": {
    "passed": true,
    "mean": 0.113133,
    "variance": 0.00024655,
    "min": 0.063663,
    "max": 0.138608
  },
  "hardware": {
    "passed": true,
    "dark": 0.123478,
    "light": 0.411774,
    "fifty": 0.268553
  }
}