{
  "timestamp": "2025-12-01T02:44:31Z",
  "timestamp_ms": 9871049,
  "cycle": 4,
  "phase": 4,
  "phase_name": "10 kHz",
  "ssid": "Girod-House-of-Big-Nuts",
  "ip": "192.168.1.91",
  "rssi": -67,
  "samples": 5413157,
  "runtime": 9871,
  "mean100": 0.113062,
  "var100": 0.00025646,
  "mean10": 0.103231,
  "var10": 0.00012046,
  "mean1": 0.121685,
  "githubStatus": "HOST_POSTS",
  "githubCode": 0,
  "lastSuccess": 0,
  "baseline": {
    "passed": true,
    "mean": 0.112703,
    "variance": 0.00024748,
    "min": 0.076557,
    "max": 0.141026
  },
  "hardware": {
    "passed": true,
    "dark": 0.123113,
    "light": 0.411775,
    "fifty": 0.268553
  }
}