{
  "timestamp": "2025-12-01T00:37:02Z",
  "timestamp_ms": 2222686,
  "cycle": 1,
  "phase": 0,
  "phase_name": "LED OFF",
  "ssid": "Girod-House-of-Big-Nuts",
  "ip": "192.168.1.91",
  "rssi": -66,
  "samples": 1136160,
  "runtime": 2222,
  "mean100": 0.111926,
  "var100": 0.00057039,
  "mean10": 0.097348,
  "var10": 0.00031299,
  "mean1": 0.12652,
  "githubStatus": "HOST_POSTS",
  "githubCode": 0,
  "lastSuccess": 0,
  "baseline": {
    "passed": true,
    "mean": 0.111331,
    "variance": 0.0005953,
    "min": 0.037875,
    "max": 0.147473
  },
  "hardware": {
    "passed": true,
    "dark": 0.124607,
    "light": 0.411795,
    "fifty": 0.268998
  }
}