{
  "timestamp": "2025-12-01T00:54:57Z",
  "timestamp_ms": 3297186,
  "cycle": 1,
  "phase": 3,
  "phase_name": "1 kHz",
  "ssid": "Girod-House-of-Big-Nuts",
  "ip": "192.168.1.91",
  "rssi": -66,
  "samples": 1972603,
  "runtime": 3297,
  "mean100": 0.411779,
  "var100": 1e-08,
  "mean10": 0.411795,
  "var10": 0.0,
  "mean1": 0.411795,
  "githubStatus": "HOST_POSTS",
  "githubCode": 0,
  "lastSuccess": 0,
  "baseline": {
    "passed": true,
    "mean": 0.111493,
    "variance": 0.00059052,
    "min": 0.050769,
    "max": 0.147473
  },
  "hardware": {
    "passed": true,
    "dark": 0.124845,
    "light": 0.411786,
    "fifty": 0.268874
  }
}