{
  "timestamp": "2025-12-01T02:41:30Z",
  "timestamp_ms": 9690884,
  "cycle": 4,
  "phase": 3,
  "phase_name": "1 kHz",
  "ssid": "Girod-House-of-Big-Nuts",
  "ip": "192.168.1.91",
  "rssi": -66,
  "samples": 5674733,
  "runtime": 9690,
  "mean100": 0.411279,
  "var100": 8.6e-07,
  "mean10": 0.41107,
  "var10": 1.23e-06,
  "mean1": 0.410989,
  "githubStatus": "HOST_POSTS",
  "githubCode": 0,
  "lastSuccess": 0,
  "baseline": {
    "passed": true,
    "mean": 0.108919,
    "variance": 0.00056362,
    "min": 0.050769,
    "max": 0.145861
  },
  "hardware": {
    "passed": true,
    "dark": 0.122228,
    "light": 0.411262,
    "fifty": 0.268874
  }
}