{
  "timestamp": "2025-12-01T05:26:11Z",
  "timestamp_ms": 19571843,
  "cycle": 9,
  "phase": 1,
  "phase_name": "LED ON",
  "ssid": "Girod-House-of-Big-Nuts",
  "ip": "192.168.1.91",
  "rssi": -64,
  "samples": 11369545,
  "runtime": 19571,
  "mean100": 0.410369,
  "var100": 1.73e-06,
  "mean10": 0.410908,
  "var10": 9.7e-07,
  "mean1": 0.411795,
  "githubStatus": "HOST_POSTS",
  "githubCode": 0,
  "lastSuccess": 0,
  "baseline": {
    "passed": true,
    "mean": 0.107043,
    "variance": 0.0005318,
    "min": 0.05079,
    "max": 0.146667
  },
  "hardware": {
    "passed": true,
    "dark": 0.120149,
    "light": 0.409365,
    "fifty": 0.268874
  }
}