{
  "timestamp": "2025-12-01T02:56:18Z",
  "timestamp_ms": 10578581,
  "cycle": 4,
  "phase": 6,
  "phase_name": "LIVE TRT",
  "ssid": "Girod-House-of-Big-Nuts",
  "ip": "192.168.1.91",
  "rssi": -62,
  "samples": 5259330,
  "runtime": 10578,
  "mean100": 0.411666,
  "var100": 1.8e-07,
  "mean10": 0.411795,
  "var10": 0.0,
  "mean1": 0.411795,
  "githubStatus": "HOST_POSTS",
  "githubCode": 0,
  "lastSuccess": 0,
  "baseline": {
    "passed": true,
    "mean": 0.106339,
    "variance": 0.0006255,
    "min": 0.044322,
    "max": 0.143443
  },
  "hardware": {
    "passed": true,
    "dark": 0.119459,
    "light": 0.411527,
    "fifty": 0.265363
  }
}