{
  "timestamp": "2025-12-01T05:40:20Z",
  "timestamp_ms": 20420177,
  "cycle": 9,
  "phase": 4,
  "phase_name": "10 kHz",
  "ssid": "Girod-House-of-Big-Nuts",
  "ip": "192.168.1.91",
  "rssi": -64,
  "samples": 11892096,
  "runtime": 20420,
  "mean100": 0.109694,
  "var100": 0.00054542,
  "mean10": 0.122571,
  "var10": 0.00031944,
  "mean1": 0.120073,
  "githubStatus": "HOST_POSTS",
  "githubCode": 0,
  "lastSuccess": 0,
  "baseline": {
    "passed": true,
    "mean": 0.107043,
    "variance": 0.00053188,
    "min": 0.050769,
    "max": 0.146667
  },
  "hardware": {
    "passed": true,
    "dark": 0.120149,
    "light": 0.409365,
    "fifty": 0.268874
  }
}