{
  "timestamp": "2025-12-01T01:15:35Z",
  "timestamp_ms": 4535888,
  "cycle": 2,
  "phase": 0,
  "phase_name": "LED OFF",
  "ssid": "Girod-House-of-Big-Nuts",
  "ip": "192.168.1.91",
  "rssi": -66,
  "samples": 2665000,
  "runtime": 4535,
  "mean100": 0.111475,
  "var100": 0.0005695,
  "mean10": 0.097026,
  "var10": 0.00030278,
  "mean1": 0.120073,
  "githubStatus": "HOST_POSTS",
  "githubCode": 0,
  "lastSuccess": 0,
  "baseline": {
    "passed": true,
    "mean": 0.110489,
    "variance": 0.00058166,
    "min": 0.04674,
    "max": 0.146667
  },
  "hardware": {
    "passed": true,
    "dark": 0.123654,
    "light": 0.411746,
    "fifty": 0.268874
  }
}