{
  "timestamp": "2025-12-01T00:03:20Z",
  "timestamp_ms": 200519,
  "cycle": 0,
  "phase": 0,
  "phase_name": "LED OFF",
  "ssid": "Girod-House-of-Big-Nuts",
  "ip": "192.168.1.91",
  "rssi": -63,
  "samples": 115746,
  "runtime": 200,
  "mean100": 0.114376,
  "var100": 0.00013398,
  "mean10": 0.107341,
  "var10": 8.271e-05,
  "mean1": 0.12652,
  "githubStatus": "HOST_POSTS",
  "githubCode": 0,
  "lastSuccess": 0,
  "baseline": {
    "passed": true,
    "mean": 0.114935,
    "variance": 0.00012742,
    "min": 0.076557,
    "max": 0.137802
  },
  "hardware": {
    "passed": true,
    "dark": 0.125239,
    "light": 0.411652,
    "fifty": 0.268185
  }
}