{
  "timestamp": "2025-12-01T00:02:47Z",
  "timestamp_ms": 167420,
  "cycle": 0,
  "phase": 0,
  "phase_name": "LED OFF",
  "ssid": "Girod-House-of-Big-Nuts",
  "ip": "192.168.1.91",
  "rssi": -66,
  "samples": 91182,
  "runtime": 167,
  "mean100": 0.112829,
  "var100": 0.00063946,
  "mean10": 0.104278,
  "var10": 0.00072477,
  "mean1": 0.146667,
  "githubStatus": "HOST_POSTS",
  "githubCode": 0,
  "lastSuccess": 0,
  "baseline": {
    "passed": true,
    "mean": 0.112111,
    "variance": 0.00063517,
    "min": 0.050769,
    "max": 0.152308
  },
  "hardware": {
    "passed": true,
    "dark": 0.125424,
    "light": 0.411785,
    "fifty": 0.268998
  }
}