{
  "timestamp": "2025-12-01T02:09:18Z",
  "timestamp_ms": 7758193,
  "cycle": 3,
  "phase": 4,
  "phase_name": "10 kHz",
  "ssid": "Girod-House-of-Big-Nuts",
  "ip": "192.168.1.91",
  "rssi": -66,
  "samples": 4528447,
  "runtime": 7758,
  "mean100": 0.108751,
  "var100": 0.00058759,
  "mean10": 0.104681,
  "var10": 0.00057336,
  "mean1": 0.074945,
  "githubStatus": "HOST_POSTS",
  "githubCode": 0,
  "lastSuccess": 0,
  "baseline": {
    "passed": true,
    "mean": 0.110103,
    "variance": 0.00056534,
    "min": 0.044322,
    "max": 0.147473
  },
  "hardware": {
    "passed": true,
    "dark": 0.123438,
    "light": 0.411703,
    "fifty": 0.268874
  }
}