{
  "timestamp": "2025-12-01T02:06:32Z",
  "timestamp_ms": 7592783,
  "cycle": 3,
  "phase": 3,
  "phase_name": "1 kHz",
  "ssid": "Girod-House-of-Big-Nuts",
  "ip": "192.168.1.91",
  "rssi": -66,
  "samples": 4444339,
  "runtime": 7592,
  "mean100": 0.411513,
  "var100": 6e-07,
  "mean10": 0.41115,
  "var10": 1.14e-06,
  "mean1": 0.411795,
  "githubStatus": "HOST_POSTS",
  "githubCode": 0,
  "lastSuccess": 0,
  "baseline": {
    "passed": true,
    "mean": 0.110103,
    "variance": 0.00056534,
    "min": 0.044322,
    "max": 0.147473
  },
  "hardware": {
    "passed": true,
    "dark": 0.123438,
    "light": 0.411703,
    "fifty": 0.268874
  }
}