{
  "timestamp": "2025-12-01T11:00:18Z",
  "timestamp_ms": 39618791,
  "cycle": 18,
  "phase": 4,
  "phase_name": "10 kHz",
  "ssid": "Girod-House-of-Big-Nuts",
  "ip": "192.168.1.91",
  "rssi": -64,
  "samples": 22369426,
  "runtime": 39618,
  "mean100": 0.113248,
  "var100": 0.000484,
  "mean10": 0.123377,
  "var10": 0.0003423,
  "mean1": 0.087033,
  "githubStatus": "HOST_POSTS",
  "githubCode": 0,
  "lastSuccess": 0,
  "baseline": {
    "passed": true,
    "mean": 0.111408,
    "variance": 0.00050068,
    "min": 0.050769,
    "max": 0.146667
  },
  "hardware": {
    "passed": true,
    "dark": 0.123962,
    "light": 0.411673,
    "fifty": 0.268874
  }
}