{
  "timestamp": "2025-12-01T06:18:18Z",
  "timestamp_ms": 22698182,
  "cycle": 10,
  "phase": 4,
  "phase_name": "10 kHz",
  "ssid": "Girod-House-of-Big-Nuts",
  "ip": "192.168.1.91",
  "rssi": -64,
  "samples": 13188002,
  "runtime": 22698,
  "mean100": 0.111934,
  "var100": 0.00052826,
  "mean10": 0.122169,
  "var10": 0.00038136,
  "mean1": 0.124908,
  "githubStatus": "HOST_POSTS",
  "githubCode": 0,
  "lastSuccess": 0,
  "baseline": {
    "passed": true,
    "mean": 0.109338,
    "variance": 0.00052686,
    "min": 0.044322,
    "max": 0.145055
  },
  "hardware": {
    "passed": true,
    "dark": 0.122155,
    "light": 0.411163,
    "fifty": 0.268874
  }
}