{
  "timestamp": "2025-12-01T06:34:17Z",
  "timestamp_ms": 23657959,
  "cycle": 11,
  "phase": 0,
  "phase_name": "LED OFF",
  "ssid": "Girod-House-of-Big-Nuts",
  "ip": "192.168.1.91",
  "rssi": -63,
  "samples": 13676515,
  "runtime": 23657,
  "mean100": 0.110862,
  "var100": 0.00051803,
  "mean10": 0.099201,
  "var10": 0.00030658,
  "mean1": 0.099121,
  "githubStatus": "HOST_POSTS",
  "githubCode": 0,
  "lastSuccess": 0,
  "baseline": {
    "passed": true,
    "mean": 0.110769,
    "variance": 0.0005124,
    "min": 0.061245,
    "max": 0.147473
  },
  "hardware": {
    "passed": true,
    "dark": 0.123658,
    "light": 0.411655,
    "fifty": 0.268874
  }
}