{
  "timestamp": "2025-12-01T12:49:41Z",
  "timestamp_ms": 46181166,
  "cycle": 21,
  "phase": 4,
  "phase_name": "10 kHz",
  "ssid": "Girod-House-of-Big-Nuts",
  "ip": "192.168.1.91",
  "rssi": -64,
  "samples": 25909902,
  "runtime": 46181,
  "mean100": 0.114207,
  "var100": 0.00048927,
  "mean10": 0.104601,
  "var10": 0.0003565,
  "mean1": 0.099927,
  "githubStatus": "HOST_POSTS",
  "githubCode": 0,
  "lastSuccess": 0,
  "baseline": {
    "passed": true,
    "mean": 0.113837,
    "variance": 0.00049387,
    "min": 0.067692,
    "max": 0.147473
  },
  "hardware": {
    "passed": true,
    "dark": 0.126505,
    "light": 0.411796,
    "fifty": 0.268874
  }
}