{
  "timestamp": "2025-12-01T05:17:18Z",
  "timestamp_ms": 19038875,
  "cycle": 8,
  "phase": 6,
  "phase_name": "LIVE TRT",
  "ssid": "Girod-House-of-Big-Nuts",
  "ip": "192.168.1.91",
  "rssi": -64,
  "samples": 11041960,
  "runtime": 19038,
  "mean100": 0.409321,
  "var100": 1.59e-06,
  "mean10": 0.409619,
  "var10": 1.57e-06,
  "mean1": 0.408571,
  "githubStatus": "HOST_POSTS",
  "githubCode": 0,
  "lastSuccess": 0,
  "baseline": {
    "passed": true,
    "mean": 0.106293,
    "variance": 0.00059681,
    "min": 0.06044,
    "max": 0.144249
  },
  "hardware": {
    "passed": true,
    "dark": 0.119522,
    "light": 0.409302,
    "fifty": 0.268874
  }
}