{
  "timestamp": "2025-12-01T00:46:46Z",
  "timestamp_ms": 2806917,
  "cycle": 1,
  "phase": 2,
  "phase_name": "100 Hz",
  "ssid": "Girod-House-of-Big-Nuts",
  "ip": "192.168.1.91",
  "rssi": -65,
  "samples": 1589222,
  "runtime": 2806,
  "mean100": 0.112563,
  "var100": 0.00022836,
  "mean10": 0.104278,
  "var10": 0.0001542,
  "mean1": 0.102344,
  "githubStatus": "HOST_POSTS",
  "githubCode": 0,
  "lastSuccess": 0,
  "baseline": {
    "passed": true,
    "mean": 0.113757,
    "variance": 0.00021983,
    "min": 0.069304,
    "max": 0.138608
  },
  "hardware": {
    "passed": true,
    "dark": 0.123837,
    "light": 0.411794,
    "fifty": 0.268553
  }
}