{
  "timestamp": "2025-12-01T12:26:44Z",
  "timestamp_ms": 44804355,
  "cycle": 21,
  "phase": 0,
  "phase_name": "LED OFF",
  "ssid": "Girod-House-of-Big-Nuts",
  "ip": "192.168.1.91",
  "rssi": -64,
  "samples": 25139399,
  "runtime": 44804,
  "mean100": 0.11523,
  "var100": 0.00049058,
  "mean10": 0.124747,
  "var10": 0.00035286,
  "mean1": 0.128132,
  "githubStatus": "HOST_POSTS",
  "githubCode": 0,
  "lastSuccess": 0,
  "baseline": {
    "passed": true,
    "mean": 0.113837,
    "variance": 0.00049387,
    "min": 0.067692,
    "max": 0.147473
  },
  "hardware": {
    "passed": true,
    "dark": 0.126505,
    "light": 0.411796,
    "fifty": 0.268874
  }
}