{
  "timestamp": "2025-12-01T11:09:55Z",
  "timestamp_ms": 40195131,
  "cycle": 18,
  "phase": 6,
  "phase_name": "LIVE TRT",
  "ssid": "Girod-House-of-Big-Nuts",
  "ip": "192.168.1.91",
  "rssi": -64,
  "samples": 22665578,
  "runtime": 40195,
  "mean100": 0.411795,
  "var100": 0.0,
  "mean10": 0.411795,
  "var10": 0.0,
  "mean1": 0.411795,
  "githubStatus": "HOST_POSTS",
  "githubCode": 0,
  "lastSuccess": 0,
  "baseline": {
    "passed": true,
    "mean": 0.111408,
    "variance": 0.00050068,
    "min": 0.050769,
    "max": 0.146667
  },
  "hardware": {
    "passed": true,
    "dark": 0.123962,
    "light": 0.411673,
    "fifty": 0.268874
  }
}