{
  "timestamp": "2025-12-01T05:04:45Z",
  "timestamp_ms": 18285773,
  "cycle": 8,
  "phase": 4,
  "phase_name": "10 kHz",
  "ssid": "Girod-House-of-Big-Nuts",
  "ip": "192.168.1.91",
  "rssi": -66,
  "samples": 10663510,
  "runtime": 18285,
  "mean100": 0.106897,
  "var100": 0.00058959,
  "mean10": 0.106293,
  "var10": 0.00073233,
  "mean1": 0.13619,
  "githubStatus": "HOST_POSTS",
  "githubCode": 0,
  "lastSuccess": 0,
  "baseline": {
    "passed": true,
    "mean": 0.106293,
    "variance": 0.00059681,
    "min": 0.06044,
    "max": 0.144249
  },
  "hardware": {
    "passed": true,
    "dark": 0.119522,
    "light": 0.409302,
    "fifty": 0.268874
  }
}