{
  "timestamp": "2025-12-01T04:50:25Z",
  "timestamp_ms": 17425343,
  "cycle": 8,
  "phase": 1,
  "phase_name": "LED ON",
  "ssid": "Girod-House-of-Big-Nuts",
  "ip": "192.168.1.91",
  "rssi": -65,
  "samples": 10131000,
  "runtime": 17425,
  "mean100": 0.409933,
  "var100": 1.5e-06,
  "mean10": 0.410505,
  "var10": 1.07e-06,
  "mean1": 0.410989,
  "githubStatus": "HOST_POSTS",
  "githubCode": 0,
  "lastSuccess": 0,
  "baseline": {
    "passed": true,
    "mean": 0.106293,
    "variance": 0.00059681,
    "min": 0.06044,
    "max": 0.144249
  },
  "hardware": {
    "passed": true,
    "dark": 0.119522,
    "light": 0.409302,
    "fifty": 0.268874
  }
}