{
  "timestamp": "2025-12-01T09:38:31Z",
  "timestamp_ms": 34711291,
  "cycle": 16,
  "phase": 2,
  "phase_name": "100 Hz",
  "ssid": "Girod-House-of-Big-Nuts",
  "ip": "192.168.1.91",
  "rssi": -64,
  "samples": 19650396,
  "runtime": 34711,
  "mean100": 0.110903,
  "var100": 0.0005156,
  "mean10": 0.107905,
  "var10": 0.00050699,
  "mean1": 0.083004,
  "githubStatus": "HOST_POSTS",
  "githubCode": 0,
  "lastSuccess": 0,
  "baseline": {
    "passed": true,
    "mean": 0.112132,
    "variance": 0.00050187,
    "min": 0.050769,
    "max": 0.147473
  },
  "hardware": {
    "passed": true,
    "dark": 0.124953,
    "light": 0.411741,
    "fifty": 0.268874
  }
}