{
  "timestamp": "2025-12-01T00:21:26Z",
  "timestamp_ms": 1286735,
  "cycle": 0,
  "phase": 4,
  "phase_name": "10 kHz",
  "ssid": "Girod-House-of-Big-Nuts",
  "ip": "192.168.1.91",
  "rssi": -65,
  "samples": 790133,
  "runtime": 1286,
  "mean100": 0.111386,
  "var100": 0.00058421,
  "mean10": 0.122813,
  "var10": 0.00044046,
  "mean1": 0.083004,
  "githubStatus": "HOST_POSTS",
  "githubCode": 0,
  "lastSuccess": 0,
  "baseline": {
    "passed": true,
    "mean": 0.112521,
    "variance": 0.00060704,
    "min": 0.063663,
    "max": 0.153114
  },
  "hardware": {
    "passed": true,
    "dark": 0.125568,
    "light": 0.411795,
    "fifty": 0.268874
  }
}