{
  "timestamp": "2025-12-01T02:26:32Z",
  "timestamp_ms": 8792108,
  "cycle": 4,
  "phase": 0,
  "phase_name": "LED OFF",
  "ssid": "Girod-House-of-Big-Nuts",
  "ip": "192.168.1.91",
  "rssi": -63,
  "samples": 4250327,
  "runtime": 8792,
  "mean100": 0.10618,
  "var100": 0.00066,
  "mean10": 0.089853,
  "var10": 0.00033526,
  "mean1": 0.115238,
  "githubStatus": "HOST_POSTS",
  "githubCode": 0,
  "lastSuccess": 0,
  "baseline": {
    "passed": true,
    "mean": 0.106339,
    "variance": 0.0006255,
    "min": 0.044322,
    "max": 0.143443
  },
  "hardware": {
    "passed": true,
    "dark": 0.119459,
    "light": 0.411527,
    "fifty": 0.265363
  }
}