{
  "timestamp": "2025-12-01T10:13:40Z",
  "timestamp_ms": 36820630,
  "cycle": 17,
  "phase": 2,
  "phase_name": "100 Hz",
  "ssid": "Girod-House-of-Big-Nuts",
  "ip": "192.168.1.91",
  "rssi": -64,
  "samples": 20748687,
  "runtime": 36820,
  "mean100": 0.112466,
  "var100": 0.000502,
  "mean10": 0.115399,
  "var10": 0.00057691,
  "mean1": 0.134579,
  "githubStatus": "HOST_POSTS",
  "githubCode": 0,
  "lastSuccess": 0,
  "baseline": {
    "passed": true,
    "mean": 0.111785,
    "variance": 0.00049288,
    "min": 0.050769,
    "max": 0.147473
  },
  "hardware": {
    "passed": true,
    "dark": 0.124655,
    "light": 0.411699,
    "fifty": 0.268874
  }
}