{
  "timestamp": "2025-12-01T05:32:28Z",
  "timestamp_ms": 19948925,
  "cycle": 9,
  "phase": 2,
  "phase_name": "100 Hz",
  "ssid": "Girod-House-of-Big-Nuts",
  "ip": "192.168.1.91",
  "rssi": -64,
  "samples": 11616501,
  "runtime": 19948,
  "mean100": 0.109718,
  "var100": 0.000525,
  "mean10": 0.125714,
  "var10": 0.00015625,
  "mean1": 0.113626,
  "githubStatus": "HOST_POSTS",
  "githubCode": 0,
  "lastSuccess": 0,
  "baseline": {
    "passed": true,
    "mean": 0.107043,
    "variance": 0.00053188,
    "min": 0.050769,
    "max": 0.146667
  },
  "hardware": {
    "passed": true,
    "dark": 0.120149,
    "light": 0.409365,
    "fifty": 0.268874
  }
}