{
  "timestamp": "2025-12-01T06:20:31Z",
  "timestamp_ms": 22831549,
  "cycle": 10,
  "phase": 5,
  "phase_name": "20 kHz",
  "ssid": "Girod-House-of-Big-Nuts",
  "ip": "192.168.1.91",
  "rssi": -64,
  "samples": 13253964,
  "runtime": 22831,
  "mean100": 0.411658,
  "var100": 2.5e-07,
  "mean10": 0.411795,
  "var10": 0.0,
  "mean1": 0.411795,
  "githubStatus": "HOST_POSTS",
  "githubCode": 0,
  "lastSuccess": 0,
  "baseline": {
    "passed": true,
    "mean": 0.109338,
    "variance": 0.00052686,
    "min": 0.044322,
    "max": 0.145055
  },
  "hardware": {
    "passed": true,
    "dark": 0.122155,
    "light": 0.411163,
    "fifty": 0.268874
  }
}