{
  "timestamp": "2025-12-01T02:31:36Z",
  "timestamp_ms": 9096744,
  "cycle": 4,
  "phase": 1,
  "phase_name": "LED ON",
  "ssid": "Girod-House-of-Big-Nuts",
  "ip": "192.168.1.91",
  "rssi": -66,
  "samples": 5312544,
  "runtime": 9096,
  "mean100": 0.411215,
  "var100": 9.8e-07,
  "mean10": 0.411311,
  "var10": 6.8e-07,
  "mean1": 0.409377,
  "githubStatus": "HOST_POSTS",
  "githubCode": 0,
  "lastSuccess": 0,
  "baseline": {
    "passed": true,
    "mean": 0.108919,
    "variance": 0.00056362,
    "min": 0.050769,
    "max": 0.145861
  },
  "hardware": {
    "passed": true,
    "dark": 0.122228,
    "light": 0.411262,
    "fifty": 0.268874
  }
}