{
  "timestamp": "2025-12-01T07:50:14Z",
  "timestamp_ms": 28214266,
  "cycle": 13,
  "phase": 1,
  "phase_name": "LED ON",
  "ssid": "Girod-House-of-Big-Nuts",
  "ip": "192.168.1.91",
  "rssi": -64,
  "samples": 16341827,
  "runtime": 28214,
  "mean100": 0.411779,
  "var100": 3e-08,
  "mean10": 0.411634,
  "var10": 2.3e-07,
  "mean1": 0.410183,
  "githubStatus": "HOST_POSTS",
  "githubCode": 0,
  "lastSuccess": 0,
  "baseline": {
    "passed": true,
    "mean": 0.112683,
    "variance": 0.00048936,
    "min": 0.050769,
    "max": 0.151502
  },
  "hardware": {
    "passed": true,
    "dark": 0.125332,
    "light": 0.41176,
    "fifty": 0.268874
  }
}