{
  "timestamp": "2025-12-01T04:45:26Z",
  "timestamp_ms": 17126636,
  "cycle": 8,
  "phase": 0,
  "phase_name": "LED OFF",
  "ssid": "Girod-House-of-Big-Nuts",
  "ip": "192.168.1.91",
  "rssi": -65,
  "samples": 9925269,
  "runtime": 17126,
  "mean100": 0.107993,
  "var100": 0.00059269,
  "mean10": 0.110081,
  "var10": 0.00066619,
  "mean1": 0.128132,
  "githubStatus": "HOST_POSTS",
  "githubCode": 0,
  "lastSuccess": 0,
  "baseline": {
    "passed": true,
    "mean": 0.106293,
    "variance": 0.00059681,
    "min": 0.06044,
    "max": 0.144249
  },
  "hardware": {
    "passed": true,
    "dark": 0.119522,
    "light": 0.409302,
    "fifty": 0.268874
  }
}