{
  "timestamp": "2025-12-01T04:28:37Z",
  "timestamp_ms": 16117767,
  "cycle": 7,
  "phase": 3,
  "phase_name": "1 kHz",
  "ssid": "Girod-House-of-Big-Nuts",
  "ip": "192.168.1.91",
  "rssi": -66,
  "samples": 9417138,
  "runtime": 16117,
  "mean100": 0.409539,
  "var100": 1.58e-06,
  "mean10": 0.40978,
  "var10": 1.59e-06,
  "mean1": 0.408571,
  "githubStatus": "HOST_POSTS",
  "githubCode": 0,
  "lastSuccess": 0,
  "baseline": {
    "passed": true,
    "mean": 0.106752,
    "variance": 0.00058906,
    "min": 0.050769,
    "max": 0.144249
  },
  "hardware": {
    "passed": true,
    "dark": 0.119801,
    "light": 0.409588,
    "fifty": 0.268874
  }
}