{
  "timestamp": "2025-12-01T01:47:27Z",
  "timestamp_ms": 6447055,
  "cycle": 3,
  "phase": 0,
  "phase_name": "LED OFF",
  "ssid": "Girod-House-of-Big-Nuts",
  "ip": "192.168.1.91",
  "rssi": -68,
  "samples": 3013384,
  "runtime": 6447,
  "mean100": 0.104383,
  "var100": 0.00054262,
  "mean10": 0.092271,
  "var10": 0.00038799,
  "mean1": 0.094286,
  "githubStatus": "HOST_POSTS",
  "githubCode": 0,
  "lastSuccess": 0,
  "baseline": {
    "passed": true,
    "mean": 0.104212,
    "variance": 0.00057401,
    "min": 0.043516,
    "max": 0.144249
  },
  "hardware": {
    "passed": true,
    "dark": 0.117476,
    "light": 0.410155,
    "fifty": 0.265363
  }
}