{
  "timestamp": "2025-12-01T04:15:25Z",
  "timestamp_ms": 15325598,
  "cycle": 7,
  "phase": 1,
  "phase_name": "LED ON",
  "ssid": "Girod-House-of-Big-Nuts",
  "ip": "192.168.1.91",
  "rssi": -66,
  "samples": 8917895,
  "runtime": 15325,
  "mean100": 0.41024,
  "var100": 1.46e-06,
  "mean10": 0.40978,
  "var10": 1.72e-06,
  "mean1": 0.410183,
  "githubStatus": "HOST_POSTS",
  "githubCode": 0,
  "lastSuccess": 0,
  "baseline": {
    "passed": true,
    "mean": 0.106752,
    "variance": 0.00058906,
    "min": 0.050769,
    "max": 0.144249
  },
  "hardware": {
    "passed": true,
    "dark": 0.119801,
    "light": 0.409588,
    "fifty": 0.268874
  }
}