{
  "timestamp": "2025-12-01T04:00:56Z",
  "timestamp_ms": 14456797,
  "cycle": 6,
  "phase": 5,
  "phase_name": "20 kHz",
  "ssid": "Girod-House-of-Big-Nuts",
  "ip": "192.168.1.91",
  "rssi": -66,
  "samples": 8425772,
  "runtime": 14456,
  "mean100": 0.410151,
  "var100": 1.78e-06,
  "mean10": 0.410586,
  "var10": 1.72e-06,
  "mean1": 0.409377,
  "githubStatus": "HOST_POSTS",
  "githubCode": 0,
  "lastSuccess": 0,
  "baseline": {
    "passed": true,
    "mean": 0.107338,
    "variance": 0.0005845,
    "min": 0.047546,
    "max": 0.142637
  },
  "hardware": {
    "passed": true,
    "dark": 0.120569,
    "light": 0.41016,
    "fifty": 0.268874
  }
}