{
  "timestamp": "2025-12-01T03:18:08Z",
  "timestamp_ms": 11888086,
  "cycle": 5,
  "phase": 4,
  "phase_name": "10 kHz",
  "ssid": "Girod-House-of-Big-Nuts",
  "ip": "192.168.1.91",
  "rssi": -65,
  "samples": 6954264,
  "runtime": 11888,
  "mean100": 0.410409,
  "var100": 1.98e-06,
  "mean10": 0.410505,
  "var10": 2.49e-06,
  "mean1": 0.411795,
  "githubStatus": "HOST_POSTS",
  "githubCode": 0,
  "lastSuccess": 0,
  "baseline": {
    "passed": true,
    "mean": 0.108117,
    "variance": 0.00057068,
    "min": 0.057216,
    "max": 0.147473
  },
  "hardware": {
    "passed": true,
    "dark": 0.121533,
    "light": 0.410831,
    "fifty": 0.268874
  }
}