{
  "timestamp": "2025-12-01T01:25:06Z",
  "timestamp_ms": 5106597,
  "cycle": 2,
  "phase": 2,
  "phase_name": "100 Hz",
  "ssid": "Girod-House-of-Big-Nuts",
  "ip": "192.168.1.91",
  "rssi": -66,
  "samples": 3027248,
  "runtime": 5106,
  "mean100": 0.110774,
  "var100": 0.0005845,
  "mean10": 0.096623,
  "var10": 0.00031398,
  "mean1": 0.113626,
  "githubStatus": "HOST_POSTS",
  "githubCode": 0,
  "lastSuccess": 0,
  "baseline": {
    "passed": true,
    "mean": 0.110489,
    "variance": 0.00058166,
    "min": 0.04674,
    "max": 0.146667
  },
  "hardware": {
    "passed": true,
    "dark": 0.123654,
    "light": 0.411746,
    "fifty": 0.268874
  }
}