{
  "timestamp": "2025-12-01T05:06:27Z",
  "timestamp_ms": 18387256,
  "cycle": 8,
  "phase": 4,
  "phase_name": "10 kHz",
  "ssid": "Girod-House-of-Big-Nuts",
  "ip": "192.168.1.91",
  "rssi": -64,
  "samples": 10718346,
  "runtime": 18387,
  "mean100": 0.106382,
  "var100": 0.00058572,
  "mean10": 0.091788,
  "var10": 0.00030229,
  "mean1": 0.115238,
  "githubStatus": "HOST_POSTS",
  "githubCode": 0,
  "lastSuccess": 0,
  "baseline": {
    "passed": true,
    "mean": 0.106293,
    "variance": 0.00059681,
    "min": 0.06044,
    "max": 0.144249
  },
  "hardware": {
    "passed": true,
    "dark": 0.119522,
    "light": 0.409302,
    "fifty": 0.268874
  }
}