{
  "timestamp": "2025-12-01T10:15:51Z",
  "timestamp_ms": 36951534,
  "cycle": 17,
  "phase": 2,
  "phase_name": "100 Hz",
  "ssid": "Girod-House-of-Big-Nuts",
  "ip": "192.168.1.91",
  "rssi": -64,
  "samples": 20830257,
  "runtime": 36951,
  "mean100": 0.112853,
  "var100": 0.00048763,
  "mean10": 0.127326,
  "var10": 0.00014599,
  "mean1": 0.114432,
  "githubStatus": "HOST_POSTS",
  "githubCode": 0,
  "lastSuccess": 0,
  "baseline": {
    "passed": true,
    "mean": 0.111785,
    "variance": 0.00049288,
    "min": 0.050769,
    "max": 0.147473
  },
  "hardware": {
    "passed": true,
    "dark": 0.124655,
    "light": 0.411699,
    "fifty": 0.268874
  }
}