{
  "timestamp": "2025-12-01T08:37:32Z",
  "timestamp_ms": 31052341,
  "cycle": 14,
  "phase": 4,
  "phase_name": "10 kHz",
  "ssid": "Girod-House-of-Big-Nuts",
  "ip": "192.168.1.91",
  "rssi": -64,
  "samples": 17846195,
  "runtime": 31052,
  "mean100": 0.112192,
  "var100": 0.00047791,
  "mean10": 0.114755,
  "var10": 0.00050306,
  "mean1": 0.076557,
  "githubStatus": "HOST_POSTS",
  "githubCode": 0,
  "lastSuccess": 0,
  "baseline": {
    "passed": true,
    "mean": 0.11267,
    "variance": 0.00049835,
    "min": 0.050769,
    "max": 0.147473
  },
  "hardware": {
    "passed": true,
    "dark": 0.125293,
    "light": 0.411775,
    "fifty": 0.268874
  }
}