{
  "timestamp": "2025-12-01T01:19:50Z",
  "timestamp_ms": 4790009,
  "cycle": 2,
  "phase": 1,
  "phase_name": "LED ON",
  "ssid": "Girod-House-of-Big-Nuts",
  "ip": "192.168.1.91",
  "rssi": -62,
  "samples": 2276398,
  "runtime": 4790,
  "mean100": 0.410328,
  "var100": 1.34e-06,
  "mean10": 0.410586,
  "var10": 1.33e-06,
  "mean1": 0.411795,
  "githubStatus": "HOST_POSTS",
  "githubCode": 0,
  "lastSuccess": 0,
  "baseline": {
    "passed": true,
    "mean": 0.103834,
    "variance": 0.00062961,
    "min": 0.031429,
    "max": 0.141026
  },
  "hardware": {
    "passed": true,
    "dark": 0.117498,
    "light": 0.410358,
    "fifty": 0.265363
  }
}