{
  "timestamp": "2025-12-01T01:54:13Z",
  "timestamp_ms": 6853797,
  "cycle": 3,
  "phase": 1,
  "phase_name": "LED ON",
  "ssid": "Girod-House-of-Big-Nuts",
  "ip": "192.168.1.91",
  "rssi": -66,
  "samples": 3299654,
  "runtime": 6853,
  "mean100": 0.410949,
  "var100": 1.12e-06,
  "mean10": 0.410828,
  "var10": 8.8e-07,
  "mean1": 0.410989,
  "githubStatus": "HOST_POSTS",
  "githubCode": 0,
  "lastSuccess": 0,
  "baseline": {
    "passed": true,
    "mean": 0.104212,
    "variance": 0.00057401,
    "min": 0.043516,
    "max": 0.144249
  },
  "hardware": {
    "passed": true,
    "dark": 0.117476,
    "light": 0.410155,
    "fifty": 0.265363
  }
}