{
  "timestamp": "2025-12-01T00:30:19Z",
  "timestamp_ms": 1819833,
  "cycle": 0,
  "phase": 5,
  "phase_name": "20 kHz",
  "ssid": "Girod-House-of-Big-Nuts",
  "ip": "192.168.1.91",
  "rssi": -66,
  "samples": 981769,
  "runtime": 1819,
  "mean100": 0.411795,
  "var100": 0.0,
  "mean10": 0.411795,
  "var10": 0.0,
  "mean1": 0.411795,
  "githubStatus": "HOST_POSTS",
  "githubCode": 0,
  "lastSuccess": 0,
  "baseline": {
    "passed": true,
    "mean": 0.112111,
    "variance": 0.00063517,
    "min": 0.050769,
    "max": 0.152308
  },
  "hardware": {
    "passed": true,
    "dark": 0.125424,
    "light": 0.411785,
    "fifty": 0.268998
  }
}