{
  "timestamp": "2025-12-01T07:07:38Z",
  "timestamp_ms": 25658360,
  "cycle": 12,
  "phase": 0,
  "phase_name": "LED OFF",
  "ssid": "Girod-House-of-Big-Nuts",
  "ip": "192.168.1.91",
  "rssi": -64,
  "samples": 14801974,
  "runtime": 25658,
  "mean100": 0.112821,
  "var100": 0.00047514,
  "mean10": 0.127407,
  "var10": 0.00015124,
  "mean1": 0.115238,
  "githubStatus": "HOST_POSTS",
  "githubCode": 0,
  "lastSuccess": 0,
  "baseline": {
    "passed": true,
    "mean": 0.111852,
    "variance": 0.00049819,
    "min": 0.07011,
    "max": 0.148278
  },
  "hardware": {
    "passed": true,
    "dark": 0.12465,
    "light": 0.411727,
    "fifty": 0.268874
  }
}