{
  "timestamp": "2025-12-01T01:58:00Z",
  "timestamp_ms": 7080708,
  "cycle": 3,
  "phase": 2,
  "phase_name": "100 Hz",
  "ssid": "Girod-House-of-Big-Nuts",
  "ip": "192.168.1.91",
  "rssi": -66,
  "samples": 3816173,
  "runtime": 7080,
  "mean100": 0.112748,
  "var100": 0.00024908,
  "mean10": 0.117575,
  "var10": 0.00021956,
  "mean1": 0.092674,
  "githubStatus": "HOST_POSTS",
  "githubCode": 0,
  "lastSuccess": 0,
  "baseline": {
    "passed": true,
    "mean": 0.113133,
    "variance": 0.00024655,
    "min": 0.063663,
    "max": 0.138608
  },
  "hardware": {
    "passed": true,
    "dark": 0.123478,
    "light": 0.411774,
    "fifty": 0.268553
  }
}