{
  "timestamp": "2025-12-01T10:50:43Z",
  "timestamp_ms": 39043983,
  "cycle": 18,
  "phase": 2,
  "phase_name": "100 Hz",
  "ssid": "Girod-House-of-Big-Nuts",
  "ip": "192.168.1.91",
  "rssi": -63,
  "samples": 22037346,
  "runtime": 39044,
  "mean100": 0.111451,
  "var100": 0.00050738,
  "mean10": 0.112256,
  "var10": 0.00055434,
  "mean1": 0.082198,
  "githubStatus": "HOST_POSTS",
  "githubCode": 0,
  "lastSuccess": 0,
  "baseline": {
    "passed": true,
    "mean": 0.111408,
    "variance": 0.00050068,
    "min": 0.050769,
    "max": 0.146667
  },
  "hardware": {
    "passed": true,
    "dark": 0.123962,
    "light": 0.411673,
    "fifty": 0.268874
  }
}