{
  "timestamp": "2025-12-01T04:29:12Z",
  "timestamp_ms": 16152052,
  "cycle": 7,
  "phase": 4,
  "phase_name": "10 kHz",
  "ssid": "Girod-House-of-Big-Nuts",
  "ip": "192.168.1.91",
  "rssi": -66,
  "samples": 9425383,
  "runtime": 16152,
  "mean100": 0.106728,
  "var100": 0.00061279,
  "mean10": 0.122974,
  "var10": 0.00019173,
  "mean1": 0.099121,
  "githubStatus": "HOST_POSTS",
  "githubCode": 0,
  "lastSuccess": 0,
  "baseline": {
    "passed": true,
    "mean": 0.106752,
    "variance": 0.00058906,
    "min": 0.050769,
    "max": 0.144249
  },
  "hardware": {
    "passed": true,
    "dark": 0.119801,
    "light": 0.409588,
    "fifty": 0.268874
  }
}