{
  "timestamp": "2025-12-01T06:22:57Z",
  "timestamp_ms": 22977043,
  "cycle": 10,
  "phase": 5,
  "phase_name": "20 kHz",
  "ssid": "Girod-House-of-Big-Nuts",
  "ip": "192.168.1.91",
  "rssi": -64,
  "samples": 13320828,
  "runtime": 22977,
  "mean100": 0.411626,
  "var100": 2.4e-07,
  "mean10": 0.411714,
  "var10": 6e-08,
  "mean1": 0.410989,
  "githubStatus": "HOST_POSTS",
  "githubCode": 0,
  "lastSuccess": 0,
  "baseline": {
    "passed": true,
    "mean": 0.109338,
    "variance": 0.00052686,
    "min": 0.044322,
    "max": 0.145055
  },
  "hardware": {
    "passed": true,
    "dark": 0.122155,
    "light": 0.411163,
    "fifty": 0.268874
  }
}