{
  "timestamp": "2025-12-01T00:07:46Z",
  "timestamp_ms": 466157,
  "cycle": 0,
  "phase": 1,
  "phase_name": "LED ON",
  "ssid": "Girod-House-of-Big-Nuts",
  "ip": "192.168.1.91",
  "rssi": -60,
  "samples": 286880,
  "runtime": 466,
  "mean100": 0.410957,
  "var100": 1.17e-06,
  "mean10": 0.411392,
  "var10": 4.2e-07,
  "mean1": 0.410989,
  "githubStatus": "HOST_POSTS",
  "githubCode": 0,
  "lastSuccess": 0,
  "baseline": {
    "passed": true,
    "mean": 0.114935,
    "variance": 0.00012742,
    "min": 0.076557,
    "max": 0.137802
  },
  "hardware": {
    "passed": true,
    "dark": 0.125239,
    "light": 0.411652,
    "fifty": 0.268185
  }
}