{
  "timestamp": "2025-12-01T02:51:01Z",
  "timestamp_ms": 10261726,
  "cycle": 4,
  "phase": 5,
  "phase_name": "20 kHz",
  "ssid": "Girod-House-of-Big-Nuts",
  "ip": "192.168.1.91",
  "rssi": -66,
  "samples": 5984523,
  "runtime": 10261,
  "mean100": 0.41103,
  "var100": 1.34e-06,
  "mean10": 0.41107,
  "var10": 1.1e-06,
  "mean1": 0.410183,
  "githubStatus": "HOST_POSTS",
  "githubCode": 0,
  "lastSuccess": 0,
  "baseline": {
    "passed": true,
    "mean": 0.108919,
    "variance": 0.00056362,
    "min": 0.050769,
    "max": 0.145861
  },
  "hardware": {
    "passed": true,
    "dark": 0.122228,
    "light": 0.411262,
    "fifty": 0.268874
  }
}