{
  "timestamp": "2025-12-01T07:55:13Z",
  "timestamp_ms": 28513626,
  "cycle": 13,
  "phase": 2,
  "phase_name": "100 Hz",
  "ssid": "Girod-House-of-Big-Nuts",
  "ip": "192.168.1.91",
  "rssi": -64,
  "samples": 16530352,
  "runtime": 28513,
  "mean100": 0.114602,
  "var100": 0.00047691,
  "mean10": 0.128938,
  "var10": 0.00017482,
  "mean1": 0.120879,
  "githubStatus": "HOST_POSTS",
  "githubCode": 0,
  "lastSuccess": 0,
  "baseline": {
    "passed": true,
    "mean": 0.112683,
    "variance": 0.00048936,
    "min": 0.050769,
    "max": 0.151502
  },
  "hardware": {
    "passed": true,
    "dark": 0.125332,
    "light": 0.41176,
    "fifty": 0.268874
  }
}