{
  "timestamp": "2025-12-01T07:29:05Z",
  "timestamp_ms": 26945066,
  "cycle": 12,
  "phase": 4,
  "phase_name": "10 kHz",
  "ssid": "Girod-House-of-Big-Nuts",
  "ip": "192.168.1.91",
  "rssi": -64,
  "samples": 15608976,
  "runtime": 26945,
  "mean100": 0.113296,
  "var100": 0.00049587,
  "mean10": 0.128293,
  "var10": 0.00014687,
  "mean1": 0.102344,
  "githubStatus": "HOST_POSTS",
  "githubCode": 0,
  "lastSuccess": 0,
  "baseline": {
    "passed": true,
    "mean": 0.111852,
    "variance": 0.00049819,
    "min": 0.07011,
    "max": 0.148278
  },
  "hardware": {
    "passed": true,
    "dark": 0.12465,
    "light": 0.411727,
    "fifty": 0.268874
  }
}