{
  "timestamp": "2025-12-01T00:04:28Z",
  "timestamp_ms": 268621,
  "cycle": 0,
  "phase": 0,
  "phase_name": "LED OFF",
  "ssid": "Girod-House-of-Big-Nuts",
  "ip": "192.168.1.91",
  "rssi": -70,
  "samples": 36017,
  "runtime": 268,
  "mean100": 0.284558,
  "var100": 7.529e-05,
  "mean10": 0.283824,
  "var10": 6.725e-05,
  "mean1": 0.289304,
  "githubStatus": "HOST_POSTS",
  "githubCode": 0,
  "lastSuccess": 0,
  "baseline": {
    "passed": true,
    "mean": 0.114252,
    "variance": 0.00016549,
    "min": 0.07011,
    "max": 0.138608
  },
  "hardware": {
    "passed": true,
    "dark": 0.124551,
    "light": 0.411211,
    "fifty": 0.267526
  }
}