{
  "timestamp": "2025-12-01T04:53:42Z",
  "timestamp_ms": 17622688,
  "cycle": 8,
  "phase": 1,
  "phase_name": "LED ON",
  "ssid": "Girod-House-of-Big-Nuts",
  "ip": "192.168.1.91",
  "rssi": -66,
  "samples": 10272776,
  "runtime": 17622,
  "mean100": 0.40941,
  "var100": 1.6e-06,
  "mean10": 0.409216,
  "var10": 7.5e-07,
  "mean1": 0.408571,
  "githubStatus": "HOST_POSTS",
  "githubCode": 0,
  "lastSuccess": 0,
  "baseline": {
    "passed": true,
    "mean": 0.106293,
    "variance": 0.00059681,
    "min": 0.06044,
    "max": 0.144249
  },
  "hardware": {
    "passed": true,
    "dark": 0.119522,
    "light": 0.409302,
    "fifty": 0.268874
  }
}