{
  "timestamp": "2025-12-01T09:03:50Z",
  "timestamp_ms": 32630729,
  "cycle": 15,
  "phase": 2,
  "phase_name": "100 Hz",
  "ssid": "Girod-House-of-Big-Nuts",
  "ip": "192.168.1.91",
  "rssi": -63,
  "samples": 18618000,
  "runtime": 32630,
  "mean100": 0.11191,
  "var100": 0.00049328,
  "mean10": 0.109919,
  "var10": 0.00054501,
  "mean1": 0.081392,
  "githubStatus": "HOST_POSTS",
  "githubCode": 0,
  "lastSuccess": 0,
  "baseline": {
    "passed": true,
    "mean": 0.112572,
    "variance": 0.00048191,
    "min": 0.063663,
    "max": 0.147473
  },
  "hardware": {
    "passed": true,
    "dark": 0.125152,
    "light": 0.411768,
    "fifty": 0.268874
  }
}