{
  "timestamp": "2025-12-01T00:38:41Z",
  "timestamp_ms": 2321141,
  "cycle": 1,
  "phase": 0,
  "phase_name": "LED OFF",
  "ssid": "Girod-House-of-Big-Nuts",
  "ip": "192.168.1.91",
  "rssi": -63,
  "samples": 1097295,
  "runtime": 2321,
  "mean100": 0.105044,
  "var100": 0.00063744,
  "mean10": 0.096623,
  "var10": 0.00071454,
  "mean1": 0.134579,
  "githubStatus": "HOST_POSTS",
  "githubCode": 0,
  "lastSuccess": 0,
  "baseline": {
    "passed": true,
    "mean": 0.103504,
    "variance": 0.00064777,
    "min": 0.049963,
    "max": 0.145055
  },
  "hardware": {
    "passed": true,
    "dark": 0.116926,
    "light": 0.411766,
    "fifty": 0.265363
  }
}