{
  "timestamp": "2025-12-01T02:50:36Z",
  "timestamp_ms": 10236679,
  "cycle": 4,
  "phase": 5,
  "phase_name": "20 kHz",
  "ssid": "Girod-House-of-Big-Nuts",
  "ip": "192.168.1.91",
  "rssi": -62,
  "samples": 5097261,
  "runtime": 10236,
  "mean100": 0.411432,
  "var100": 5.5e-07,
  "mean10": 0.41107,
  "var10": 9.7e-07,
  "mean1": 0.409377,
  "githubStatus": "HOST_POSTS",
  "githubCode": 0,
  "lastSuccess": 0,
  "baseline": {
    "passed": true,
    "mean": 0.106339,
    "variance": 0.0006255,
    "min": 0.044322,
    "max": 0.143443
  },
  "hardware": {
    "passed": true,
    "dark": 0.119459,
    "light": 0.411527,
    "fifty": 0.265363
  }
}