{
  "timestamp": "2025-12-01T03:40:55Z",
  "timestamp_ms": 13255890,
  "cycle": 6,
  "phase": 1,
  "phase_name": "LED ON",
  "ssid": "Girod-House-of-Big-Nuts",
  "ip": "192.168.1.91",
  "rssi": -65,
  "samples": 7736000,
  "runtime": 13255,
  "mean100": 0.410304,
  "var100": 1.56e-06,
  "mean10": 0.410344,
  "var10": 1.92e-06,
  "mean1": 0.410183,
  "githubStatus": "HOST_POSTS",
  "githubCode": 0,
  "lastSuccess": 0,
  "baseline": {
    "passed": true,
    "mean": 0.107338,
    "variance": 0.0005845,
    "min": 0.047546,
    "max": 0.142637
  },
  "hardware": {
    "passed": true,
    "dark": 0.120569,
    "light": 0.41016,
    "fifty": 0.268874
  }
}