{
  "timestamp": "2025-12-01T02:22:46Z",
  "timestamp_ms": 8566002,
  "cycle": 4,
  "phase": 0,
  "phase_name": "LED OFF",
  "ssid": "Girod-House-of-Big-Nuts",
  "ip": "192.168.1.91",
  "rssi": -67,
  "samples": 4603453,
  "runtime": 8566,
  "mean100": 0.113691,
  "var100": 0.00025627,
  "mean10": 0.111612,
  "var10": 0.00029058,
  "mean1": 0.132967,
  "githubStatus": "HOST_POSTS",
  "githubCode": 0,
  "lastSuccess": 0,
  "baseline": {
    "passed": true,
    "mean": 0.112703,
    "variance": 0.00024748,
    "min": 0.076557,
    "max": 0.141026
  },
  "hardware": {
    "passed": true,
    "dark": 0.123113,
    "light": 0.411775,
    "fifty": 0.268553
  }
}