{
  "timestamp": "2025-12-01T00:37:00Z",
  "timestamp_ms": 2220847,
  "cycle": 1,
  "phase": 0,
  "phase_name": "LED OFF",
  "ssid": "Girod-House-of-Big-Nuts",
  "ip": "192.168.1.91",
  "rssi": -66,
  "samples": 1134998,
  "runtime": 2220,
  "mean100": 0.111032,
  "var100": 0.00059618,
  "mean10": 0.122571,
  "var10": 0.00043763,
  "mean1": 0.07978,
  "githubStatus": "HOST_POSTS",
  "githubCode": 0,
  "lastSuccess": 0,
  "baseline": {
    "passed": true,
    "mean": 0.111331,
    "variance": 0.0005953,
    "min": 0.037875,
    "max": 0.147473
  },
  "hardware": {
    "passed": true,
    "dark": 0.124607,
    "light": 0.411795,
    "fifty": 0.268998
  }
}