{
  "timestamp": "2025-12-01T05:13:50Z",
  "timestamp_ms": 18830050,
  "cycle": 8,
  "phase": 5,
  "phase_name": "20 kHz",
  "ssid": "Girod-House-of-Big-Nuts",
  "ip": "192.168.1.91",
  "rssi": -64,
  "samples": 10946886,
  "runtime": 18830,
  "mean100": 0.409152,
  "var100": 2.29e-06,
  "mean10": 0.4097,
  "var10": 8.1e-07,
  "mean1": 0.410989,
  "githubStatus": "HOST_POSTS",
  "githubCode": 0,
  "lastSuccess": 0,
  "baseline": {
    "passed": true,
    "mean": 0.106293,
    "variance": 0.00059681,
    "min": 0.06044,
    "max": 0.144249
  },
  "hardware": {
    "passed": true,
    "dark": 0.119522,
    "light": 0.409302,
    "fifty": 0.268874
  }
}