{
  "timestamp": "2025-12-01T03:23:09Z",
  "timestamp_ms": 12189436,
  "cycle": 5,
  "phase": 5,
  "phase_name": "20 kHz",
  "ssid": "Girod-House-of-Big-Nuts",
  "ip": "192.168.1.91",
  "rssi": -66,
  "samples": 7117986,
  "runtime": 12189,
  "mean100": 0.107929,
  "var100": 0.00058468,
  "mean10": 0.094769,
  "var10": 0.0003311,
  "mean1": 0.102344,
  "githubStatus": "HOST_POSTS",
  "githubCode": 0,
  "lastSuccess": 0,
  "baseline": {
    "passed": true,
    "mean": 0.108117,
    "variance": 0.00057068,
    "min": 0.057216,
    "max": 0.147473
  },
  "hardware": {
    "passed": true,
    "dark": 0.121533,
    "light": 0.410831,
    "fifty": 0.268874
  }
}