{
  "timestamp": "2025-12-01T11:54:19Z",
  "timestamp_ms": 42859203,
  "cycle": 20,
  "phase": 0,
  "phase_name": "LED OFF",
  "ssid": "Girod-House-of-Big-Nuts",
  "ip": "192.168.1.91",
  "rssi": -64,
  "samples": 24179000,
  "runtime": 42859,
  "mean100": 0.115399,
  "var100": 0.00047943,
  "mean10": 0.127568,
  "var10": 0.00029705,
  "mean1": 0.094286,
  "githubStatus": "HOST_POSTS",
  "githubCode": 0,
  "lastSuccess": 0,
  "baseline": {
    "passed": true,
    "mean": 0.114233,
    "variance": 0.00050237,
    "min": 0.043516,
    "max": 0.147473
  },
  "hardware": {
    "passed": true,
    "dark": 0.126832,
    "light": 0.411792,
    "fifty": 0.268874
  }
}