{
  "timestamp": "2025-12-01T05:37:29Z",
  "timestamp_ms": 20249439,
  "cycle": 9,
  "phase": 3,
  "phase_name": "1 kHz",
  "ssid": "Girod-House-of-Big-Nuts",
  "ip": "192.168.1.91",
  "rssi": -65,
  "samples": 11798839,
  "runtime": 20249,
  "mean100": 0.410965,
  "var100": 7.7e-07,
  "mean10": 0.410828,
  "var10": 8.8e-07,
  "mean1": 0.411795,
  "githubStatus": "HOST_POSTS",
  "githubCode": 0,
  "lastSuccess": 0,
  "baseline": {
    "passed": true,
    "mean": 0.107043,
    "variance": 0.00053188,
    "min": 0.050769,
    "max": 0.146667
  },
  "hardware": {
    "passed": true,
    "dark": 0.120149,
    "light": 0.409365,
    "fifty": 0.268874
  }
}