{
  "timestamp": "2025-12-01T02:26:40Z",
  "timestamp_ms": 8800667,
  "cycle": 4,
  "phase": 0,
  "phase_name": "LED OFF",
  "ssid": "Girod-House-of-Big-Nuts",
  "ip": "192.168.1.91",
  "rssi": -65,
  "samples": 5109185,
  "runtime": 8800,
  "mean100": 0.108735,
  "var100": 0.00057333,
  "mean10": 0.095656,
  "var10": 0.00032224,
  "mean1": 0.095897,
  "githubStatus": "HOST_POSTS",
  "githubCode": 0,
  "lastSuccess": 0,
  "baseline": {
    "passed": true,
    "mean": 0.108919,
    "variance": 0.00056362,
    "min": 0.050769,
    "max": 0.145861
  },
  "hardware": {
    "passed": true,
    "dark": 0.122228,
    "light": 0.411262,
    "fifty": 0.268874
  }
}