{
  "timestamp": "2025-12-01T02:52:10Z",
  "timestamp_ms": 10330118,
  "cycle": 4,
  "phase": 5,
  "phase_name": "20 kHz",
  "ssid": "Girod-House-of-Big-Nuts",
  "ip": "192.168.1.91",
  "rssi": -66,
  "samples": 6022927,
  "runtime": 10330,
  "mean100": 0.411054,
  "var100": 9.1e-07,
  "mean10": 0.411311,
  "var10": 4.2e-07,
  "mean1": 0.410183,
  "githubStatus": "HOST_POSTS",
  "githubCode": 0,
  "lastSuccess": 0,
  "baseline": {
    "passed": true,
    "mean": 0.108919,
    "variance": 0.00056362,
    "min": 0.050769,
    "max": 0.145861
  },
  "hardware": {
    "passed": true,
    "dark": 0.122228,
    "light": 0.411262,
    "fifty": 0.268874
  }
}