{
  "timestamp": "2025-12-01T01:59:16Z",
  "timestamp_ms": 7156151,
  "cycle": 3,
  "phase": 2,
  "phase_name": "100 Hz",
  "ssid": "Girod-House-of-Big-Nuts",
  "ip": "192.168.1.91",
  "rssi": -65,
  "samples": 4179511,
  "runtime": 7156,
  "mean100": 0.109484,
  "var100": 0.00057491,
  "mean10": 0.113223,
  "var10": 0.0005845,
  "mean1": 0.074139,
  "githubStatus": "HOST_POSTS",
  "githubCode": 0,
  "lastSuccess": 0,
  "baseline": {
    "passed": true,
    "mean": 0.110103,
    "variance": 0.00056534,
    "min": 0.044322,
    "max": 0.147473
  },
  "hardware": {
    "passed": true,
    "dark": 0.123438,
    "light": 0.411703,
    "fifty": 0.268874
  }
}