{
  "timestamp": "2025-12-01T01:45:41Z",
  "timestamp_ms": 6341879,
  "cycle": 2,
  "phase": 6,
  "phase_name": "LIVE TRT",
  "ssid": "Girod-House-of-Big-Nuts",
  "ip": "192.168.1.91",
  "rssi": -66,
  "samples": 2979525,
  "runtime": 6341,
  "mean100": 0.410127,
  "var100": 1.86e-06,
  "mean10": 0.409619,
  "var10": 2.6e-06,
  "mean1": 0.411795,
  "githubStatus": "HOST_POSTS",
  "githubCode": 0,
  "lastSuccess": 0,
  "baseline": {
    "passed": true,
    "mean": 0.103834,
    "variance": 0.00062961,
    "min": 0.031429,
    "max": 0.141026
  },
  "hardware": {
    "passed": true,
    "dark": 0.117498,
    "light": 0.410358,
    "fifty": 0.265363
  }
}