{
  "timestamp": "2025-12-01T12:30:09Z",
  "timestamp_ms": 45009722,
  "cycle": 21,
  "phase": 0,
  "phase_name": "LED OFF",
  "ssid": "Girod-House-of-Big-Nuts",
  "ip": "192.168.1.91",
  "rssi": -64,
  "samples": 25270357,
  "runtime": 45009,
  "mean100": 0.114755,
  "var100": 0.00048084,
  "mean10": 0.126923,
  "var10": 0.00024278,
  "mean1": 0.09759,
  "githubStatus": "HOST_POSTS",
  "githubCode": 0,
  "lastSuccess": 0,
  "baseline": {
    "passed": true,
    "mean": 0.113837,
    "variance": 0.00049387,
    "min": 0.067692,
    "max": 0.147473
  },
  "hardware": {
    "passed": true,
    "dark": 0.126505,
    "light": 0.411796,
    "fifty": 0.268874
  }
}