{
  "timestamp": "2025-12-01T10:17:36Z",
  "timestamp_ms": 37056312,
  "cycle": 17,
  "phase": 2,
  "phase_name": "100 Hz",
  "ssid": "Girod-House-of-Big-Nuts",
  "ip": "192.168.1.91",
  "rssi": -64,
  "samples": 20897295,
  "runtime": 37056,
  "mean100": 0.111644,
  "var100": 0.00051504,
  "mean10": 0.098799,
  "var10": 0.00031889,
  "mean1": 0.102344,
  "githubStatus": "HOST_POSTS",
  "githubCode": 0,
  "lastSuccess": 0,
  "baseline": {
    "passed": true,
    "mean": 0.111785,
    "variance": 0.00049288,
    "min": 0.050769,
    "max": 0.147473
  },
  "hardware": {
    "passed": true,
    "dark": 0.124655,
    "light": 0.411699,
    "fifty": 0.268874
  }
}