{
  "timestamp": "2025-12-01T04:11:01Z",
  "timestamp_ms": 15061512,
  "cycle": 7,
  "phase": 0,
  "phase_name": "LED OFF",
  "ssid": "Girod-House-of-Big-Nuts",
  "ip": "192.168.1.91",
  "rssi": -65,
  "samples": 8733870,
  "runtime": 15061,
  "mean100": 0.108711,
  "var100": 0.00061418,
  "mean10": 0.10863,
  "var10": 0.00078187,
  "mean1": 0.136996,
  "githubStatus": "HOST_POSTS",
  "githubCode": 0,
  "lastSuccess": 0,
  "baseline": {
    "passed": true,
    "mean": 0.106752,
    "variance": 0.00058906,
    "min": 0.050769,
    "max": 0.144249
  },
  "hardware": {
    "passed": true,
    "dark": 0.119801,
    "light": 0.409588,
    "fifty": 0.268874
  }
}