{
  "timestamp": "2025-12-01T04:57:34Z",
  "timestamp_ms": 17854195,
  "cycle": 8,
  "phase": 2,
  "phase_name": "100 Hz",
  "ssid": "Girod-House-of-Big-Nuts",
  "ip": "192.168.1.91",
  "rssi": -63,
  "samples": 10417562,
  "runtime": 17854,
  "mean100": 0.107397,
  "var100": 0.00058156,
  "mean10": 0.122733,
  "var10": 0.00020444,
  "mean1": 0.113626,
  "githubStatus": "HOST_POSTS",
  "githubCode": 0,
  "lastSuccess": 0,
  "baseline": {
    "passed": true,
    "mean": 0.106293,
    "variance": 0.00059681,
    "min": 0.06044,
    "max": 0.144249
  },
  "hardware": {
    "passed": true,
    "dark": 0.119522,
    "light": 0.409302,
    "fifty": 0.268874
  }
}