{
  "timestamp": "2025-12-01T06:06:37Z",
  "timestamp_ms": 21997586,
  "cycle": 10,
  "phase": 2,
  "phase_name": "100 Hz",
  "ssid": "Girod-House-of-Big-Nuts",
  "ip": "192.168.1.91",
  "rssi": -64,
  "samples": 12795977,
  "runtime": 21997,
  "mean100": 0.1095,
  "var100": 0.00052464,
  "mean10": 0.10863,
  "var10": 0.00053652,
  "mean1": 0.076557,
  "githubStatus": "HOST_POSTS",
  "githubCode": 0,
  "lastSuccess": 0,
  "baseline": {
    "passed": true,
    "mean": 0.109338,
    "variance": 0.00052686,
    "min": 0.044322,
    "max": 0.145055
  },
  "hardware": {
    "passed": true,
    "dark": 0.122155,
    "light": 0.411163,
    "fifty": 0.268874
  }
}