{
  "timestamp": "2025-12-01T02:14:01Z",
  "timestamp_ms": 8041259,
  "cycle": 3,
  "phase": 5,
  "phase_name": "20 kHz",
  "ssid": "Girod-House-of-Big-Nuts",
  "ip": "192.168.1.91",
  "rssi": -62,
  "samples": 3858654,
  "runtime": 8041,
  "mean100": 0.411126,
  "var100": 7.8e-07,
  "mean10": 0.411311,
  "var10": 6.8e-07,
  "mean1": 0.411795,
  "githubStatus": "HOST_POSTS",
  "githubCode": 0,
  "lastSuccess": 0,
  "baseline": {
    "passed": true,
    "mean": 0.104212,
    "variance": 0.00057401,
    "min": 0.043516,
    "max": 0.144249
  },
  "hardware": {
    "passed": true,
    "dark": 0.117476,
    "light": 0.410155,
    "fifty": 0.265363
  }
}