{
  "timestamp": "2025-12-01T08:39:13Z",
  "timestamp_ms": 31153340,
  "cycle": 14,
  "phase": 4,
  "phase_name": "10 kHz",
  "ssid": "Girod-House-of-Big-Nuts",
  "ip": "192.168.1.91",
  "rssi": -65,
  "samples": 17900039,
  "runtime": 31153,
  "mean100": 0.112547,
  "var100": 0.00050665,
  "mean10": 0.103956,
  "var10": 0.00037757,
  "mean1": 0.094286,
  "githubStatus": "HOST_POSTS",
  "githubCode": 0,
  "lastSuccess": 0,
  "baseline": {
    "passed": true,
    "mean": 0.11267,
    "variance": 0.00049835,
    "min": 0.050769,
    "max": 0.147473
  },
  "hardware": {
    "passed": true,
    "dark": 0.125293,
    "light": 0.411775,
    "fifty": 0.268874
  }
}