{
  "timestamp": "2025-12-01T00:00:53Z",
  "timestamp_ms": 53962,
  "cycle": 0,
  "phase": 0,
  "phase_name": "LED OFF",
  "ssid": "Girod-House-of-Big-Nuts",
  "ip": "192.168.1.91",
  "rssi": -65,
  "samples": 7232,
  "runtime": 53,
  "mean100": 0.113828,
  "var100": 0.00042847,
  "mean10": 0.122571,
  "var10": 0.00036568,
  "mean1": 0.088645,
  "githubStatus": "HOST_POSTS",
  "githubCode": 0,
  "lastSuccess": 0,
  "baseline": {
    "passed": true,
    "mean": 0.115096,
    "variance": 0.0004129,
    "min": 0.076557,
    "max": 0.150696
  },
  "hardware": {
    "passed": true,
    "dark": 0.126642,
    "light": 0.411794,
    "fifty": 0.268553
  }
}