{
  "timestamp": "2025-12-01T00:00:59Z",
  "timestamp_ms": 59216,
  "cycle": 0,
  "phase": 0,
  "phase_name": "LED OFF",
  "ssid": "Girod-House-of-Big-Nuts",
  "ip": "192.168.1.91",
  "rssi": -59,
  "samples": 2020,
  "runtime": 59,
  "mean100": 0.098984,
  "var100": 0.00028047,
  "mean10": 0.099524,
  "var10": 0.00028785,
  "mean1": 0.121685,
  "githubStatus": "HOST_POSTS",
  "githubCode": 0,
  "lastSuccess": 0,
  "baseline": {
    "passed": true,
    "mean": 0.113882,
    "variance": 0.00015729,
    "min": 0.073333,
    "max": 0.137802
  },
  "hardware": {
    "passed": true,
    "dark": 0.124191,
    "light": 0.411784,
    "fifty": 0.266826
  }
}