{
  "timestamp": "2025-12-01T06:44:15Z",
  "timestamp_ms": 24255053,
  "cycle": 11,
  "phase": 2,
  "phase_name": "100 Hz",
  "ssid": "Girod-House-of-Big-Nuts",
  "ip": "192.168.1.91",
  "rssi": -63,
  "samples": 14056973,
  "runtime": 24255,
  "mean100": 0.112144,
  "var100": 0.0004847,
  "mean10": 0.126198,
  "var10": 0.00019368,
  "mean1": 0.099927,
  "githubStatus": "HOST_POSTS",
  "githubCode": 0,
  "lastSuccess": 0,
  "baseline": {
    "passed": true,
    "mean": 0.110769,
    "variance": 0.0005124,
    "min": 0.061245,
    "max": 0.147473
  },
  "hardware": {
    "passed": true,
    "dark": 0.123658,
    "light": 0.411655,
    "fifty": 0.268874
  }
}