{
  "timestamp": "2025-12-01T00:01:54Z",
  "timestamp_ms": 114957,
  "cycle": 0,
  "phase": 0,
  "phase_name": "LED OFF",
  "ssid": "Girod-House-of-Big-Nuts",
  "ip": "192.168.1.91",
  "rssi": -61,
  "samples": 10579,
  "runtime": 114,
  "mean100": 0.097856,
  "var100": 0.00029452,
  "mean10": 0.097026,
  "var10": 0.00030538,
  "mean1": 0.118462,
  "githubStatus": "HOST_POSTS",
  "githubCode": 0,
  "lastSuccess": 0,
  "baseline": {
    "passed": true,
    "mean": 0.11341,
    "variance": 0.00014822,
    "min": 0.076557,
    "max": 0.14022
  },
  "hardware": {
    "passed": true,
    "dark": 0.123615,
    "light": 0.411162,
    "fifty": 0.267261
  }
}