{
  "timestamp": "2025-12-01T05:20:39Z",
  "timestamp_ms": 19239469,
  "cycle": 9,
  "phase": 0,
  "phase_name": "LED OFF",
  "ssid": "Girod-House-of-Big-Nuts",
  "ip": "192.168.1.91",
  "rssi": -64,
  "samples": 11134590,
  "runtime": 19239,
  "mean100": 0.1078,
  "var100": 0.00053027,
  "mean10": 0.123458,
  "var10": 0.00015635,
  "mean1": 0.102344,
  "githubStatus": "HOST_POSTS",
  "githubCode": 0,
  "lastSuccess": 0,
  "baseline": {
    "passed": true,
    "mean": 0.107043,
    "variance": 0.00053188,
    "min": 0.050769,
    "max": 0.146667
  },
  "hardware": {
    "passed": true,
    "dark": 0.120149,
    "light": 0.409365,
    "fifty": 0.268874
  }
}