{
  "timestamp": "2025-12-01T08:41:36Z",
  "timestamp_ms": 31296110,
  "cycle": 14,
  "phase": 4,
  "phase_name": "10 kHz",
  "ssid": "Girod-House-of-Big-Nuts",
  "ip": "192.168.1.91",
  "rssi": -64,
  "samples": 17971467,
  "runtime": 31296,
  "mean100": 0.114561,
  "var100": 0.00049241,
  "mean10": 0.12233,
  "var10": 0.00040053,
  "mean1": 0.133773,
  "githubStatus": "HOST_POSTS",
  "githubCode": 0,
  "lastSuccess": 0,
  "baseline": {
    "passed": true,
    "mean": 0.11267,
    "variance": 0.00049835,
    "min": 0.050769,
    "max": 0.147473
  },
  "hardware": {
    "passed": true,
    "dark": 0.125293,
    "light": 0.411775,
    "fifty": 0.268874
  }
}