{
  "timestamp": "2025-12-01T02:50:15Z",
  "timestamp_ms": 10215453,
  "cycle": 4,
  "phase": 5,
  "phase_name": "20 kHz",
  "ssid": "Girod-House-of-Big-Nuts",
  "ip": "192.168.1.91",
  "rssi": -64,
  "samples": 5578125,
  "runtime": 10215,
  "mean100": 0.405251,
  "var100": 1.15e-06,
  "mean10": 0.405267,
  "var10": 6e-08,
  "mean1": 0.405348,
  "githubStatus": "HOST_POSTS",
  "githubCode": 0,
  "lastSuccess": 0,
  "baseline": {
    "passed": true,
    "mean": 0.112703,
    "variance": 0.00024748,
    "min": 0.076557,
    "max": 0.141026
  },
  "hardware": {
    "passed": true,
    "dark": 0.123113,
    "light": 0.411775,
    "fifty": 0.268553
  }
}