{
  "timestamp": "2025-12-01T00:46:29Z",
  "timestamp_ms": 2789741,
  "cycle": 1,
  "phase": 2,
  "phase_name": "100 Hz",
  "ssid": "Girod-House-of-Big-Nuts",
  "ip": "192.168.1.91",
  "rssi": -61,
  "samples": 1398581,
  "runtime": 2789,
  "mean100": 0.103658,
  "var100": 0.00062572,
  "mean10": 0.116205,
  "var10": 0.00042794,
  "mean1": 0.075751,
  "githubStatus": "HOST_POSTS",
  "githubCode": 0,
  "lastSuccess": 0,
  "baseline": {
    "passed": true,
    "mean": 0.103504,
    "variance": 0.00064777,
    "min": 0.049963,
    "max": 0.145055
  },
  "hardware": {
    "passed": true,
    "dark": 0.116926,
    "light": 0.411766,
    "fifty": 0.265363
  }
}