{
  "timestamp": "2025-12-01T12:39:19Z",
  "timestamp_ms": 45559462,
  "cycle": 21,
  "phase": 2,
  "phase_name": "100 Hz",
  "ssid": "Girod-House-of-Big-Nuts",
  "ip": "192.168.1.91",
  "rssi": -64,
  "samples": 25594670,
  "runtime": 45559,
  "mean100": 0.113989,
  "var100": 0.00049779,
  "mean10": 0.110725,
  "var10": 0.0004741,
  "mean1": 0.083004,
  "githubStatus": "HOST_POSTS",
  "githubCode": 0,
  "lastSuccess": 0,
  "baseline": {
    "passed": true,
    "mean": 0.113837,
    "variance": 0.00049387,
    "min": 0.067692,
    "max": 0.147473
  },
  "hardware": {
    "passed": true,
    "dark": 0.126505,
    "light": 0.411796,
    "fifty": 0.268874
  }
}