{
  "timestamp": "2025-12-01T05:03:39Z",
  "timestamp_ms": 18219608,
  "cycle": 8,
  "phase": 3,
  "phase_name": "1 kHz",
  "ssid": "Girod-House-of-Big-Nuts",
  "ip": "192.168.1.91",
  "rssi": -66,
  "samples": 10635500,
  "runtime": 18219,
  "mean100": 0.408983,
  "var100": 1.69e-06,
  "mean10": 0.409055,
  "var10": 8.1e-07,
  "mean1": 0.408571,
  "githubStatus": "HOST_POSTS",
  "githubCode": 0,
  "lastSuccess": 0,
  "baseline": {
    "passed": true,
    "mean": 0.106293,
    "variance": 0.00059681,
    "min": 0.06044,
    "max": 0.144249
  },
  "hardware": {
    "passed": true,
    "dark": 0.119522,
    "light": 0.409302,
    "fifty": 0.268874
  }
}