{
  "timestamp": "2025-12-01T09:06:09Z",
  "timestamp_ms": 32769818,
  "cycle": 15,
  "phase": 2,
  "phase_name": "100 Hz",
  "ssid": "Girod-House-of-Big-Nuts",
  "ip": "192.168.1.91",
  "rssi": -64,
  "samples": 18700027,
  "runtime": 32769,
  "mean100": 0.114102,
  "var100": 0.00051392,
  "mean10": 0.106535,
  "var10": 0.0005486,
  "mean1": 0.141026,
  "githubStatus": "HOST_POSTS",
  "githubCode": 0,
  "lastSuccess": 0,
  "baseline": {
    "passed": true,
    "mean": 0.112572,
    "variance": 0.00048191,
    "min": 0.063663,
    "max": 0.147473
  },
  "hardware": {
    "passed": true,
    "dark": 0.125152,
    "light": 0.411768,
    "fifty": 0.268874
  }
}