{
  "timestamp": "2025-12-01T00:01:30Z",
  "timestamp_ms": 90322,
  "cycle": 0,
  "phase": 0,
  "phase_name": "LED OFF",
  "ssid": "Girod-House-of-Big-Nuts",
  "ip": "192.168.1.91",
  "rssi": -65,
  "samples": 34679,
  "runtime": 90,
  "mean100": 0.111217,
  "var100": 0.00060149,
  "mean10": 0.11137,
  "var10": 0.00063692,
  "mean1": 0.074945,
  "githubStatus": "HOST_POSTS",
  "githubCode": 0,
  "lastSuccess": 0,
  "baseline": {
    "passed": true,
    "mean": 0.112521,
    "variance": 0.00060704,
    "min": 0.063663,
    "max": 0.153114
  },
  "hardware": {
    "passed": true,
    "dark": 0.125568,
    "light": 0.411795,
    "fifty": 0.268874
  }
}