{
  "timestamp": "2025-12-01T02:59:25Z",
  "timestamp_ms": 10765456,
  "cycle": 5,
  "phase": 0,
  "phase_name": "LED OFF",
  "ssid": "Girod-House-of-Big-Nuts",
  "ip": "192.168.1.91",
  "rssi": -66,
  "samples": 6236586,
  "runtime": 10765,
  "mean100": 0.108139,
  "var100": 0.0005627,
  "mean10": 0.120879,
  "var10": 0.00038263,
  "mean1": 0.082198,
  "githubStatus": "HOST_POSTS",
  "githubCode": 0,
  "lastSuccess": 0,
  "baseline": {
    "passed": true,
    "mean": 0.108117,
    "variance": 0.00057068,
    "min": 0.057216,
    "max": 0.147473
  },
  "hardware": {
    "passed": true,
    "dark": 0.121533,
    "light": 0.410831,
    "fifty": 0.268874
  }
}