{
  "timestamp": "2025-12-01T01:00:13Z",
  "timestamp_ms": 3613097,
  "cycle": 1,
  "phase": 4,
  "phase_name": "10 kHz",
  "ssid": "Girod-House-of-Big-Nuts",
  "ip": "192.168.1.91",
  "rssi": -63,
  "samples": 1978734,
  "runtime": 3613,
  "mean100": 0.113449,
  "var100": 0.00022215,
  "mean10": 0.10863,
  "var10": 0.00022584,
  "mean1": 0.097509,
  "githubStatus": "HOST_POSTS",
  "githubCode": 0,
  "lastSuccess": 0,
  "baseline": {
    "passed": true,
    "mean": 0.113757,
    "variance": 0.00021983,
    "min": 0.069304,
    "max": 0.138608
  },
  "hardware": {
    "passed": true,
    "dark": 0.123837,
    "light": 0.411794,
    "fifty": 0.268553
  }
}