{
  "timestamp": "2025-12-01T01:35:42Z",
  "timestamp_ms": 5742661,
  "cycle": 2,
  "phase": 4,
  "phase_name": "10 kHz",
  "ssid": "Girod-House-of-Big-Nuts",
  "ip": "192.168.1.91",
  "rssi": -66,
  "samples": 3382530,
  "runtime": 5742,
  "mean100": 0.110234,
  "var100": 0.00059553,
  "mean10": 0.107421,
  "var10": 0.00059084,
  "mean1": 0.076557,
  "githubStatus": "HOST_POSTS",
  "githubCode": 0,
  "lastSuccess": 0,
  "baseline": {
    "passed": true,
    "mean": 0.110489,
    "variance": 0.00058166,
    "min": 0.04674,
    "max": 0.146667
  },
  "hardware": {
    "passed": true,
    "dark": 0.123654,
    "light": 0.411746,
    "fifty": 0.268874
  }
}