{
  "timestamp": "2025-12-01T10:50:45Z",
  "timestamp_ms": 39045827,
  "cycle": 18,
  "phase": 2,
  "phase_name": "100 Hz",
  "ssid": "Girod-House-of-Big-Nuts",
  "ip": "192.168.1.91",
  "rssi": -64,
  "samples": 22038721,
  "runtime": 39045,
  "mean100": 0.113304,
  "var100": 0.00051005,
  "mean10": 0.116447,
  "var10": 0.0005858,
  "mean1": 0.134579,
  "githubStatus": "HOST_POSTS",
  "githubCode": 0,
  "lastSuccess": 0,
  "baseline": {
    "passed": true,
    "mean": 0.111408,
    "variance": 0.00050068,
    "min": 0.050769,
    "max": 0.146667
  },
  "hardware": {
    "passed": true,
    "dark": 0.123962,
    "light": 0.411673,
    "fifty": 0.268874
  }
}