{
  "timestamp": "2025-12-01T00:03:18Z",
  "timestamp_ms": 198771,
  "cycle": 0,
  "phase": 0,
  "phase_name": "LED OFF",
  "ssid": "Girod-House-of-Big-Nuts",
  "ip": "192.168.1.91",
  "rssi": -63,
  "samples": 114779,
  "runtime": 198,
  "mean100": 0.113723,
  "var100": 0.00013683,
  "mean10": 0.112337,
  "var10": 0.00015264,
  "mean1": 0.099121,
  "githubStatus": "HOST_POSTS",
  "githubCode": 0,
  "lastSuccess": 0,
  "baseline": {
    "passed": true,
    "mean": 0.114935,
    "variance": 0.00012742,
    "min": 0.076557,
    "max": 0.137802
  },
  "hardware": {
    "passed": true,
    "dark": 0.125239,
    "light": 0.411652,
    "fifty": 0.268185
  }
}