{
  "timestamp": "2025-12-01T02:01:27Z",
  "timestamp_ms": 7287811,
  "cycle": 3,
  "phase": 2,
  "phase_name": "100 Hz",
  "ssid": "Girod-House-of-Big-Nuts",
  "ip": "192.168.1.91",
  "rssi": -65,
  "samples": 4268495,
  "runtime": 7287,
  "mean100": 0.11141,
  "var100": 0.00057559,
  "mean10": 0.116366,
  "var10": 0.00064125,
  "mean1": 0.136996,
  "githubStatus": "HOST_POSTS",
  "githubCode": 0,
  "lastSuccess": 0,
  "baseline": {
    "passed": true,
    "mean": 0.110103,
    "variance": 0.00056534,
    "min": 0.044322,
    "max": 0.147473
  },
  "hardware": {
    "passed": true,
    "dark": 0.123438,
    "light": 0.411703,
    "fifty": 0.268874
  }
}