{
  "timestamp": "2025-12-01T05:52:46Z",
  "timestamp_ms": 21166611,
  "cycle": 9,
  "phase": 6,
  "phase_name": "LIVE TRT",
  "ssid": "Girod-House-of-Big-Nuts",
  "ip": "192.168.1.91",
  "rssi": -63,
  "samples": 12280000,
  "runtime": 21166,
  "mean100": 0.411174,
  "var100": 9.1e-07,
  "mean10": 0.410505,
  "var10": 1.32e-06,
  "mean1": 0.410989,
  "githubStatus": "HOST_POSTS",
  "githubCode": 0,
  "lastSuccess": 0,
  "baseline": {
    "passed": true,
    "mean": 0.107043,
    "variance": 0.00053188,
    "min": 0.050769,
    "max": 0.146667
  },
  "hardware": {
    "passed": true,
    "dark": 0.120149,
    "light": 0.409365,
    "fifty": 0.268874
  }
}