{
  "timestamp": "2025-12-01T01:00:57Z",
  "timestamp_ms": 3657448,
  "cycle": 1,
  "phase": 4,
  "phase_name": "10 kHz",
  "ssid": "Girod-House-of-Big-Nuts",
  "ip": "192.168.1.91",
  "rssi": -62,
  "samples": 1726270,
  "runtime": 3657,
  "mean100": 0.10535,
  "var100": 0.00057636,
  "mean10": 0.092755,
  "var10": 0.00047166,
  "mean1": 0.133773,
  "githubStatus": "HOST_POSTS",
  "githubCode": 0,
  "lastSuccess": 0,
  "baseline": {
    "passed": true,
    "mean": 0.103504,
    "variance": 0.00064777,
    "min": 0.049963,
    "max": 0.145055
  },
  "hardware": {
    "passed": true,
    "dark": 0.116926,
    "light": 0.411766,
    "fifty": 0.265363
  }
}