{
  "timestamp": "2025-12-01T01:35:47Z",
  "timestamp_ms": 5747287,
  "cycle": 2,
  "phase": 4,
  "phase_name": "10 kHz",
  "ssid": "Girod-House-of-Big-Nuts",
  "ip": "192.168.1.91",
  "rssi": -67,
  "samples": 2712122,
  "runtime": 5747,
  "mean100": 0.104867,
  "var100": 0.00061829,
  "mean10": 0.105568,
  "var10": 0.00072682,
  "mean1": 0.128132,
  "githubStatus": "HOST_POSTS",
  "githubCode": 0,
  "lastSuccess": 0,
  "baseline": {
    "passed": true,
    "mean": 0.103834,
    "variance": 0.00062961,
    "min": 0.031429,
    "max": 0.141026
  },
  "hardware": {
    "passed": true,
    "dark": 0.117498,
    "light": 0.410358,
    "fifty": 0.265363
  }
}