{
  "timestamp": "2025-12-01T00:47:41Z",
  "timestamp_ms": 2861911,
  "cycle": 1,
  "phase": 2,
  "phase_name": "100 Hz",
  "ssid": "Girod-House-of-Big-Nuts",
  "ip": "192.168.1.91",
  "rssi": -61,
  "samples": 1443293,
  "runtime": 2861,
  "mean100": 0.104697,
  "var100": 0.00062852,
  "mean10": 0.118139,
  "var10": 0.00037149,
  "mean1": 0.119267,
  "githubStatus": "HOST_POSTS",
  "githubCode": 0,
  "lastSuccess": 0,
  "baseline": {
    "passed": true,
    "mean": 0.103504,
    "variance": 0.00064777,
    "min": 0.049963,
    "max": 0.145055
  },
  "hardware": {
    "passed": true,
    "dark": 0.116926,
    "light": 0.411766,
    "fifty": 0.265363
  }
}