{
  "timestamp": "2025-12-01T00:25:24Z",
  "timestamp_ms": 1524332,
  "cycle": 0,
  "phase": 4,
  "phase_name": "10 kHz",
  "ssid": "Girod-House-of-Big-Nuts",
  "ip": "192.168.1.91",
  "rssi": -62,
  "samples": 876588,
  "runtime": 1524,
  "mean100": 0.115552,
  "var100": 0.0002214,
  "mean10": 0.112095,
  "var10": 0.00021878,
  "mean1": 0.097509,
  "githubStatus": "HOST_POSTS",
  "githubCode": 0,
  "lastSuccess": 0,
  "baseline": {
    "passed": true,
    "mean": 0.115096,
    "variance": 0.0004129,
    "min": 0.076557,
    "max": 0.150696
  },
  "hardware": {
    "passed": true,
    "dark": 0.126642,
    "light": 0.411794,
    "fifty": 0.268553
  }
}