{
  "timestamp": "2025-12-01T00:46:48Z",
  "timestamp_ms": 2808767,
  "cycle": 1,
  "phase": 2,
  "phase_name": "100 Hz",
  "ssid": "Girod-House-of-Big-Nuts",
  "ip": "192.168.1.91",
  "rssi": -66,
  "samples": 1589580,
  "runtime": 2808,
  "mean100": 0.112281,
  "var100": 0.00022805,
  "mean10": 0.108388,
  "var10": 0.00019369,
  "mean1": 0.100733,
  "githubStatus": "HOST_POSTS",
  "githubCode": 0,
  "lastSuccess": 0,
  "baseline": {
    "passed": true,
    "mean": 0.113757,
    "variance": 0.00021983,
    "min": 0.069304,
    "max": 0.138608
  },
  "hardware": {
    "passed": true,
    "dark": 0.123837,
    "light": 0.411794,
    "fifty": 0.268553
  }
}