{
  "timestamp": "2025-12-01T00:01:33Z",
  "timestamp_ms": 93141,
  "cycle": 0,
  "phase": 0,
  "phase_name": "LED OFF",
  "ssid": "Girod-House-of-Big-Nuts",
  "ip": "192.168.1.91",
  "rssi": -60,
  "samples": 8968,
  "runtime": 93,
  "mean100": 0.098613,
  "var100": 0.00032019,
  "mean10": 0.09759,
  "var10": 0.00034178,
  "mean1": 0.124103,
  "githubStatus": "HOST_POSTS",
  "githubCode": 0,
  "lastSuccess": 0,
  "baseline": {
    "passed": true,
    "mean": 0.113908,
    "variance": 0.00017444,
    "min": 0.083004,
    "max": 0.141026
  },
  "hardware": {
    "passed": true,
    "dark": 0.123988,
    "light": 0.411504,
    "fifty": 0.268392
  }
}