{
  "timestamp": "2025-12-01T00:15:19Z",
  "timestamp_ms": 919845,
  "cycle": 0,
  "phase": 2,
  "phase_name": "100 Hz",
  "ssid": "Girod-House-of-Big-Nuts",
  "ip": "192.168.1.91",
  "rssi": -64,
  "samples": 533947,
  "runtime": 919,
  "mean100": 0.116221,
  "var100": 0.00023077,
  "mean10": 0.107502,
  "var10": 0.0001316,
  "mean1": 0.114432,
  "githubStatus": "HOST_POSTS",
  "githubCode": 0,
  "lastSuccess": 0,
  "baseline": {
    "passed": true,
    "mean": 0.115096,
    "variance": 0.0004129,
    "min": 0.076557,
    "max": 0.150696
  },
  "hardware": {
    "passed": true,
    "dark": 0.126642,
    "light": 0.411794,
    "fifty": 0.268553
  }
}