{
  "timestamp": "2025-12-01T02:10:58Z",
  "timestamp_ms": 7858030,
  "cycle": 3,
  "phase": 4,
  "phase_name": "10 kHz",
  "ssid": "Girod-House-of-Big-Nuts",
  "ip": "192.168.1.91",
  "rssi": -67,
  "samples": 4264482,
  "runtime": 7858,
  "mean100": 0.113441,
  "var100": 0.00025491,
  "mean10": 0.118945,
  "var10": 0.00025226,
  "mean1": 0.091868,
  "githubStatus": "HOST_POSTS",
  "githubCode": 0,
  "lastSuccess": 0,
  "baseline": {
    "passed": true,
    "mean": 0.113133,
    "variance": 0.00024655,
    "min": 0.063663,
    "max": 0.138608
  },
  "hardware": {
    "passed": true,
    "dark": 0.123478,
    "light": 0.411774,
    "fifty": 0.268553
  }
}