{
  "timestamp": "2025-12-01T00:02:05Z",
  "timestamp_ms": 125571,
  "cycle": 0,
  "phase": 0,
  "phase_name": "LED OFF",
  "ssid": "Girod-House-of-Big-Nuts",
  "ip": "192.168.1.91",
  "rssi": -60,
  "samples": 11906,
  "runtime": 125,
  "mean100": 0.098154,
  "var100": 0.00032091,
  "mean10": 0.097751,
  "var10": 0.00033497,
  "mean1": 0.076557,
  "githubStatus": "HOST_POSTS",
  "githubCode": 0,
  "lastSuccess": 0,
  "baseline": {
    "passed": true,
    "mean": 0.113882,
    "variance": 0.00015729,
    "min": 0.073333,
    "max": 0.137802
  },
  "hardware": {
    "passed": true,
    "dark": 0.124191,
    "light": 0.411784,
    "fifty": 0.266826
  }
}