{
  "timestamp": "2025-12-01T04:58:39Z",
  "timestamp_ms": 17919950,
  "cycle": 8,
  "phase": 2,
  "phase_name": "100 Hz",
  "ssid": "Girod-House-of-Big-Nuts",
  "ip": "192.168.1.91",
  "rssi": -66,
  "samples": 10461178,
  "runtime": 17919,
  "mean100": 0.107784,
  "var100": 0.00060309,
  "mean10": 0.107582,
  "var10": 0.00072309,
  "mean1": 0.134579,
  "githubStatus": "HOST_POSTS",
  "githubCode": 0,
  "lastSuccess": 0,
  "baseline": {
    "passed": true,
    "mean": 0.106293,
    "variance": 0.00059681,
    "min": 0.06044,
    "max": 0.144249
  },
  "hardware": {
    "passed": true,
    "dark": 0.119522,
    "light": 0.409302,
    "fifty": 0.268874
  }
}