{
  "timestamp": "2025-12-01T04:54:50Z",
  "timestamp_ms": 17690976,
  "cycle": 8,
  "phase": 2,
  "phase_name": "100 Hz",
  "ssid": "Girod-House-of-Big-Nuts",
  "ip": "192.168.1.91",
  "rssi": -64,
  "samples": 10308703,
  "runtime": 17690,
  "mean100": 0.105818,
  "var100": 0.00056283,
  "mean10": 0.119026,
  "var10": 0.00031198,
  "mean1": 0.083004,
  "githubStatus": "HOST_POSTS",
  "githubCode": 0,
  "lastSuccess": 0,
  "baseline": {
    "passed": true,
    "mean": 0.106293,
    "variance": 0.00059681,
    "min": 0.06044,
    "max": 0.144249
  },
  "hardware": {
    "passed": true,
    "dark": 0.119522,
    "light": 0.409302,
    "fifty": 0.268874
  }
}