{
  "timestamp": "2025-12-01T07:09:16Z",
  "timestamp_ms": 25756602,
  "cycle": 12,
  "phase": 0,
  "phase_name": "LED OFF",
  "ssid": "Girod-House-of-Big-Nuts",
  "ip": "192.168.1.91",
  "rssi": -64,
  "samples": 14876574,
  "runtime": 25756,
  "mean100": 0.113844,
  "var100": 0.00049159,
  "mean10": 0.106132,
  "var10": 0.00053512,
  "mean1": 0.141026,
  "githubStatus": "HOST_POSTS",
  "githubCode": 0,
  "lastSuccess": 0,
  "baseline": {
    "passed": true,
    "mean": 0.111852,
    "variance": 0.00049819,
    "min": 0.07011,
    "max": 0.148278
  },
  "hardware": {
    "passed": true,
    "dark": 0.12465,
    "light": 0.411727,
    "fifty": 0.268874
  }
}