{
  "timestamp": "2025-12-01T00:40:39Z",
  "timestamp_ms": 2439136,
  "cycle": 1,
  "phase": 0,
  "phase_name": "LED OFF",
  "ssid": "Girod-House-of-Big-Nuts",
  "ip": "192.168.1.91",
  "rssi": -64,
  "samples": 1367500,
  "runtime": 2439,
  "mean100": 0.115609,
  "var100": 0.00023417,
  "mean10": 0.123216,
  "var10": 0.00013436,
  "mean1": 0.120073,
  "githubStatus": "HOST_POSTS",
  "githubCode": 0,
  "lastSuccess": 0,
  "baseline": {
    "passed": true,
    "mean": 0.113757,
    "variance": 0.00021983,
    "min": 0.069304,
    "max": 0.138608
  },
  "hardware": {
    "passed": true,
    "dark": 0.123837,
    "light": 0.411794,
    "fifty": 0.268553
  }
}