{
  "timestamp": "2025-12-01T12:37:35Z",
  "timestamp_ms": 45455392,
  "cycle": 21,
  "phase": 2,
  "phase_name": "100 Hz",
  "ssid": "Girod-House-of-Big-Nuts",
  "ip": "192.168.1.91",
  "rssi": -64,
  "samples": 25532582,
  "runtime": 45455,
  "mean100": 0.115029,
  "var100": 0.000467,
  "mean10": 0.12926,
  "var10": 0.00015433,
  "mean1": 0.119267,
  "githubStatus": "HOST_POSTS",
  "githubCode": 0,
  "lastSuccess": 0,
  "baseline": {
    "passed": true,
    "mean": 0.113837,
    "variance": 0.00049387,
    "min": 0.067692,
    "max": 0.147473
  },
  "hardware": {
    "passed": true,
    "dark": 0.126505,
    "light": 0.411796,
    "fifty": 0.268874
  }
}