{
  "timestamp": "2025-12-01T04:39:15Z",
  "timestamp_ms": 16755470,
  "cycle": 7,
  "phase": 6,
  "phase_name": "LIVE TRT",
  "ssid": "Girod-House-of-Big-Nuts",
  "ip": "192.168.1.91",
  "rssi": -66,
  "samples": 9740598,
  "runtime": 16755,
  "mean100": 0.409281,
  "var100": 2.04e-06,
  "mean10": 0.410022,
  "var10": 1.27e-06,
  "mean1": 0.410989,
  "githubStatus": "HOST_POSTS",
  "githubCode": 0,
  "lastSuccess": 0,
  "baseline": {
    "passed": true,
    "mean": 0.106752,
    "variance": 0.00058906,
    "min": 0.050769,
    "max": 0.144249
  },
  "hardware": {
    "passed": true,
    "dark": 0.119801,
    "light": 0.409588,
    "fifty": 0.268874
  }
}