{
  "timestamp": "2025-12-01T01:04:54Z",
  "timestamp_ms": 3894708,
  "cycle": 1,
  "phase": 5,
  "phase_name": "20 kHz",
  "ssid": "Girod-House-of-Big-Nuts",
  "ip": "192.168.1.91",
  "rssi": -63,
  "samples": 1803500,
  "runtime": 3894,
  "mean100": 0.410159,
  "var100": 1.97e-06,
  "mean10": 0.410425,
  "var10": 1.44e-06,
  "mean1": 0.409377,
  "githubStatus": "HOST_POSTS",
  "githubCode": 0,
  "lastSuccess": 0,
  "baseline": {
    "passed": true,
    "mean": 0.103504,
    "variance": 0.00064777,
    "min": 0.049963,
    "max": 0.145055
  },
  "hardware": {
    "passed": true,
    "dark": 0.116926,
    "light": 0.411766,
    "fifty": 0.265363
  }
}