{"timestamp":"2025-12-01T00:23:59Z","timestamp_ms":1439695,"cycle":0,"phase":4,"phase_name":"10 kHz","ssid":"Girod-House-of-Big-Nuts","ip":"192.168.1.91","rssi":-59,"samples":687005,"runtime":1439,"mean100":0.108840,"var100":0.00043386,"mean10":0.122410,"var10":0.00013046,"mean1":0.102344,"githubStatus":"HOST_POSTS","githubCode":0,"lastSuccess":0,"baseline":{"passed":true,"mean":0.109450,"variance":0.00045767,"min":0.041905,"max":0.141026},"hardware":{"passed":true,"dark":0.120419,"light":0.411765,"fifty":0.265363}}
