{
  "timestamp": "2025-12-01T03:09:49Z",
  "timestamp_ms": 11389910,
  "cycle": 5,
  "phase": 2,
  "phase_name": "100 Hz",
  "ssid": "Girod-House-of-Big-Nuts",
  "ip": "192.168.1.91",
  "rssi": -65,
  "samples": 6658297,
  "runtime": 11389,
  "mean100": 0.109283,
  "var100": 0.00057362,
  "mean10": 0.102586,
  "var10": 0.0007041,
  "mean1": 0.141026,
  "githubStatus": "HOST_POSTS",
  "githubCode": 0,
  "lastSuccess": 0,
  "baseline": {
    "passed": true,
    "mean": 0.108117,
    "variance": 0.00057068,
    "min": 0.057216,
    "max": 0.147473
  },
  "hardware": {
    "passed": true,
    "dark": 0.121533,
    "light": 0.410831,
    "fifty": 0.268874
  }
}