{
  "timestamp": "2025-12-01T01:13:57Z",
  "timestamp_ms": 4437313,
  "cycle": 2,
  "phase": 0,
  "phase_name": "LED OFF",
  "ssid": "Girod-House-of-Big-Nuts",
  "ip": "192.168.1.91",
  "rssi": -68,
  "samples": 2386741,
  "runtime": 4437,
  "mean100": 0.114328,
  "var100": 0.00025654,
  "mean10": 0.123619,
  "var10": 0.00013848,
  "mean1": 0.124103,
  "githubStatus": "HOST_POSTS",
  "githubCode": 0,
  "lastSuccess": 0,
  "baseline": {
    "passed": true,
    "mean": 0.113154,
    "variance": 0.00025591,
    "min": 0.062051,
    "max": 0.141026
  },
  "hardware": {
    "passed": true,
    "dark": 0.123574,
    "light": 0.411787,
    "fifty": 0.268553
  }
}