{
  "timestamp": "2025-12-01T02:58:50Z",
  "timestamp_ms": 10730809,
  "cycle": 5,
  "phase": 0,
  "phase_name": "LED OFF",
  "ssid": "Girod-House-of-Big-Nuts",
  "ip": "192.168.1.91",
  "rssi": -65,
  "samples": 6212011,
  "runtime": 10730,
  "mean100": 0.107445,
  "var100": 0.00056827,
  "mean10": 0.11411,
  "var10": 0.00052176,
  "mean1": 0.073333,
  "githubStatus": "HOST_POSTS",
  "githubCode": 0,
  "lastSuccess": 0,
  "baseline": {
    "passed": true,
    "mean": 0.108117,
    "variance": 0.00057068,
    "min": 0.057216,
    "max": 0.147473
  },
  "hardware": {
    "passed": true,
    "dark": 0.121533,
    "light": 0.410831,
    "fifty": 0.268874
  }
}