{
  "timestamp": "2025-12-01T00:03:10Z",
  "timestamp_ms": 190612,
  "cycle": 0,
  "phase": 0,
  "phase_name": "LED OFF",
  "ssid": "Girod-House-of-Big-Nuts",
  "ip": "192.168.1.91",
  "rssi": -65,
  "samples": 112210,
  "runtime": 190,
  "mean100": 0.113207,
  "var100": 0.00061251,
  "mean10": 0.109436,
  "var10": 0.00078187,
  "mean1": 0.142637,
  "githubStatus": "HOST_POSTS",
  "githubCode": 0,
  "lastSuccess": 0,
  "baseline": {
    "passed": true,
    "mean": 0.112521,
    "variance": 0.00060704,
    "min": 0.063663,
    "max": 0.153114
  },
  "hardware": {
    "passed": true,
    "dark": 0.125568,
    "light": 0.411795,
    "fifty": 0.268874
  }
}