{
  "timestamp": "2025-12-01T00:03:18Z",
  "timestamp_ms": 198553,
  "cycle": 0,
  "phase": 0,
  "phase_name": "LED OFF",
  "ssid": "Girod-House-of-Big-Nuts",
  "ip": "192.168.1.91",
  "rssi": -66,
  "samples": 115334,
  "runtime": 198,
  "mean100": 0.112127,
  "var100": 0.00060402,
  "mean10": 0.097429,
  "var10": 0.00033139,
  "mean1": 0.127326,
  "githubStatus": "HOST_POSTS",
  "githubCode": 0,
  "lastSuccess": 0,
  "baseline": {
    "passed": true,
    "mean": 0.112111,
    "variance": 0.00063517,
    "min": 0.050769,
    "max": 0.152308
  },
  "hardware": {
    "passed": true,
    "dark": 0.125424,
    "light": 0.411785,
    "fifty": 0.268998
  }
}