{
  "timestamp": "2025-12-01T10:27:32Z",
  "timestamp_ms": 37652957,
  "cycle": 17,
  "phase": 4,
  "phase_name": "10 kHz",
  "ssid": "Girod-House-of-Big-Nuts",
  "ip": "192.168.1.91",
  "rssi": -64,
  "samples": 21240506,
  "runtime": 37652,
  "mean100": 0.112949,
  "var100": 0.00048264,
  "mean10": 0.101136,
  "var10": 0.0004128,
  "mean1": 0.138608,
  "githubStatus": "HOST_POSTS",
  "githubCode": 0,
  "lastSuccess": 0,
  "baseline": {
    "passed": true,
    "mean": 0.111785,
    "variance": 0.00049288,
    "min": 0.050769,
    "max": 0.147473
  },
  "hardware": {
    "passed": true,
    "dark": 0.124655,
    "light": 0.411699,
    "fifty": 0.268874
  }
}