{
  "timestamp": "2025-12-01T08:18:37Z",
  "timestamp_ms": 29917483,
  "cycle": 14,
  "phase": 0,
  "phase_name": "LED OFF",
  "ssid": "Girod-House-of-Big-Nuts",
  "ip": "192.168.1.91",
  "rssi": -64,
  "samples": 17208054,
  "runtime": 29917,
  "mean100": 0.113272,
  "var100": 0.00049374,
  "mean10": 0.098073,
  "var10": 0.00028848,
  "mean1": 0.122491,
  "githubStatus": "HOST_POSTS",
  "githubCode": 0,
  "lastSuccess": 0,
  "baseline": {
    "passed": true,
    "mean": 0.11267,
    "variance": 0.00049835,
    "min": 0.050769,
    "max": 0.147473
  },
  "hardware": {
    "passed": true,
    "dark": 0.125293,
    "light": 0.411775,
    "fifty": 0.268874
  }
}