{
  "timestamp": "2025-12-01T07:10:22Z",
  "timestamp_ms": 25822509,
  "cycle": 12,
  "phase": 0,
  "phase_name": "LED OFF",
  "ssid": "Girod-House-of-Big-Nuts",
  "ip": "192.168.1.91",
  "rssi": -64,
  "samples": 14927701,
  "runtime": 25822,
  "mean100": 0.112103,
  "var100": 0.00051871,
  "mean10": 0.103311,
  "var10": 0.00042768,
  "mean1": 0.092674,
  "githubStatus": "HOST_POSTS",
  "githubCode": 0,
  "lastSuccess": 0,
  "baseline": {
    "passed": true,
    "mean": 0.111852,
    "variance": 0.00049819,
    "min": 0.07011,
    "max": 0.148278
  },
  "hardware": {
    "passed": true,
    "dark": 0.12465,
    "light": 0.411727,
    "fifty": 0.268874
  }
}