{
  "timestamp": "2025-12-01T02:11:38Z",
  "timestamp_ms": 7898111,
  "cycle": 3,
  "phase": 4,
  "phase_name": "10 kHz",
  "ssid": "Girod-House-of-Big-Nuts",
  "ip": "192.168.1.91",
  "rssi": -62,
  "samples": 3795618,
  "runtime": 7898,
  "mean100": 0.105173,
  "var100": 0.00060748,
  "mean10": 0.111128,
  "var10": 0.00062245,
  "mean1": 0.065275,
  "githubStatus": "HOST_POSTS",
  "githubCode": 0,
  "lastSuccess": 0,
  "baseline": {
    "passed": true,
    "mean": 0.104212,
    "variance": 0.00057401,
    "min": 0.043516,
    "max": 0.144249
  },
  "hardware": {
    "passed": true,
    "dark": 0.117476,
    "light": 0.410155,
    "fifty": 0.265363
  }
}