{
  "timestamp": "2025-12-01T00:48:22Z",
  "timestamp_ms": 2902707,
  "cycle": 1,
  "phase": 2,
  "phase_name": "100 Hz",
  "ssid": "Girod-House-of-Big-Nuts",
  "ip": "192.168.1.91",
  "rssi": -65,
  "samples": 1728807,
  "runtime": 2902,
  "mean100": 0.111467,
  "var100": 0.00058179,
  "mean10": 0.123297,
  "var10": 0.00036874,
  "mean1": 0.086227,
  "githubStatus": "HOST_POSTS",
  "githubCode": 0,
  "lastSuccess": 0,
  "baseline": {
    "passed": true,
    "mean": 0.111493,
    "variance": 0.00059052,
    "min": 0.050769,
    "max": 0.147473
  },
  "hardware": {
    "passed": true,
    "dark": 0.124845,
    "light": 0.411786,
    "fifty": 0.268874
  }
}