{
  "timestamp": "2025-12-01T04:03:14Z",
  "timestamp_ms": 14594093,
  "cycle": 6,
  "phase": 5,
  "phase_name": "20 kHz",
  "ssid": "Girod-House-of-Big-Nuts",
  "ip": "192.168.1.91",
  "rssi": -66,
  "samples": 8501106,
  "runtime": 14594,
  "mean100": 0.410062,
  "var100": 1.46e-06,
  "mean10": 0.410183,
  "var10": 2.34e-06,
  "mean1": 0.410989,
  "githubStatus": "HOST_POSTS",
  "githubCode": 0,
  "lastSuccess": 0,
  "baseline": {
    "passed": true,
    "mean": 0.107338,
    "variance": 0.0005845,
    "min": 0.047546,
    "max": 0.142637
  },
  "hardware": {
    "passed": true,
    "dark": 0.120569,
    "light": 0.41016,
    "fifty": 0.268874
  }
}