{
  "timestamp": "2025-12-01T08:51:40Z",
  "timestamp_ms": 31900423,
  "cycle": 14,
  "phase": 6,
  "phase_name": "LIVE TRT",
  "ssid": "Girod-House-of-Big-Nuts",
  "ip": "192.168.1.91",
  "rssi": -63,
  "samples": 18223064,
  "runtime": 31900,
  "mean100": 0.411747,
  "var100": 6e-08,
  "mean10": 0.411634,
  "var10": 2.3e-07,
  "mean1": 0.411795,
  "githubStatus": "HOST_POSTS",
  "githubCode": 0,
  "lastSuccess": 0,
  "baseline": {
    "passed": true,
    "mean": 0.11267,
    "variance": 0.00049835,
    "min": 0.050769,
    "max": 0.147473
  },
  "hardware": {
    "passed": true,
    "dark": 0.125293,
    "light": 0.411775,
    "fifty": 0.268874
  }
}