{
  "timestamp": "2025-12-01T00:06:07Z",
  "timestamp_ms": 367695,
  "cycle": 0,
  "phase": 1,
  "phase_name": "LED ON",
  "ssid": "Girod-House-of-Big-Nuts",
  "ip": "192.168.1.91",
  "rssi": -59,
  "samples": 222000,
  "runtime": 367,
  "mean100": 0.411271,
  "var100": 6.4e-07,
  "mean10": 0.411553,
  "var10": 2.7e-07,
  "mean1": 0.411795,
  "githubStatus": "HOST_POSTS",
  "githubCode": 0,
  "lastSuccess": 0,
  "baseline": {
    "passed": true,
    "mean": 0.114935,
    "variance": 0.00012742,
    "min": 0.076557,
    "max": 0.137802
  },
  "hardware": {
    "passed": true,
    "dark": 0.125239,
    "light": 0.411652,
    "fifty": 0.268185
  }
}