{
  "timestamp": "2025-12-01T06:55:20Z",
  "timestamp_ms": 24920152,
  "cycle": 11,
  "phase": 4,
  "phase_name": "10 kHz",
  "ssid": "Girod-House-of-Big-Nuts",
  "ip": "192.168.1.91",
  "rssi": -64,
  "samples": 14432423,
  "runtime": 24920,
  "mean100": 0.113409,
  "var100": 0.00052718,
  "mean10": 0.110725,
  "var10": 0.00063242,
  "mean1": 0.141026,
  "githubStatus": "HOST_POSTS",
  "githubCode": 0,
  "lastSuccess": 0,
  "baseline": {
    "passed": true,
    "mean": 0.110769,
    "variance": 0.0005124,
    "min": 0.061245,
    "max": 0.147473
  },
  "hardware": {
    "passed": true,
    "dark": 0.123658,
    "light": 0.411655,
    "fifty": 0.268874
  }
}