{
  "timestamp": "2025-12-01T01:00:35Z",
  "timestamp_ms": 3635172,
  "cycle": 1,
  "phase": 4,
  "phase_name": "10 kHz",
  "ssid": "Girod-House-of-Big-Nuts",
  "ip": "192.168.1.91",
  "rssi": -66,
  "samples": 2163926,
  "runtime": 3635,
  "mean100": 0.113143,
  "var100": 0.00056522,
  "mean10": 0.105729,
  "var10": 0.00064653,
  "mean1": 0.146667,
  "githubStatus": "HOST_POSTS",
  "githubCode": 0,
  "lastSuccess": 0,
  "baseline": {
    "passed": true,
    "mean": 0.111493,
    "variance": 0.00059052,
    "min": 0.050769,
    "max": 0.147473
  },
  "hardware": {
    "passed": true,
    "dark": 0.124845,
    "light": 0.411786,
    "fifty": 0.268874
  }
}