{
  "timestamp": "2025-12-01T03:58:13Z",
  "timestamp_ms": 14293178,
  "cycle": 6,
  "phase": 4,
  "phase_name": "10 kHz",
  "ssid": "Girod-House-of-Big-Nuts",
  "ip": "192.168.1.91",
  "rssi": -65,
  "samples": 8344350,
  "runtime": 14293,
  "mean100": 0.107115,
  "var100": 0.00060129,
  "mean10": 0.106938,
  "var10": 0.000655,
  "mean1": 0.07011,
  "githubStatus": "HOST_POSTS",
  "githubCode": 0,
  "lastSuccess": 0,
  "baseline": {
    "passed": true,
    "mean": 0.107338,
    "variance": 0.0005845,
    "min": 0.047546,
    "max": 0.142637
  },
  "hardware": {
    "passed": true,
    "dark": 0.120569,
    "light": 0.41016,
    "fifty": 0.268874
  }
}