{
  "timestamp": "2025-12-01T05:28:33Z",
  "timestamp_ms": 19713477,
  "cycle": 9,
  "phase": 1,
  "phase_name": "LED ON",
  "ssid": "Girod-House-of-Big-Nuts",
  "ip": "192.168.1.91",
  "rssi": -64,
  "samples": 11467072,
  "runtime": 19713,
  "mean100": 0.410215,
  "var100": 2.18e-06,
  "mean10": 0.410505,
  "var10": 1.45e-06,
  "mean1": 0.411795,
  "githubStatus": "HOST_POSTS",
  "githubCode": 0,
  "lastSuccess": 0,
  "baseline": {
    "passed": true,
    "mean": 0.107043,
    "variance": 0.00053188,
    "min": 0.050769,
    "max": 0.146667
  },
  "hardware": {
    "passed": true,
    "dark": 0.120149,
    "light": 0.409365,
    "fifty": 0.268874
  }
}