{
  "timestamp": "2025-12-01T02:43:50Z",
  "timestamp_ms": 9830977,
  "cycle": 4,
  "phase": 4,
  "phase_name": "10 kHz",
  "ssid": "Girod-House-of-Big-Nuts",
  "ip": "192.168.1.91",
  "rssi": -62,
  "samples": 4880609,
  "runtime": 9830,
  "mean100": 0.103666,
  "var100": 0.00068845,
  "mean10": 0.105568,
  "var10": 0.0007063,
  "mean1": 0.063663,
  "githubStatus": "HOST_POSTS",
  "githubCode": 0,
  "lastSuccess": 0,
  "baseline": {
    "passed": true,
    "mean": 0.106339,
    "variance": 0.0006255,
    "min": 0.044322,
    "max": 0.143443
  },
  "hardware": {
    "passed": true,
    "dark": 0.119459,
    "light": 0.411527,
    "fifty": 0.265363
  }
}