{
  "timestamp": "2025-12-01T04:55:24Z",
  "timestamp_ms": 17724073,
  "cycle": 8,
  "phase": 2,
  "phase_name": "100 Hz",
  "ssid": "Girod-House-of-Big-Nuts",
  "ip": "192.168.1.91",
  "rssi": -64,
  "samples": 10330041,
  "runtime": 17724,
  "mean100": 0.106688,
  "var100": 0.00056939,
  "mean10": 0.12233,
  "var10": 0.00020389,
  "mean1": 0.102344,
  "githubStatus": "HOST_POSTS",
  "githubCode": 0,
  "lastSuccess": 0,
  "baseline": {
    "passed": true,
    "mean": 0.106293,
    "variance": 0.00059681,
    "min": 0.06044,
    "max": 0.144249
  },
  "hardware": {
    "passed": true,
    "dark": 0.119522,
    "light": 0.409302,
    "fifty": 0.268874
  }
}