{
  "timestamp": "2025-12-01T01:33:20Z",
  "timestamp_ms": 5600911,
  "cycle": 2,
  "phase": 4,
  "phase_name": "10 kHz",
  "ssid": "Girod-House-of-Big-Nuts",
  "ip": "192.168.1.91",
  "rssi": -66,
  "samples": 2642500,
  "runtime": 5600,
  "mean100": 0.102884,
  "var100": 0.00057155,
  "mean10": 0.105648,
  "var10": 0.00059583,
  "mean1": 0.067692,
  "githubStatus": "HOST_POSTS",
  "githubCode": 0,
  "lastSuccess": 0,
  "baseline": {
    "passed": true,
    "mean": 0.103834,
    "variance": 0.00062961,
    "min": 0.031429,
    "max": 0.141026
  },
  "hardware": {
    "passed": true,
    "dark": 0.117498,
    "light": 0.410358,
    "fifty": 0.265363
  }
}