{
  "timestamp": "2025-12-01T00:59:00Z",
  "timestamp_ms": 3540405,
  "cycle": 1,
  "phase": 4,
  "phase_name": "10 kHz",
  "ssid": "Girod-House-of-Big-Nuts",
  "ip": "192.168.1.91",
  "rssi": -65,
  "samples": 1905480,
  "runtime": 3540,
  "mean100": 0.112837,
  "var100": 0.00060133,
  "mean10": 0.12104,
  "var10": 0.00052678,
  "mean1": 0.128132,
  "githubStatus": "HOST_POSTS",
  "githubCode": 0,
  "lastSuccess": 0,
  "baseline": {
    "passed": true,
    "mean": 0.111331,
    "variance": 0.0005953,
    "min": 0.037875,
    "max": 0.147473
  },
  "hardware": {
    "passed": true,
    "dark": 0.124607,
    "light": 0.411795,
    "fifty": 0.268998
  }
}