{
  "timestamp": "2025-12-01T05:38:02Z",
  "timestamp_ms": 20282429,
  "cycle": 9,
  "phase": 3,
  "phase_name": "1 kHz",
  "ssid": "Girod-House-of-Big-Nuts",
  "ip": "192.168.1.91",
  "rssi": -62,
  "samples": 11820000,
  "runtime": 20282,
  "mean100": 0.410755,
  "var100": 1.54e-06,
  "mean10": 0.410425,
  "var10": 1.18e-06,
  "mean1": 0.410183,
  "githubStatus": "HOST_POSTS",
  "githubCode": 0,
  "lastSuccess": 0,
  "baseline": {
    "passed": true,
    "mean": 0.107043,
    "variance": 0.00053188,
    "min": 0.050769,
    "max": 0.146667
  },
  "hardware": {
    "passed": true,
    "dark": 0.120149,
    "light": 0.409365,
    "fifty": 0.268874
  }
}