{
  "timestamp": "2025-12-01T01:13:25Z",
  "timestamp_ms": 4405107,
  "cycle": 2,
  "phase": 0,
  "phase_name": "LED OFF",
  "ssid": "Girod-House-of-Big-Nuts",
  "ip": "192.168.1.91",
  "rssi": -63,
  "samples": 2041318,
  "runtime": 4405,
  "mean100": 0.104448,
  "var100": 0.0005616,
  "mean10": 0.115802,
  "var10": 0.00037433,
  "mean1": 0.076557,
  "githubStatus": "HOST_POSTS",
  "githubCode": 0,
  "lastSuccess": 0,
  "baseline": {
    "passed": true,
    "mean": 0.103834,
    "variance": 0.00062961,
    "min": 0.031429,
    "max": 0.141026
  },
  "hardware": {
    "passed": true,
    "dark": 0.117498,
    "light": 0.40358,
    "fifty": 0.265363
  }
}