{
  "timestamp": "2025-12-01T08:02:38Z",
  "timestamp_ms": 28958461,
  "cycle": 13,
  "phase": 4,
  "phase_name": "10 kHz",
  "ssid": "Girod-House-of-Big-Nuts",
  "ip": "192.168.1.91",
  "rssi": -65,
  "samples": 16764456,
  "runtime": 28958,
  "mean100": 0.113884,
  "var100": 0.00048501,
  "mean10": 0.101619,
  "var10": 0.00038815,
  "mean1": 0.14022,
  "githubStatus": "HOST_POSTS",
  "githubCode": 0,
  "lastSuccess": 0,
  "baseline": {
    "passed": true,
    "mean": 0.112683,
    "variance": 0.00048936,
    "min": 0.050769,
    "max": 0.151502
  },
  "hardware": {
    "passed": true,
    "dark": 0.125332,
    "light": 0.41176,
    "fifty": 0.268874
  }
}