{
  "timestamp": "2025-12-01T01:14:32Z",
  "timestamp_ms": 4472204,
  "cycle": 2,
  "phase": 0,
  "phase_name": "LED OFF",
  "ssid": "Girod-House-of-Big-Nuts",
  "ip": "192.168.1.91",
  "rssi": -65,
  "samples": 2616759,
  "runtime": 4472,
  "mean100": 0.112829,
  "var100": 0.00058214,
  "mean10": 0.104762,
  "var10": 0.00068331,
  "mean1": 0.145055,
  "githubStatus": "HOST_POSTS",
  "githubCode": 0,
  "lastSuccess": 0,
  "baseline": {
    "passed": true,
    "mean": 0.110489,
    "variance": 0.00058166,
    "min": 0.04674,
    "max": 0.146667
  },
  "hardware": {
    "passed": true,
    "dark": 0.123654,
    "light": 0.411746,
    "fifty": 0.268874
  }
}