{
  "timestamp": "2025-12-01T05:05:22Z",
  "timestamp_ms": 18322122,
  "cycle": 8,
  "phase": 4,
  "phase_name": "10 kHz",
  "ssid": "Girod-House-of-Big-Nuts",
  "ip": "192.168.1.91",
  "rssi": -66,
  "samples": 10684912,
  "runtime": 18322,
  "mean100": 0.106269,
  "var100": 0.00059932,
  "mean10": 0.089451,
  "var10": 0.00031626,
  "mean1": 0.124908,
  "githubStatus": "HOST_POSTS",
  "githubCode": 0,
  "lastSuccess": 0,
  "baseline": {
    "passed": true,
    "mean": 0.106293,
    "variance": 0.00059681,
    "min": 0.06044,
    "max": 0.144249
  },
  "hardware": {
    "passed": true,
    "dark": 0.119522,
    "light": 0.409302,
    "fifty": 0.268874
  }
}