{
  "timestamp": "2025-12-01T12:47:52Z",
  "timestamp_ms": 46072693,
  "cycle": 21,
  "phase": 4,
  "phase_name": "10 kHz",
  "ssid": "Girod-House-of-Big-Nuts",
  "ip": "192.168.1.91",
  "rssi": -64,
  "samples": 25859024,
  "runtime": 46072,
  "mean100": 0.115286,
  "var100": 0.00048345,
  "mean10": 0.111853,
  "var10": 0.00060899,
  "mean1": 0.143443,
  "githubStatus": "HOST_POSTS",
  "githubCode": 0,
  "lastSuccess": 0,
  "baseline": {
    "passed": true,
    "mean": 0.113837,
    "variance": 0.00049387,
    "min": 0.0679,
    "max": 0.147473
  },
  "hardware": {
    "passed": true,
    "dark": 0.126505,
    "light": 0.411796,
    "fifty": 0.268874
  }
}