{
  "timestamp": "2025-12-01T10:15:19Z",
  "timestamp_ms": 36919477,
  "cycle": 17,
  "phase": 2,
  "phase_name": "100 Hz",
  "ssid": "Girod-House-of-Big-Nuts",
  "ip": "192.168.1.91",
  "rssi": -64,
  "samples": 20809408,
  "runtime": 36919,
  "mean100": 0.111418,
  "var100": 0.00050268,
  "mean10": 0.111128,
  "var10": 0.00052972,
  "mean1": 0.080586,
  "githubStatus": "HOST_POSTS",
  "githubCode": 0,
  "lastSuccess": 0,
  "baseline": {
    "passed": true,
    "mean": 0.111785,
    "variance": 0.00049288,
    "min": 0.050769,
    "max": 0.147473
  },
  "hardware": {
    "passed": true,
    "dark": 0.124655,
    "light": 0.411699,
    "fifty": 0.268874
  }
}