{
  "timestamp": "2025-12-01T01:42:32Z",
  "timestamp_ms": 6152182,
  "cycle": 2,
  "phase": 6,
  "phase_name": "LIVE TRT",
  "ssid": "Girod-House-of-Big-Nuts",
  "ip": "192.168.1.91",
  "rssi": -64,
  "samples": 2907966,
  "runtime": 6152,
  "mean100": 0.409837,
  "var100": 1.35e-06,
  "mean10": 0.410022,
  "var10": 1.27e-06,
  "mean1": 0.408571,
  "githubStatus": "HOST_POSTS",
  "githubCode": 0,
  "lastSuccess": 0,
  "baseline": {
    "passed": true,
    "mean": 0.103834,
    "variance": 0.00062961,
    "min": 0.031429,
    "max": 0.141026
  },
  "hardware": {
    "passed": true,
    "dark": 0.117498,
    "light": 0.410358,
    "fifty": 0.265363
  }
}