{
  "timestamp": "2025-12-01T04:11:34Z",
  "timestamp_ms": 15094793,
  "cycle": 7,
  "phase": 0,
  "phase_name": "LED OFF",
  "ssid": "Girod-House-of-Big-Nuts",
  "ip": "192.168.1.91",
  "rssi": -66,
  "samples": 8758953,
  "runtime": 15094,
  "mean100": 0.108332,
  "var100": 0.00058605,
  "mean10": 0.118703,
  "var10": 0.00044628,
  "mean1": 0.123297,
  "githubStatus": "HOST_POSTS",
  "githubCode": 0,
  "lastSuccess": 0,
  "baseline": {
    "passed": true,
    "mean": 0.106752,
    "variance": 0.00058906,
    "min": 0.050769,
    "max": 0.144249
  },
  "hardware": {
    "passed": true,
    "dark": 0.119801,
    "light": 0.409588,
    "fifty": 0.268874
  }
}