{
  "timestamp": "2025-12-01T01:30:36Z",
  "timestamp_ms": 5436066,
  "cycle": 2,
  "phase": 3,
  "phase_name": "1 kHz",
  "ssid": "Girod-House-of-Big-Nuts",
  "ip": "192.168.1.91",
  "rssi": -66,
  "samples": 2592877,
  "runtime": 5436,
  "mean100": 0.409668,
  "var100": 2.25e-06,
  "mean10": 0.409297,
  "var10": 2.53e-06,
  "mean1": 0.40696,
  "githubStatus": "HOST_POSTS",
  "githubCode": 0,
  "lastSuccess": 0,
  "baseline": {
    "passed": true,
    "mean": 0.103834,
    "variance": 0.00062961,
    "min": 0.031429,
    "max": 0.141026
  },
  "hardware": {
    "passed": true,
    "dark": 0.117498,
    "light": 0.410358,
    "fifty": 0.265363
  }
}