{
  "timestamp": "2025-12-01T02:39:52Z",
  "timestamp_ms": 9592626,
  "cycle": 4,
  "phase": 3,
  "phase_name": "1 kHz",
  "ssid": "Girod-House-of-Big-Nuts",
  "ip": "192.168.1.91",
  "rssi": -66,
  "samples": 5616152,
  "runtime": 9592,
  "mean100": 0.41136,
  "var100": 7.6e-07,
  "mean10": 0.411392,
  "var10": 6.8e-07,
  "mean1": 0.411795,
  "githubStatus": "HOST_POSTS",
  "githubCode": 0,
  "lastSuccess": 0,
  "baseline": {
    "passed": true,
    "mean": 0.108919,
    "variance": 0.00056362,
    "min": 0.050769,
    "max": 0.145861
  },
  "hardware": {
    "passed": true,
    "dark": 0.122228,
    "light": 0.411262,
    "fifty": 0.268874
  }
}