{
  "timestamp": "2025-12-01T06:03:18Z",
  "timestamp_ms": 21798744,
  "cycle": 10,
  "phase": 1,
  "phase_name": "LED ON",
  "ssid": "Girod-House-of-Big-Nuts",
  "ip": "192.168.1.91",
  "rssi": -63,
  "samples": 12672549,
  "runtime": 21798,
  "mean100": 0.411279,
  "var100": 1.45e-06,
  "mean10": 0.410667,
  "var10": 4.05e-06,
  "mean1": 0.411795,
  "githubStatus": "HOST_POSTS",
  "githubCode": 0,
  "lastSuccess": 0,
  "baseline": {
    "passed": true,
    "mean": 0.109338,
    "variance": 0.00052686,
    "min": 0.044322,
    "max": 0.145055
  },
  "hardware": {
    "passed": true,
    "dark": 0.122155,
    "light": 0.411163,
    "fifty": 0.268874
  }
}