{
  "timestamp": "2025-12-01T03:50:25Z",
  "timestamp_ms": 13825926,
  "cycle": 6,
  "phase": 3,
  "phase_name": "1 kHz",
  "ssid": "Girod-House-of-Big-Nuts",
  "ip": "192.168.1.91",
  "rssi": -66,
  "samples": 8077612,
  "runtime": 13825,
  "mean100": 0.410103,
  "var100": 1.94e-06,
  "mean10": 0.410828,
  "var10": 8.8e-07,
  "mean1": 0.410989,
  "githubStatus": "HOST_POSTS",
  "githubCode": 0,
  "lastSuccess": 0,
  "baseline": {
    "passed": true,
    "mean": 0.107338,
    "variance": 0.0005845,
    "min": 0.047546,
    "max": 0.142637
  },
  "hardware": {
    "passed": true,
    "dark": 0.120569,
    "light": 0.41016,
    "fifty": 0.268874
  }
}