{
  "timestamp": "2025-12-01T00:05:20Z",
  "timestamp_ms": 320056,
  "cycle": 0,
  "phase": 0,
  "phase_name": "LED OFF",
  "ssid": "Girod-House-of-Big-Nuts",
  "ip": "192.168.1.91",
  "rssi": -66,
  "samples": 212325,
  "runtime": 320,
  "mean100": 0.111708,
  "var100": 0.00059207,
  "mean10": 0.101941,
  "var10": 0.00049138,
  "mean1": 0.089451,
  "githubStatus": "HOST_POSTS",
  "githubCode": 0,
  "lastSuccess": 0,
  "baseline": {
    "passed": true,
    "mean": 0.112521,
    "variance": 0.00060704,
    "min": 0.063663,
    "max": 0.153114
  },
  "hardware": {
    "passed": true,
    "dark": 0.125568,
    "light": 0.411795,
    "fifty": 0.268874
  }
}