{
  "delta_t_100ms": {
    "mean": 0.111201,
    "variance": 0.000674
  },
  "delta_t_10ms": {
    "mean": 0.101700,
    "variance": 0.000583
  },
  "delta_t_1ms": {
    "mean": 0.084615,
    "variance": 0.000000
  },
  "timestamp_ms": 203326,
  "sample_count": 72563,
  "timestamp_iso": "203s"
}