{
  "delta_t_100ms": {
    "mean": 0.266788,
    "variance": 0.000004
  },
  "delta_t_10ms": {
    "mean": 0.267707,
    "variance": 0.000001
  },
  "delta_t_1ms": {
    "mean": 0.265128,
    "variance": 0.000000
  },
  "timestamp_ms": 330933,
  "sample_count": 262831,
  "timestamp_iso": "330s"
}