{
  "delta_t_100ms": {
    "mean": 0.114545,
    "variance": 0.000351
  },
  "delta_t_10ms": {
    "mean": 0.108711,
    "variance": 0.000424
  },
  "delta_t_1ms": {
    "mean": 0.140220,
    "variance": 0.000000
  },
  "timestamp_ms": 69034,
  "sample_count": 52742,
  "timestamp_iso": "69s"
}