{
  "delta_t_100ms": {
    "mean": 0.255724,
    "variance": 0.000001
  },
  "delta_t_10ms": {
    "mean": 0.255297,
    "variance": 0.000001
  },
  "delta_t_1ms": {
    "mean": 0.255458,
    "variance": 0.000000
  },
  "timestamp_ms": 449379,
  "sample_count": 302207,
  "timestamp_iso": "449s"
}