{
  "delta_t_100ms": {
    "mean": 0.111265,
    "variance": 0.000658
  },
  "delta_t_10ms": {
    "mean": 0.119429,
    "variance": 0.000624
  },
  "delta_t_1ms": {
    "mean": 0.128132,
    "variance": 0.000000
  },
  "timestamp_ms": 266532,
  "sample_count": 210064,
  "timestamp_iso": "266s"
}