{
  "delta_t_100ms": {
    "mean": 0.111249,
    "variance": 0.000591
  },
  "delta_t_10ms": {
    "mean": 0.114190,
    "variance": 0.000708
  },
  "delta_t_1ms": {
    "mean": 0.138608,
    "variance": 0.000000
  },
  "timestamp_ms": 69034,
  "sample_count": 52739,
  "timestamp_iso": "69s"
}