{
  "delta_t_100ms": {
    "mean": 0.257335,
    "variance": 0.000002
  },
  "delta_t_10ms": {
    "mean": 0.256989,
    "variance": 0.000000
  },
  "delta_t_1ms": {
    "mean": 0.257070,
    "variance": 0.000000
  },
  "timestamp_ms": 532239,
  "sample_count": 284995,
  "timestamp_iso": "532s"
}