{
  "delta_t_100ms": {
    "mean": 0.219162,
    "variance": 0.000183
  },
  "delta_t_10ms": {
    "mean": 0.217018,
    "variance": 0.000203
  },
  "delta_t_1ms": {
    "mean": 0.236923,
    "variance": 0.000000
  },
  "timestamp_ms": 96035,
  "sample_count": 52578,
  "timestamp_iso": "96s"
}