{
  "delta_t_100ms": {
    "mean": 0.112684,
    "variance": 0.000302
  },
  "delta_t_10ms": {
    "mean": 0.100813,
    "variance": 0.000155
  },
  "delta_t_1ms": {
    "mean": 0.115238,
    "variance": 0.000000
  },
  "timestamp_ms": 265774,
  "sample_count": 125957,
  "timestamp_iso": "265s"
}