{
  "delta_t_100ms": {
    "mean": 0.113917,
    "variance": 0.000261
  },
  "delta_t_10ms": {
    "mean": 0.122974,
    "variance": 0.000171
  },
  "delta_t_1ms": {
    "mean": 0.095897,
    "variance": 0.000000
  },
  "timestamp_ms": 69033,
  "sample_count": 52453,
  "timestamp_iso": "69s"
}