{
  "delta_t_100ms": {
    "mean": 0.257263,
    "variance": 0.000001
  },
  "delta_t_10ms": {
    "mean": 0.258037,
    "variance": 0.000004
  },
  "delta_t_1ms": {
    "mean": 0.262711,
    "variance": 0.000000
  },
  "timestamp_ms": 467529,
  "sample_count": 251289,
  "timestamp_iso": "467s"
}