{
  "delta_t_100ms": {
    "mean": 0.115327,
    "variance": 0.000199
  },
  "delta_t_10ms": {
    "mean": 0.109758,
    "variance": 0.000162
  },
  "delta_t_1ms": {
    "mean": 0.102344,
    "variance": 0.000000
  },
  "timestamp_ms": 200159,
  "sample_count": 149513,
  "timestamp_iso": "200s"
}