{
  "delta_t_100ms": {
    "mean": 0.115012,
    "variance": 0.000297
  },
  "delta_t_10ms": {
    "mean": 0.113949,
    "variance": 0.000365
  },
  "delta_t_1ms": {
    "mean": 0.133773,
    "variance": 0.000000
  },
  "timestamp_ms": 201771,
  "sample_count": 154219,
  "timestamp_iso": "201s"
}