{
  "delta_t_100ms": {
    "mean": 0.254378,
    "variance": 0.000002
  },
  "delta_t_10ms": {
    "mean": 0.254169,
    "variance": 0.000002
  },
  "delta_t_1ms": {
    "mean": 0.250623,
    "variance": 0.000000
  },
  "timestamp_ms": 535949,
  "sample_count": 319845,
  "timestamp_iso": "535s"
}