{
  "delta_t_100ms": {
    "mean": 0.112659,
    "variance": 0.000388
  },
  "delta_t_10ms": {
    "mean": 0.110242,
    "variance": 0.000390
  },
  "delta_t_1ms": {
    "mean": 0.087033,
    "variance": 0.000000
  },
  "timestamp_ms": 200921,
  "sample_count": 158176,
  "timestamp_iso": "200s"
}