{
  "delta_t_100ms": {
    "mean": 0.113578,
    "variance": 0.000299
  },
  "delta_t_10ms": {
    "mean": 0.110564,
    "variance": 0.000290
  },
  "delta_t_1ms": {
    "mean": 0.092674,
    "variance": 0.000000
  },
  "timestamp_ms": 69033,
  "sample_count": 51962,
  "timestamp_iso": "69s"
}