{
  "delta_t_100ms": {
    "mean": 0.113449,
    "variance": 0.000591
  },
  "delta_t_10ms": {
    "mean": 0.105245,
    "variance": 0.000686
  },
  "delta_t_1ms": {
    "mean": 0.144249,
    "variance": 0.000000
  },
  "timestamp_ms": 69033,
  "sample_count": 31205,
  "timestamp_iso": "69s"
}