{
  "delta_t_100ms": {
    "mean": 0.113900,
    "variance": 0.000278
  },
  "delta_t_10ms": {
    "mean": 0.124183,
    "variance": 0.000139
  },
  "delta_t_1ms": {
    "mean": 0.125714,
    "variance": 0.000000
  },
  "timestamp_ms": 73022,
  "sample_count": 48853,
  "timestamp_iso": "73s"
}