{
  "delta_t_100ms": {
    "mean": 0.254724,
    "variance": 0.000002
  },
  "delta_t_10ms": {
    "mean": 0.254894,
    "variance": 0.000002
  },
  "delta_t_1ms": {
    "mean": 0.256264,
    "variance": 0.000000
  },
  "timestamp_ms": 426918,
  "sample_count": 288196,
  "timestamp_iso": "426s"
}