{
  "delta_t_100ms": {
    "mean": 0.114295,
    "variance": 0.000301
  },
  "delta_t_10ms": {
    "mean": 0.123619,
    "variance": 0.000199
  },
  "delta_t_1ms": {
    "mean": 0.095897,
    "variance": 0.000000
  },
  "timestamp_ms": 232851,
  "sample_count": 131497,
  "timestamp_iso": "232s"
}