{
  "delta_t_100ms": {
    "mean": 0.219033,
    "variance": 0.000179
  },
  "delta_t_10ms": {
    "mean": 0.221370,
    "variance": 0.000169
  },
  "delta_t_1ms": {
    "mean": 0.231282,
    "variance": 0.000000
  },
  "timestamp_ms": 237364,
  "sample_count": 157594,
  "timestamp_iso": "237s"
}