{
  "delta_t_100ms": {
    "mean": 0.110814,
    "variance": 0.000519
  },
  "delta_t_10ms": {
    "mean": 0.101538,
    "variance": 0.000467
  },
  "delta_t_1ms": {
    "mean": 0.089451,
    "variance": 0.000000
  },
  "timestamp_ms": 199764,
  "sample_count": 158162,
  "timestamp_iso": "199s"
}