{
  "delta_t_100ms": {
    "mean": 0.218517,
    "variance": 0.000186
  },
  "delta_t_10ms": {
    "mean": 0.219355,
    "variance": 0.000195
  },
  "delta_t_1ms": {
    "mean": 0.235311,
    "variance": 0.000000
  },
  "timestamp_ms": 97532,
  "sample_count": 52530,
  "timestamp_iso": "97s"
}