{
  "delta_t_100ms": {
    "mean": 0.107502,
    "variance": 0.000728
  },
  "delta_t_10ms": {
    "mean": 0.107421,
    "variance": 0.000709
  },
  "delta_t_1ms": {
    "mean": 0.115238,
    "variance": 0.000000
  },
  "timestamp_ms": 69034,
  "sample_count": 49804,
  "timestamp_iso": "69s"
}