{
  "delta_t_100ms": {
    "mean": 0.115335,
    "variance": 0.000170
  },
  "delta_t_10ms": {
    "mean": 0.110403,
    "variance": 0.000157
  },
  "delta_t_1ms": {
    "mean": 0.102344,
    "variance": 0.000000
  },
  "timestamp_ms": 133707,
  "sample_count": 97083,
  "timestamp_iso": "133s"
}