{
  "delta_t_100ms": {
    "mean": 0.112023,
    "variance": 0.000632
  },
  "delta_t_10ms": {
    "mean": 0.105971,
    "variance": 0.000584
  },
  "delta_t_1ms": {
    "mean": 0.076557,
    "variance": 0.000000
  },
  "timestamp_ms": 134676,
  "sample_count": 64911,
  "timestamp_iso": "134s"
}