{
  "delta_t_100ms": {
    "mean": 0.111644,
    "variance": 0.000662
  },
  "delta_t_10ms": {
    "mean": 0.130469,
    "variance": 0.000171
  },
  "delta_t_1ms": {
    "mean": 0.102344,
    "variance": 0.000000
  },
  "timestamp_ms": 138214,
  "sample_count": 58500,
  "timestamp_iso": "138s"
}