{
  "delta_t_100ms": {
    "mean": 0.218872,
    "variance": 0.000175
  },
  "delta_t_10ms": {
    "mean": 0.222418,
    "variance": 0.000195
  },
  "delta_t_1ms": {
    "mean": 0.237729,
    "variance": 0.000000
  },
  "timestamp_ms": 97120,
  "sample_count": 9269,
  "timestamp_iso": "97s"
}