{
  "delta_t_100ms": {
    "mean": 0.255305,
    "variance": 0.000002
  },
  "delta_t_10ms": {
    "mean": 0.254571,
    "variance": 0.000001
  },
  "delta_t_1ms": {
    "mean": 0.253040,
    "variance": 0.000000
  },
  "timestamp_ms": 331848,
  "sample_count": 263406,
  "timestamp_iso": "331s"
}