{
  "delta_t_100ms": {
    "mean": 0.255571,
    "variance": 0.000002
  },
  "delta_t_10ms": {
    "mean": 0.255055,
    "variance": 0.000003
  },
  "delta_t_1ms": {
    "mean": 0.257070,
    "variance": 0.000000
  },
  "timestamp_ms": 334993,
  "sample_count": 258482,
  "timestamp_iso": "334s"
}