{
  "delta_t_100ms": {
    "mean": 0.113465,
    "variance": 0.000315
  },
  "delta_t_10ms": {
    "mean": 0.123136,
    "variance": 0.000134
  },
  "delta_t_1ms": {
    "mean": 0.121685,
    "variance": 0.000000
  },
  "timestamp_ms": 69051,
  "sample_count": 25000,
  "timestamp_iso": "69s"
}