{
  "delta_t_100ms": {
    "mean": 0.255063,
    "variance": 0.000002
  },
  "delta_t_10ms": {
    "mean": 0.255780,
    "variance": 0.000001
  },
  "delta_t_1ms": {
    "mean": 0.254652,
    "variance": 0.000000
  },
  "timestamp_ms": 460850,
  "sample_count": 358982,
  "timestamp_iso": "460s"
}