{
  "delta_t_100ms": {
    "mean": 0.255006,
    "variance": 0.000002
  },
  "delta_t_10ms": {
    "mean": 0.254894,
    "variance": 0.000001
  },
  "delta_t_1ms": {
    "mean": 0.254652,
    "variance": 0.000000
  },
  "timestamp_ms": 337247,
  "sample_count": 262806,
  "timestamp_iso": "337s"
}