{
  "delta_t_100ms": {
    "mean": 0.255514,
    "variance": 0.000002
  },
  "delta_t_10ms": {
    "mean": 0.255377,
    "variance": 0.000002
  },
  "delta_t_1ms": {
    "mean": 0.256264,
    "variance": 0.000000
  },
  "timestamp_ms": 396699,
  "sample_count": 315077,
  "timestamp_iso": "396s"
}