{
  "delta_t_100ms": {
    "mean": 0.113723,
    "variance": 0.000314
  },
  "delta_t_10ms": {
    "mean": 0.103553,
    "variance": 0.000186
  },
  "delta_t_1ms": {
    "mean": 0.102344,
    "variance": 0.000000
  },
  "timestamp_ms": 168195,
  "sample_count": 82874,
  "timestamp_iso": "168s"
}