{
  "delta_t_100ms": {
    "mean": 0.114948,
    "variance": 0.000197
  },
  "delta_t_10ms": {
    "mean": 0.119751,
    "variance": 0.000187
  },
  "delta_t_1ms": {
    "mean": 0.095897,
    "variance": 0.000000
  },
  "timestamp_ms": 69033,
  "sample_count": 44913,
  "timestamp_iso": "69s"
}