{
  "delta_t_100ms": {
    "mean": 0.255401,
    "variance": 0.000002
  },
  "delta_t_10ms": {
    "mean": 0.255136,
    "variance": 0.000002
  },
  "delta_t_1ms": {
    "mean": 0.253846,
    "variance": 0.000000
  },
  "timestamp_ms": 525905,
  "sample_count": 420119,
  "timestamp_iso": "525s"
}