{
  "delta_t_100ms": {
    "mean": 0.112321,
    "variance": 0.000705
  },
  "delta_t_10ms": {
    "mean": 0.130872,
    "variance": 0.000201
  },
  "delta_t_1ms": {
    "mean": 0.115238,
    "variance": 0.000000
  },
  "timestamp_ms": 201197,
  "sample_count": 157713,
  "timestamp_iso": "201s"
}