{
  "delta_t_100ms": {
    "mean": 0.110951,
    "variance": 0.000520
  },
  "delta_t_10ms": {
    "mean": 0.122088,
    "variance": 0.000359
  },
  "delta_t_1ms": {
    "mean": 0.083004,
    "variance": 0.000000
  },
  "timestamp_ms": 133666,
  "sample_count": 105480,
  "timestamp_iso": "133s"
}