{
  "delta_t_100ms": {
    "mean": 0.110250,
    "variance": 0.000587
  },
  "delta_t_10ms": {
    "mean": 0.121282,
    "variance": 0.000413
  },
  "delta_t_1ms": {
    "mean": 0.082198,
    "variance": 0.000000
  },
  "timestamp_ms": 133855,
  "sample_count": 105042,
  "timestamp_iso": "133s"
}