{
  "delta_t_100ms": {
    "mean": 0.111378,
    "variance": 0.000624
  },
  "delta_t_10ms": {
    "mean": 0.125795,
    "variance": 0.000302
  },
  "delta_t_1ms": {
    "mean": 0.123297,
    "variance": 0.000000
  },
  "timestamp_ms": 69033,
  "sample_count": 52517,
  "timestamp_iso": "69s"
}