{
  "delta_t_100ms": {
    "mean": 0.115214,
    "variance": 0.000200
  },
  "delta_t_10ms": {
    "mean": 0.105890,
    "variance": 0.000085
  },
  "delta_t_1ms": {
    "mean": 0.120879,
    "variance": 0.000000
  },
  "timestamp_ms": 69034,
  "sample_count": 51193,
  "timestamp_iso": "69s"
}