{
  "delta_t_100ms": {
    "mean": 0.113586,
    "variance": 0.000298
  },
  "delta_t_10ms": {
    "mean": 0.116286,
    "variance": 0.000295
  },
  "delta_t_1ms": {
    "mean": 0.089451,
    "variance": 0.000000
  },
  "timestamp_ms": 136034,
  "sample_count": 103123,
  "timestamp_iso": "136s"
}