{
  "delta_t_100ms": {
    "mean": 0.110338,
    "variance": 0.000532
  },
  "delta_t_10ms": {
    "mean": 0.122410,
    "variance": 0.000303
  },
  "delta_t_1ms": {
    "mean": 0.088645,
    "variance": 0.000000
  },
  "timestamp_ms": 135008,
  "sample_count": 105468,
  "timestamp_iso": "135s"
}