{
  "delta_t_100ms": {
    "mean": 0.111354,
    "variance": 0.000542
  },
  "delta_t_10ms": {
    "mean": 0.127487,
    "variance": 0.000137
  },
  "delta_t_1ms": {
    "mean": 0.102344,
    "variance": 0.000000
  },
  "timestamp_ms": 205669,
  "sample_count": 157749,
  "timestamp_iso": "205s"
}