{
  "delta_t_100ms": {
    "mean": 0.259890,
    "variance": 0.000010
  },
  "delta_t_10ms": {
    "mean": 0.258923,
    "variance": 0.000008
  },
  "delta_t_1ms": {
    "mean": 0.257070,
    "variance": 0.000000
  },
  "timestamp_ms": 337201,
  "sample_count": 126904,
  "timestamp_iso": "337s"
}