{
  "delta_t_100ms": {
    "mean": 0.259020,
    "variance": 0.000008
  },
  "delta_t_10ms": {
    "mean": 0.259004,
    "variance": 0.000009
  },
  "delta_t_1ms": {
    "mean": 0.257070,
    "variance": 0.000000
  },
  "timestamp_ms": 398100,
  "sample_count": 210857,
  "timestamp_iso": "398s"
}