{
  "delta_t_100ms": {
    "mean": 0.267280,
    "variance": 0.000002
  },
  "delta_t_10ms": {
    "mean": 0.267788,
    "variance": 0.000001
  },
  "delta_t_1ms": {
    "mean": 0.269157,
    "variance": 0.000000
  },
  "timestamp_ms": 396048,
  "sample_count": 315411,
  "timestamp_iso": "396s"
}