{
  "delta_t_100ms": {
    "mean": 0.111749,
    "variance": 0.000588
  },
  "delta_t_10ms": {
    "mean": 0.117011,
    "variance": 0.000618
  },
  "delta_t_1ms": {
    "mean": 0.136996,
    "variance": 0.000000
  },
  "timestamp_ms": 201182,
  "sample_count": 158165,
  "timestamp_iso": "201s"
}