{
  "delta_t_100ms": {
    "mean": 0.114988,
    "variance": 0.000201
  },
  "delta_t_10ms": {
    "mean": 0.116044,
    "variance": 0.000224
  },
  "delta_t_1ms": {
    "mean": 0.095897,
    "variance": 0.000000
  },
  "timestamp_ms": 69533,
  "sample_count": 52406,
  "timestamp_iso": "69s"
}