{
  "delta_t_100ms": {
    "mean": 0.113917,
    "variance": 0.000342
  },
  "delta_t_10ms": {
    "mean": 0.114916,
    "variance": 0.000372
  },
  "delta_t_1ms": {
    "mean": 0.086227,
    "variance": 0.000000
  },
  "timestamp_ms": 140186,
  "sample_count": 105198,
  "timestamp_iso": "140s"
}