{
  "delta_t_100ms": {
    "mean": 0.218912,
    "variance": 0.000183
  },
  "delta_t_10ms": {
    "mean": 0.218388,
    "variance": 0.000166
  },
  "delta_t_1ms": {
    "mean": 0.231282,
    "variance": 0.000000
  },
  "timestamp_ms": 167324,
  "sample_count": 105063,
  "timestamp_iso": "167s"
}