{
  "delta_t_100ms": {
    "mean": 0.115988,
    "variance": 0.000196
  },
  "delta_t_10ms": {
    "mean": 0.109436,
    "variance": 0.000181
  },
  "delta_t_1ms": {
    "mean": 0.133773,
    "variance": 0.000000
  },
  "timestamp_ms": 280683,
  "sample_count": 163012,
  "timestamp_iso": "280s"
}