{
  "delta_t_100ms": {
    "mean": 0.254886,
    "variance": 0.000002
  },
  "delta_t_10ms": {
    "mean": 0.254652,
    "variance": 0.000003
  },
  "delta_t_1ms": {
    "mean": 0.255458,
    "variance": 0.000000
  },
  "timestamp_ms": 491523,
  "sample_count": 336000,
  "timestamp_iso": "491s"
}