{
  "delta_t_100ms": {
    "mean": 0.112764,
    "variance": 0.000728
  },
  "delta_t_10ms": {
    "mean": 0.123619,
    "variance": 0.000618
  },
  "delta_t_1ms": {
    "mean": 0.133773,
    "variance": 0.000000
  },
  "timestamp_ms": 133760,
  "sample_count": 105163,
  "timestamp_iso": "133s"
}