{
  "delta_t_100ms": {
    "mean": 0.115117,
    "variance": 0.000337
  },
  "delta_t_10ms": {
    "mean": 0.108549,
    "variance": 0.000374
  },
  "delta_t_1ms": {
    "mean": 0.139414,
    "variance": 0.000000
  },
  "timestamp_ms": 133926,
  "sample_count": 105486,
  "timestamp_iso": "133s"
}