{
  "delta_t_100ms": {
    "mean": 0.114980,
    "variance": 0.000350
  },
  "delta_t_10ms": {
    "mean": 0.113465,
    "variance": 0.000423
  },
  "delta_t_1ms": {
    "mean": 0.138608,
    "variance": 0.000000
  },
  "timestamp_ms": 69532,
  "sample_count": 52730,
  "timestamp_iso": "69s"
}