{
  "delta_t_100ms": {
    "mean": 0.253290,
    "variance": 0.000002
  },
  "delta_t_10ms": {
    "mean": 0.253524,
    "variance": 0.000001
  },
  "delta_t_1ms": {
    "mean": 0.253846,
    "variance": 0.000000
  },
  "timestamp_ms": 332004,
  "sample_count": 263416,
  "timestamp_iso": "332s"
}