{
  "timestamps": [
    "69s"
  ],
  "var_100ms": [
    0.000597
  ],
  "var_10ms": [
    0.000688
  ],
  "var_1ms": [
    0.0
  ]
}