{
  "delta_t_100ms": {
    "mean": 0.217486,
    "variance": 0.001526
  },
  "delta_t_10ms": {
    "mean": 0.217744,
    "variance": 0.001413
  },
  "delta_t_1ms": {
    "mean": 0.205495,
    "variance": 0.000000
  },
  "timestamp_ms": 202496,
  "sample_count": 97249,
  "timestamp_iso": "202s"
}