{
  "delta_t_100ms": {
    "mean": 0.246480,
    "variance": 0.000027
  },
  "delta_t_10ms": {
    "mean": 0.248447,
    "variance": 0.000016
  },
  "delta_t_1ms": {
    "mean": 0.249817,
    "variance": 0.000000
  },
  "timestamp_ms": 672811,
  "sample_count": 444227,
  "timestamp_iso": "672s"
}