{
  "delta_t_100ms": {
    "mean": 0.217719,
    "variance": 0.001507
  },
  "delta_t_10ms": {
    "mean": 0.226527,
    "variance": 0.000420
  },
  "delta_t_1ms": {
    "mean": 0.203883,
    "variance": 0.000000
  },
  "timestamp_ms": 71034,
  "sample_count": 51581,
  "timestamp_iso": "71s"
}