{
  "delta_t_100ms": {
    "mean": 0.245965,
    "variance": 0.000025
  },
  "delta_t_10ms": {
    "mean": 0.247963,
    "variance": 0.000016
  },
  "delta_t_1ms": {
    "mean": 0.242564,
    "variance": 0.000000
  },
  "timestamp_ms": 207818,
  "sample_count": 84257,
  "timestamp_iso": "207s"
}