{
  "delta_t_100ms": {
    "mean": 0.245965,
    "variance": 0.000026
  },
  "delta_t_10ms": {
    "mean": 0.248527,
    "variance": 0.000020
  },
  "delta_t_1ms": {
    "mean": 0.239341,
    "variance": 0.000000
  },
  "timestamp_ms": 474603,
  "sample_count": 289195,
  "timestamp_iso": "474s"
}