{
  "delta_t_100ms": {
    "mean": 0.246263,
    "variance": 0.000031
  },
  "delta_t_10ms": {
    "mean": 0.244659,
    "variance": 0.000022
  },
  "delta_t_1ms": {
    "mean": 0.252234,
    "variance": 0.000000
  },
  "timestamp_ms": 539087,
  "sample_count": 341454,
  "timestamp_iso": "539s"
}