{
  "delta_t_100ms": {
    "mean": 0.224231,
    "variance": 0.000597
  },
  "delta_t_10ms": {
    "mean": 0.223546,
    "variance": 0.000688
  },
  "delta_t_1ms": {
    "mean": 0.192601,
    "variance": 0.000000
  },
  "timestamp_ms": 69033,
  "sample_count": 52756,
  "timestamp_iso": "69s"
}