{
  "delta_t_100ms": {
    "mean": 0.246368,
    "variance": 0.000033
  },
  "delta_t_10ms": {
    "mean": 0.247238,
    "variance": 0.000017
  },
  "delta_t_1ms": {
    "mean": 0.250623,
    "variance": 0.000000
  },
  "timestamp_ms": 340155,
  "sample_count": 186967,
  "timestamp_iso": "340s"
}