{
  "delta_t_100ms": {
    "mean": 0.222579,
    "variance": 0.000598
  },
  "delta_t_10ms": {
    "mean": 0.221128,
    "variance": 0.000720
  },
  "delta_t_1ms": {
    "mean": 0.247399,
    "variance": 0.000000
  },
  "timestamp_ms": 69033,
  "sample_count": 38306,
  "timestamp_iso": "69s"
}