{
  "delta_t_100ms": {
    "mean": 0.246569,
    "variance": 0.000023
  },
  "delta_t_10ms": {
    "mean": 0.250300,
    "variance": 0.000008
  },
  "delta_t_1ms": {
    "mean": 0.244176,
    "variance": 0.000000
  },
  "timestamp_ms": 737333,
  "sample_count": 496678,
  "timestamp_iso": "737s"
}