{
  "delta_t_100ms": {
    "mean": 0.218162,
    "variance": 0.001445
  },
  "delta_t_10ms": {
    "mean": 0.210894,
    "variance": 0.001963
  },
  "delta_t_1ms": {
    "mean": 0.163590,
    "variance": 0.000000
  },
  "timestamp_ms": 271937,
  "sample_count": 144150,
  "timestamp_iso": "271s"
}