{
  "delta_t_100ms": {
    "mean": 0.218058,
    "variance": 0.001462
  },
  "delta_t_10ms": {
    "mean": 0.221692,
    "variance": 0.001118
  },
  "delta_t_1ms": {
    "mean": 0.178901,
    "variance": 0.000000
  },
  "timestamp_ms": 404394,
  "sample_count": 215451,
  "timestamp_iso": "404s"
}