{
  "delta_t_100ms": {
    "mean": 0.222135,
    "variance": 0.000628
  },
  "delta_t_10ms": {
    "mean": 0.222337,
    "variance": 0.000574
  },
  "delta_t_1ms": {
    "mean": 0.205495,
    "variance": 0.000000
  },
  "timestamp_ms": 136629,
  "sample_count": 84840,
  "timestamp_iso": "136s"
}