{
  "delta_t_100ms": {
    "mean": 0.216696,
    "variance": 0.001584
  },
  "delta_t_10ms": {
    "mean": 0.209363,
    "variance": 0.002063
  },
  "delta_t_1ms": {
    "mean": 0.231282,
    "variance": 0.000000
  },
  "timestamp_ms": 331627,
  "sample_count": 182788,
  "timestamp_iso": "331s"
}