{
  "delta_t_100ms": {
    "mean": 0.216494,
    "variance": 0.001603
  },
  "delta_t_10ms": {
    "mean": 0.203641,
    "variance": 0.002477
  },
  "delta_t_1ms": {
    "mean": 0.247399,
    "variance": 0.000000
  },
  "timestamp_ms": 203536,
  "sample_count": 99970,
  "timestamp_iso": "203s"
}