{
  "delta_t_100ms": {
    "mean": 0.217623,
    "variance": 0.001492
  },
  "delta_t_10ms": {
    "mean": 0.225480,
    "variance": 0.000695
  },
  "delta_t_1ms": {
    "mean": 0.186154,
    "variance": 0.000000
  },
  "timestamp_ms": 267283,
  "sample_count": 131490,
  "timestamp_iso": "267s"
}