{
  "delta_t_100ms": {
    "mean": 0.246666,
    "variance": 0.000031
  },
  "delta_t_10ms": {
    "mean": 0.250462,
    "variance": 0.000020
  },
  "delta_t_1ms": {
    "mean": 0.250623,
    "variance": 0.000000
  },
  "timestamp_ms": 272483,
  "sample_count": 135012,
  "timestamp_iso": "272s"
}