{
  "delta_t_100ms": {
    "mean": 0.217445,
    "variance": 0.001431
  },
  "delta_t_10ms": {
    "mean": 0.214520,
    "variance": 0.001619
  },
  "delta_t_1ms": {
    "mean": 0.166813,
    "variance": 0.000000
  },
  "timestamp_ms": 733689,
  "sample_count": 488543,
  "timestamp_iso": "733s"
}