{
  "delta_t_100ms": {
    "mean": 0.216462,
    "variance": 0.001492
  },
  "delta_t_10ms": {
    "mean": 0.222982,
    "variance": 0.000853
  },
  "delta_t_1ms": {
    "mean": 0.183736,
    "variance": 0.000000
  },
  "timestamp_ms": 797893,
  "sample_count": 538500,
  "timestamp_iso": "797s"
}