{
  "delta_t_100ms": {
    "mean": 0.218034,
    "variance": 0.001432
  },
  "delta_t_10ms": {
    "mean": 0.208557,
    "variance": 0.002183
  },
  "delta_t_1ms": {
    "mean": 0.254652,
    "variance": 0.000000
  },
  "timestamp_ms": 669460,
  "sample_count": 436543,
  "timestamp_iso": "669s"
}