{
  "delta_t_100ms": {
    "mean": 0.216059,
    "variance": 0.001513
  },
  "delta_t_10ms": {
    "mean": 0.214843,
    "variance": 0.001258
  },
  "delta_t_1ms": {
    "mean": 0.205495,
    "variance": 0.000000
  },
  "timestamp_ms": 604002,
  "sample_count": 384095,
  "timestamp_iso": "604s"
}