{
  "delta_t_100ms": {
    "mean": 0.217252,
    "variance": 0.001499
  },
  "delta_t_10ms": {
    "mean": 0.223304,
    "variance": 0.000953
  },
  "delta_t_1ms": {
    "mean": 0.179707,
    "variance": 0.000000
  },
  "timestamp_ms": 135301,
  "sample_count": 64339,
  "timestamp_iso": "135s"
}