{
  "delta_t_100ms": {
    "mean": 0.246440,
    "variance": 0.000030
  },
  "delta_t_10ms": {
    "mean": 0.245223,
    "variance": 0.000007
  },
  "delta_t_1ms": {
    "mean": 0.247399,
    "variance": 0.000000
  },
  "timestamp_ms": 872648,
  "sample_count": 572943,
  "timestamp_iso": "872s"
}