{
  "delta_t_100ms": {
    "mean": 0.246440,
    "variance": 0.000035
  },
  "delta_t_10ms": {
    "mean": 0.244901,
    "variance": 0.000048
  },
  "delta_t_1ms": {
    "mean": 0.240952,
    "variance": 0.000000
  },
  "timestamp_ms": 69839,
  "sample_count": 29489,
  "timestamp_iso": "69s"
}