{
  "delta_t_100ms": {
    "mean": 0.246150,
    "variance": 0.000032
  },
  "delta_t_10ms": {
    "mean": 0.246190,
    "variance": 0.000024
  },
  "delta_t_1ms": {
    "mean": 0.240952,
    "variance": 0.000000
  },
  "timestamp_ms": 608602,
  "sample_count": 392978,
  "timestamp_iso": "608s"
}