{
  "delta_t_100ms": {
    "mean": 0.239147,
    "variance": 0.000058
  },
  "delta_t_10ms": {
    "mean": 0.237971,
    "variance": 0.000047
  },
  "delta_t_1ms": {
    "mean": 0.244176,
    "variance": 0.000000
  },
  "timestamp_ms": 25691511,
  "sample_count": 20763744,
  "timestamp_iso": "25691s"
}