{
  "delta_t_100ms": {
    "mean": 0.238978,
    "variance": 0.000048
  },
  "delta_t_10ms": {
    "mean": 0.239341,
    "variance": 0.000040
  },
  "delta_t_1ms": {
    "mean": 0.246593,
    "variance": 0.000000
  },
  "timestamp_ms": 31945723,
  "sample_count": 25719542,
  "timestamp_iso": "31945s"
}