{
  "delta_t_100ms": {
    "mean": 0.237157,
    "variance": 0.000042
  },
  "delta_t_10ms": {
    "mean": 0.237326,
    "variance": 0.000038
  },
  "delta_t_1ms": {
    "mean": 0.241758,
    "variance": 0.000000
  },
  "timestamp_ms": 5777816,
  "sample_count": 4630500,
  "timestamp_iso": "5777s"
}