{
  "delta_t_100ms": {
    "mean": 0.238535,
    "variance": 0.000049
  },
  "delta_t_10ms": {
    "mean": 0.239260,
    "variance": 0.000049
  },
  "delta_t_1ms": {
    "mean": 0.243370,
    "variance": 0.000000
  },
  "timestamp_ms": 24957143,
  "sample_count": 20183778,
  "timestamp_iso": "24957s"
}