{
  "delta_t_100ms": {
    "mean": 0.238293,
    "variance": 0.000042
  },
  "delta_t_10ms": {
    "mean": 0.238777,
    "variance": 0.000035
  },
  "delta_t_1ms": {
    "mean": 0.236923,
    "variance": 0.000000
  },
  "timestamp_ms": 20411212,
  "sample_count": 16493178,
  "timestamp_iso": "20411s"
}