{
  "timestamp": "2025-12-01T06:45:55Z",
  "timestamp_ms": 24355674,
  "cycle": 11,
  "phase": 3,
  "phase_name": "1 kHz",
  "ssid": "Girod-House-of-Big-Nuts",
  "ip": "192.168.1.91",
  "rssi": -63,
  "samples": 14107974,
  "runtime": 24355,
  "mean100": 0.112837,
  "var100": 0.00051692,
  "mean10": 0.116044,
  "var10": 0.00058005,
  "mean1": 0.138608,
  "githubStatus": "HOST_POSTS",
  "githubCode": 0,
  "lastSuccess": 0,
  "baseline": {
    "passed": true,
    "mean": 0.110769,
    "variance": 0.0005124,
    "min": 0.061245,
    "max": 0.147473
  },
  "hardware": {
    "passed": true,
    "dark": 0.123658,
    "light": 0.411655,
    "fifty": 0.268874
  }
}