{
  "delta_t_100ms": {
    "mean": 0.238099,
    "variance": 0.000041
  },
  "delta_t_10ms": {
    "mean": 0.237890,
    "variance": 0.000044
  },
  "delta_t_1ms": {
    "mean": 0.236923,
    "variance": 0.000000
  },
  "timestamp_ms": 13902719,
  "sample_count": 11220996,
  "timestamp_iso": "13902s"
}