{
  "delta_t_100ms": {
    "mean": 0.245070,
    "variance": 0.000046
  },
  "delta_t_10ms": {
    "mean": 0.246110,
    "variance": 0.000030
  },
  "delta_t_1ms": {
    "mean": 0.250623,
    "variance": 0.000000
  },
  "timestamp_ms": 5611417,
  "sample_count": 1081937,
  "timestamp_iso": "5611s"
}