{
  "timestamp": "2025-12-01T02:47:05Z",
  "timestamp_ms": 10025510,
  "cycle": 4,
  "phase": 4,
  "phase_name": "10 kHz",
  "ssid": "Girod-House-of-Big-Nuts",
  "ip": "192.168.1.91",
  "rssi": -66,
  "samples": 5862870,
  "runtime": 10025,
  "mean100": 0.108638,
  "var100": 0.00056265,
  "mean10": 0.120799,
  "var10": 0.00038867,
  "mean1": 0.081392,
  "githubStatus": "HOST_POSTS",
  "githubCode": 0,
  "lastSuccess": 0,
  "baseline": {
    "passed": true,
    "mean": 0.108919,
    "variance": 0.00056362,
    "min": 0.050769,
    "max": 0.145861
  },
  "hardware": {
    "passed": true,
    "dark": 0.122228,
    "light": 0.411262,
    "fifty": 0.268874
  }
}