{
  "timestamp": "2025-12-01T05:47:37Z",
  "timestamp_ms": 20857284,
  "cycle": 9,
  "phase": 5,
  "phase_name": "20 kHz",
  "ssid": "Girod-House-of-Big-Nuts",
  "ip": "192.168.1.91",
  "rssi": -64,
  "samples": 12125886,
  "runtime": 20857,
  "mean100": 0.41115,
  "var100": 1.08e-06,
  "mean10": 0.410908,
  "var10": 1.23e-06,
  "mean1": 0.410183,
  "githubStatus": "HOST_POSTS",
  "githubCode": 0,
  "lastSuccess": 0,
  "baseline": {
    "passed": true,
    "mean": 0.107043,
    "variance": 0.00053188,
    "min": 0.050769,
    "max": 0.146667
  },
  "hardware": {
    "passed": true,
    "dark": 0.120149,
    "light": 0.409365,
    "fifty": 0.268874
  }
}