{
  "timestamp": "2025-12-01T09:28:43Z",
  "timestamp_ms": 34123146,
  "cycle": 16,
  "phase": 0,
  "phase_name": "LED OFF",
  "ssid": "Girod-House-of-Big-Nuts",
  "ip": "192.168.1.91",
  "rssi": -64,
  "samples": 19299561,
  "runtime": 34123,
  "mean100": 0.11299,
  "var100": 0.00050843,
  "mean10": 0.118462,
  "var10": 0.00053252,
  "mean1": 0.134579,
  "githubStatus": "HOST_POSTS",
  "githubCode": 0,
  "lastSuccess": 0,
  "baseline": {
    "passed": true,
    "mean": 0.112132,
    "variance": 0.00050187,
    "min": 0.050769,
    "max": 0.147473
  },
  "hardware": {
    "passed": true,
    "dark": 0.124953,
    "light": 0.411741,
    "fifty": 0.268874
  }
}