{
  "delta_t_100ms": {
    "mean": 0.237221,
    "variance": 0.000041
  },
  "delta_t_10ms": {
    "mean": 0.237487,
    "variance": 0.000034
  },
  "delta_t_1ms": {
    "mean": 0.231282,
    "variance": 0.000000
  },
  "timestamp_ms": 3982071,
  "sample_count": 3214805,
  "timestamp_iso": "3982s"
}