{
  "timestamp": "2025-12-01T04:07:04Z",
  "timestamp_ms": 14824736,
  "cycle": 6,
  "phase": 6,
  "phase_name": "LIVE TRT",
  "ssid": "Girod-House-of-Big-Nuts",
  "ip": "192.168.1.91",
  "rssi": -66,
  "samples": 8608356,
  "runtime": 14824,
  "mean100": 0.409668,
  "var100": 1.76e-06,
  "mean10": 0.410022,
  "var10": 1.79e-06,
  "mean1": 0.410989,
  "githubStatus": "HOST_POSTS",
  "githubCode": 0,
  "lastSuccess": 0,
  "baseline": {
    "passed": true,
    "mean": 0.107338,
    "variance": 0.0005845,
    "min": 0.047546,
    "max": 0.142637
  },
  "hardware": {
    "passed": true,
    "dark": 0.120569,
    "light": 0.41016,
    "fifty": 0.268874
  }
}