{
  "timestamp": "2025-12-01T01:55:57Z",
  "timestamp_ms": 6957138,
  "cycle": 3,
  "phase": 1,
  "phase_name": "LED ON",
  "ssid": "Girod-House-of-Big-Nuts",
  "ip": "192.168.1.91",
  "rssi": -61,
  "samples": 3330568,
  "runtime": 6957,
  "mean100": 0.410804,
  "var100": 1.18e-06,
  "mean10": 0.410747,
  "var10": 9.2e-07,
  "mean1": 0.410183,
  "githubStatus": "HOST_POSTS",
  "githubCode": 0,
  "lastSuccess": 0,
  "baseline": {
    "passed": true,
    "mean": 0.104212,
    "variance": 0.00057401,
    "min": 0.043516,
    "max": 0.144249
  },
  "hardware": {
    "passed": true,
    "dark": 0.117476,
    "light": 0.410155,
    "fifty": 0.265363
  }
}