{
  "delta_t_100ms": {
    "mean": 0.237971,
    "variance": 0.000052
  },
  "delta_t_10ms": {
    "mean": 0.237487,
    "variance": 0.000047
  },
  "delta_t_1ms": {
    "mean": 0.240952,
    "variance": 0.000000
  },
  "timestamp_ms": 13838058,
  "sample_count": 11168248,
  "timestamp_iso": "13838s"
}