{
  "delta_t_100ms": {
    "mean": 0.237084,
    "variance": 0.000045
  },
  "delta_t_10ms": {
    "mean": 0.237165,
    "variance": 0.000040
  },
  "delta_t_1ms": {
    "mean": 0.231282,
    "variance": 0.000000
  },
  "timestamp_ms": 5971499,
  "sample_count": 4788669,
  "timestamp_iso": "5971s"
}