{
  "timestamp": "2025-12-01T04:17:02Z",
  "timestamp_ms": 15422209,
  "cycle": 7,
  "phase": 1,
  "phase_name": "LED ON",
  "ssid": "Girod-House-of-Big-Nuts",
  "ip": "192.168.1.91",
  "rssi": -66,
  "samples": 8987640,
  "runtime": 15422,
  "mean100": 0.409925,
  "var100": 1.8e-06,
  "mean10": 0.409619,
  "var10": 1.44e-06,
  "mean1": 0.408571,
  "githubStatus": "HOST_POSTS",
  "githubCode": 0,
  "lastSuccess": 0,
  "baseline": {
    "passed": true,
    "mean": 0.106752,
    "variance": 0.00058906,
    "min": 0.050769,
    "max": 0.144249
  },
  "hardware": {
    "passed": true,
    "dark": 0.119801,
    "light": 0.409588,
    "fifty": 0.268874
  }
}