{
  "delta_t_100ms": {
    "mean": 0.237826,
    "variance": 0.000046
  },
  "delta_t_10ms": {
    "mean": 0.239018,
    "variance": 0.000050
  },
  "delta_t_1ms": {
    "mean": 0.231282,
    "variance": 0.000000
  },
  "timestamp_ms": 17029433,
  "sample_count": 13751621,
  "timestamp_iso": "17029s"
}