{
  "delta_t_100ms": {
    "mean": 0.237600,
    "variance": 0.000045
  },
  "delta_t_10ms": {
    "mean": 0.237245,
    "variance": 0.000045
  },
  "delta_t_1ms": {
    "mean": 0.231282,
    "variance": 0.000000
  },
  "timestamp_ms": 11559305,
  "sample_count": 9323005,
  "timestamp_iso": "11559s"
}