{
  "delta_t_100ms": {
    "mean": 0.238172,
    "variance": 0.000046
  },
  "delta_t_10ms": {
    "mean": 0.241517,
    "variance": 0.000049
  },
  "delta_t_1ms": {
    "mean": 0.244176,
    "variance": 0.000000
  },
  "timestamp_ms": 18657340,
  "sample_count": 15069688,
  "timestamp_iso": "18657s"
}