{
  "delta_t_100ms": {
    "mean": 0.238793,
    "variance": 0.000042
  },
  "delta_t_10ms": {
    "mean": 0.240549,
    "variance": 0.000044
  },
  "delta_t_1ms": {
    "mean": 0.229670,
    "variance": 0.000000
  },
  "timestamp_ms": 24827354,
  "sample_count": 20078338,
  "timestamp_iso": "24827s"
}