{
  "delta_t_100ms": {
    "mean": 0.237423,
    "variance": 0.000043
  },
  "delta_t_10ms": {
    "mean": 0.236520,
    "variance": 0.000056
  },
  "delta_t_1ms": {
    "mean": 0.243370,
    "variance": 0.000000
  },
  "timestamp_ms": 13708694,
  "sample_count": 11062783,
  "timestamp_iso": "13708s"
}