{
  "delta_t_100ms": {
    "mean": 0.237576,
    "variance": 0.000045
  },
  "delta_t_10ms": {
    "mean": 0.237890,
    "variance": 0.000051
  },
  "delta_t_1ms": {
    "mean": 0.230476,
    "variance": 0.000000
  },
  "timestamp_ms": 15338485,
  "sample_count": 12380831,
  "timestamp_iso": "15338s"
}