{
  "delta_t_100ms": {
    "mean": 0.237141,
    "variance": 0.000038
  },
  "delta_t_10ms": {
    "mean": 0.236762,
    "variance": 0.000042
  },
  "delta_t_1ms": {
    "mean": 0.231282,
    "variance": 0.000000
  },
  "timestamp_ms": 4477391,
  "sample_count": 3575872,
  "timestamp_iso": "4477s"
}