{
  "timestamp": "2025-12-01T07:31:21Z",
  "timestamp_ms": 27081313,
  "cycle": 12,
  "phase": 5,
  "phase_name": "20 kHz",
  "ssid": "Girod-House-of-Big-Nuts",
  "ip": "192.168.1.91",
  "rssi": -65,
  "samples": 15672970,
  "runtime": 27081,
  "mean100": 0.114819,
  "var100": 0.00050734,
  "mean10": 0.11822,
  "var10": 0.00061149,
  "mean1": 0.14022,
  "githubStatus": "HOST_POSTS",
  "githubCode": 0,
  "lastSuccess": 0,
  "baseline": {
    "passed": true,
    "mean": 0.111852,
    "variance": 0.00049819,
    "min": 0.07011,
    "max": 0.148278
  },
  "hardware": {
    "passed": true,
    "dark": 0.12465,
    "light": 0.411727,
    "fifty": 0.268874
  }
}