{
  "delta_t_100ms": {
    "mean": 0.238027,
    "variance": 0.000042
  },
  "delta_t_10ms": {
    "mean": 0.237487,
    "variance": 0.000045
  },
  "delta_t_1ms": {
    "mean": 0.231282,
    "variance": 0.000000
  },
  "timestamp_ms": 19566271,
  "sample_count": 15807776,
  "timestamp_iso": "19566s"
}