{
  "timestamp": "2025-12-01T11:03:05Z",
  "timestamp_ms": 39785092,
  "cycle": 18,
  "phase": 4,
  "phase_name": "10 kHz",
  "ssid": "Girod-House-of-Big-Nuts",
  "ip": "192.168.1.91",
  "rssi": -64,
  "samples": 22467243,
  "runtime": 39785,
  "mean100": 0.114489,
  "var100": 0.00049319,
  "mean10": 0.100007,
  "var10": 0.00026177,
  "mean1": 0.128132,
  "githubStatus": "HOST_POSTS",
  "githubCode": 0,
  "lastSuccess": 0,
  "baseline": {
    "passed": true,
    "mean": 0.111408,
    "variance": 0.00050068,
    "min": 0.050769,
    "max": 0.146667
  },
  "hardware": {
    "passed": true,
    "dark": 0.123962,
    "light": 0.411673,
    "fifty": 0.268874
  }
}