{
  "timestamp": "2025-12-01T09:50:34Z",
  "timestamp_ms": 35434556,
  "cycle": 16,
  "phase": 4,
  "phase_name": "10 kHz",
  "ssid": "Girod-House-of-Big-Nuts",
  "ip": "192.168.1.91",
  "rssi": -63,
  "samples": 20027000,
  "runtime": 35434,
  "mean100": 0.111854,
  "var100": 0.00051759,
  "mean10": 0.116769,
  "var10": 0.00054543,
  "mean1": 0.076557,
  "githubStatus": "HOST_POSTS",
  "githubCode": 0,
  "lastSuccess": 0,
  "baseline": {
    "passed": true,
    "mean": 0.112132,
    "variance": 0.00050187,
    "min": 0.050769,
    "max": 0.147473
  },
  "hardware": {
    "passed": true,
    "dark": 0.124953,
    "light": 0.411741,
    "fifty": 0.268874
  }
}