{
  "timestamp": "2025-12-01T04:36:23Z",
  "timestamp_ms": 16583811,
  "cycle": 7,
  "phase": 5,
  "phase_name": "20 kHz",
  "ssid": "Girod-House-of-Big-Nuts",
  "ip": "192.168.1.91",
  "rssi": -66,
  "samples": 9659146,
  "runtime": 16583,
  "mean100": 0.409692,
  "var100": 1.52e-06,
  "mean10": 0.409458,
  "var10": 2.53e-06,
  "mean1": 0.411795,
  "githubStatus": "HOST_POSTS",
  "githubCode": 0,
  "lastSuccess": 0,
  "baseline": {
    "passed": true,
    "mean": 0.106752,
    "variance": 0.00058906,
    "min": 0.050769,
    "max": 0.144249
  },
  "hardware": {
    "passed": true,
    "dark": 0.119801,
    "light": 0.409588,
    "fifty": 0.268874
  }
}