{
  "delta_t_100ms": {
    "mean": 0.236609,
    "variance": 0.000041
  },
  "delta_t_10ms": {
    "mean": 0.234586,
    "variance": 0.000054
  },
  "delta_t_1ms": {
    "mean": 0.231282,
    "variance": 0.000000
  },
  "timestamp_ms": 2727123,
  "sample_count": 2153970,
  "timestamp_iso": "2727s"
}