{
  "timestamp": "2025-12-01T07:18:04Z",
  "timestamp_ms": 26284479,
  "cycle": 12,
  "phase": 2,
  "phase_name": "100 Hz",
  "ssid": "Girod-House-of-Big-Nuts",
  "ip": "192.168.1.91",
  "rssi": -64,
  "samples": 15221608,
  "runtime": 26284,
  "mean100": 0.11216,
  "var100": 0.00049657,
  "mean10": 0.122169,
  "var10": 0.00041279,
  "mean1": 0.08381,
  "githubStatus": "HOST_POSTS",
  "githubCode": 0,
  "lastSuccess": 0,
  "baseline": {
    "passed": true,
    "mean": 0.111852,
    "variance": 0.00049819,
    "min": 0.07011,
    "max": 0.148278
  },
  "hardware": {
    "passed": true,
    "dark": 0.12465,
    "light": 0.411727,
    "fifty": 0.268874
  }
}