{
  "delta_t_100ms": {
    "mean": 0.239115,
    "variance": 0.000042
  },
  "delta_t_10ms": {
    "mean": 0.240630,
    "variance": 0.000050
  },
  "delta_t_1ms": {
    "mean": 0.231282,
    "variance": 0.000000
  },
  "timestamp_ms": 34104458,
  "sample_count": 27459416,
  "timestamp_iso": "34104s"
}