{
  "timestamp": "2025-12-01T03:38:43Z",
  "timestamp_ms": 13123863,
  "cycle": 6,
  "phase": 1,
  "phase_name": "LED ON",
  "ssid": "Girod-House-of-Big-Nuts",
  "ip": "192.168.1.91",
  "rssi": -66,
  "samples": 7641934,
  "runtime": 13123,
  "mean100": 0.410667,
  "var100": 1.44e-06,
  "mean10": 0.410425,
  "var10": 1.44e-06,
  "mean1": 0.411795,
  "githubStatus": "HOST_POSTS",
  "githubCode": 0,
  "lastSuccess": 0,
  "baseline": {
    "passed": true,
    "mean": 0.107338,
    "variance": 0.0005845,
    "min": 0.047546,
    "max": 0.142637
  },
  "hardware": {
    "passed": true,
    "dark": 0.120569,
    "light": 0.41016,
    "fifty": 0.268874
  }
}