{
  "timestamp": "2025-12-01T02:08:45Z",
  "timestamp_ms": 7725625,
  "cycle": 3,
  "phase": 4,
  "phase_name": "10 kHz",
  "ssid": "Girod-House-of-Big-Nuts",
  "ip": "192.168.1.91",
  "rssi": -66,
  "samples": 4509721,
  "runtime": 7725,
  "mean100": 0.109694,
  "var100": 0.0005529,
  "mean10": 0.09485,
  "var10": 0.00029055,
  "mean1": 0.124103,
  "githubStatus": "HOST_POSTS",
  "githubCode": 0,
  "lastSuccess": 0,
  "baseline": {
    "passed": true,
    "mean": 0.110103,
    "variance": 0.00056534,
    "min": 0.044322,
    "max": 0.147473
  },
  "hardware": {
    "passed": true,
    "dark": 0.123438,
    "light": 0.411703,
    "fifty": 0.268874
  }
}