{
  "delta_t_100ms": {
    "mean": 0.236987,
    "variance": 0.000038
  },
  "delta_t_10ms": {
    "mean": 0.237407,
    "variance": 0.000030
  },
  "delta_t_1ms": {
    "mean": 0.242564,
    "variance": 0.000000
  },
  "timestamp_ms": 1942703,
  "sample_count": 1523929,
  "timestamp_iso": "1942s"
}