{
  "timestamp": "2025-12-01T00:26:36Z",
  "timestamp_ms": 1596956,
  "cycle": 0,
  "phase": 5,
  "phase_name": "20 kHz",
  "ssid": "Girod-House-of-Big-Nuts",
  "ip": "192.168.1.91",
  "rssi": -62,
  "samples": 764949,
  "runtime": 1596,
  "mean100": 0.411682,
  "var100": 2.3e-07,
  "mean10": 0.411634,
  "var10": 2.3e-07,
  "mean1": 0.411795,
  "githubStatus": "HOST_POSTS",
  "githubCode": 0,
  "lastSuccess": 0,
  "baseline": {
    "passed": true,
    "mean": 0.10945,
    "variance": 0.00045767,
    "min": 0.041905,
    "max": 0.141026
  },
  "hardware": {
    "passed": true,
    "dark": 0.120419,
    "light": 0.411765,
    "fifty": 0.265363
  }
}