{
  "timestamp": "2025-12-01T02:23:22Z",
  "timestamp_ms": 8602374,
  "cycle": 4,
  "phase": 0,
  "phase_name": "LED OFF",
  "ssid": "Girod-House-of-Big-Nuts",
  "ip": "192.168.1.91",
  "rssi": -65,
  "samples": 4955383,
  "runtime": 8602,
  "mean100": 0.108703,
  "var100": 0.00057162,
  "mean10": 0.095172,
  "var10": 0.00034139,
  "mean1": 0.098315,
  "githubStatus": "HOST_POSTS",
  "githubCode": 0,
  "lastSuccess": 0,
  "baseline": {
    "passed": true,
    "mean": 0.108919,
    "variance": 0.00056362,
    "min": 0.050769,
    "max": 0.145861
  },
  "hardware": {
    "passed": true,
    "dark": 0.122228,
    "light": 0.411262,
    "fifty": 0.268874
  }
}