{
  "delta_t_100ms": {
    "mean": 0.245159,
    "variance": 0.000044
  },
  "delta_t_10ms": {
    "mean": 0.245788,
    "variance": 0.000040
  },
  "delta_t_1ms": {
    "mean": 0.244176,
    "variance": 0.000000
  },
  "timestamp_ms": 4117676,
  "sample_count": 831300,
  "timestamp_iso": "4117s"
}