{
  "delta_t_100ms": {
    "mean": 0.237431,
    "variance": 0.000047
  },
  "delta_t_10ms": {
    "mean": 0.237245,
    "variance": 0.000048
  },
  "delta_t_1ms": {
    "mean": 0.231282,
    "variance": 0.000000
  },
  "timestamp_ms": 10391742,
  "sample_count": 8374008,
  "timestamp_iso": "10391s"
}