{
  "delta_t_100ms": {
    "mean": 0.237672,
    "variance": 0.000041
  },
  "delta_t_10ms": {
    "mean": 0.237326,
    "variance": 0.000031
  },
  "delta_t_1ms": {
    "mean": 0.240952,
    "variance": 0.000000
  },
  "timestamp_ms": 3460947,
  "sample_count": 2793000,
  "timestamp_iso": "3460s"
}