{
  "timestamp": "2025-12-01T06:07:08Z",
  "timestamp_ms": 22028903,
  "cycle": 10,
  "phase": 2,
  "phase_name": "100 Hz",
  "ssid": "Girod-House-of-Big-Nuts",
  "ip": "192.168.1.91",
  "rssi": -64,
  "samples": 12817458,
  "runtime": 22028,
  "mean100": 0.110693,
  "var100": 0.0005183,
  "mean10": 0.099443,
  "var10": 0.00045137,
  "mean1": 0.137802,
  "githubStatus": "HOST_POSTS",
  "githubCode": 0,
  "lastSuccess": 0,
  "baseline": {
    "passed": true,
    "mean": 0.109338,
    "variance": 0.00052686,
    "min": 0.044322,
    "max": 0.145055
  },
  "hardware": {
    "passed": true,
    "dark": 0.122155,
    "light": 0.411163,
    "fifty": 0.268874
  }
}