{
  "delta_t_100ms": {
    "mean": 0.237173,
    "variance": 0.000042
  },
  "delta_t_10ms": {
    "mean": 0.238212,
    "variance": 0.000033
  },
  "delta_t_1ms": {
    "mean": 0.231282,
    "variance": 0.000000
  },
  "timestamp_ms": 17547146,
  "sample_count": 14173407,
  "timestamp_iso": "17547s"
}