{
  "delta_t_100ms": {
    "mean": 0.237890,
    "variance": 0.000042
  },
  "delta_t_10ms": {
    "mean": 0.238212,
    "variance": 0.000041
  },
  "delta_t_1ms": {
    "mean": 0.248205,
    "variance": 0.000000
  },
  "timestamp_ms": 19044331,
  "sample_count": 15386006,
  "timestamp_iso": "19044s"
}