{
  "delta_t_100ms": {
    "mean": 0.237777,
    "variance": 0.000043
  },
  "delta_t_10ms": {
    "mean": 0.235875,
    "variance": 0.000032
  },
  "delta_t_1ms": {
    "mean": 0.231282,
    "variance": 0.000000
  },
  "timestamp_ms": 10588324,
  "sample_count": 8532172,
  "timestamp_iso": "10588s"
}