{
  "delta_t_100ms": {
    "mean": 0.238204,
    "variance": 0.000047
  },
  "delta_t_10ms": {
    "mean": 0.238535,
    "variance": 0.000053
  },
  "delta_t_1ms": {
    "mean": 0.244176,
    "variance": 0.000000
  },
  "timestamp_ms": 23918771,
  "sample_count": 19340245,
  "timestamp_iso": "23918s"
}