{
  "delta_t_100ms": {
    "mean": 0.238180,
    "variance": 0.000038
  },
  "delta_t_10ms": {
    "mean": 0.238374,
    "variance": 0.000044
  },
  "delta_t_1ms": {
    "mean": 0.229670,
    "variance": 0.000000
  },
  "timestamp_ms": 13773854,
  "sample_count": 11115500,
  "timestamp_iso": "13773s"
}