{
  "delta_t_100ms": {
    "mean": 0.238341,
    "variance": 0.000046
  },
  "delta_t_10ms": {
    "mean": 0.237971,
    "variance": 0.000048
  },
  "delta_t_1ms": {
    "mean": 0.231282,
    "variance": 0.000000
  },
  "timestamp_ms": 21513495,
  "sample_count": 17389493,
  "timestamp_iso": "21513s"
}