{
  "delta_t_100ms": {
    "mean": 0.238905,
    "variance": 0.000048
  },
  "delta_t_10ms": {
    "mean": 0.237487,
    "variance": 0.000051
  },
  "delta_t_1ms": {
    "mean": 0.247399,
    "variance": 0.000000
  },
  "timestamp_ms": 24762774,
  "sample_count": 20025593,
  "timestamp_iso": "24762s"
}