{
  "delta_t_100ms": {
    "mean": 0.237237,
    "variance": 0.000042
  },
  "delta_t_10ms": {
    "mean": 0.237326,
    "variance": 0.000050
  },
  "delta_t_1ms": {
    "mean": 0.244176,
    "variance": 0.000000
  },
  "timestamp_ms": 4175796,
  "sample_count": 3372991,
  "timestamp_iso": "4175s"
}