{
  "delta_t_100ms": {
    "mean": 0.237004,
    "variance": 0.000044
  },
  "delta_t_10ms": {
    "mean": 0.237165,
    "variance": 0.000036
  },
  "delta_t_1ms": {
    "mean": 0.244176,
    "variance": 0.000000
  },
  "timestamp_ms": 3181012,
  "sample_count": 2521392,
  "timestamp_iso": "3181s"
}