{
  "delta_t_100ms": {
    "mean": 0.236705,
    "variance": 0.000041
  },
  "delta_t_10ms": {
    "mean": 0.236842,
    "variance": 0.000040
  },
  "delta_t_1ms": {
    "mean": 0.243370,
    "variance": 0.000000
  },
  "timestamp_ms": 2986301,
  "sample_count": 2363909,
  "timestamp_iso": "2986s"
}