{
  "delta_t_100ms": {
    "mean": 0.237237,
    "variance": 0.000041
  },
  "delta_t_10ms": {
    "mean": 0.237004,
    "variance": 0.000051
  },
  "delta_t_1ms": {
    "mean": 0.244176,
    "variance": 0.000000
  },
  "timestamp_ms": 7207852,
  "sample_count": 5790489,
  "timestamp_iso": "7207s"
}