{
  "delta_t_100ms": {
    "mean": 0.237286,
    "variance": 0.000048
  },
  "delta_t_10ms": {
    "mean": 0.237245,
    "variance": 0.000039
  },
  "delta_t_1ms": {
    "mean": 0.236923,
    "variance": 0.000000
  },
  "timestamp_ms": 7792810,
  "sample_count": 6264997,
  "timestamp_iso": "7792s"
}