{
  "timestamp": "2025-12-01T03:55:58Z",
  "timestamp_ms": 14158383,
  "cycle": 6,
  "phase": 4,
  "phase_name": "10 kHz",
  "ssid": "Girod-House-of-Big-Nuts",
  "ip": "192.168.1.91",
  "rssi": -66,
  "samples": 8264632,
  "runtime": 14158,
  "mean100": 0.109033,
  "var100": 0.0005814,
  "mean10": 0.102989,
  "var10": 0.00076433,
  "mean1": 0.141026,
  "githubStatus": "HOST_POSTS",
  "githubCode": 0,
  "lastSuccess": 0,
  "baseline": {
    "passed": true,
    "mean": 0.107338,
    "variance": 0.0005845,
    "min": 0.047546,
    "max": 0.142637
  },
  "hardware": {
    "passed": true,
    "dark": 0.120569,
    "light": 0.41016,
    "fifty": 0.268874
  }
}