{
  "delta_t_100ms": {
    "mean": 0.239760,
    "variance": 0.000084
  },
  "delta_t_10ms": {
    "mean": 0.238938,
    "variance": 0.000057
  },
  "delta_t_1ms": {
    "mean": 0.231282,
    "variance": 0.000000
  },
  "timestamp_ms": 29272127,
  "sample_count": 23610674,
  "timestamp_iso": "29272s"
}