{
  "delta_t_100ms": {
    "mean": 0.245393,
    "variance": 0.000041
  },
  "delta_t_10ms": {
    "mean": 0.246190,
    "variance": 0.000033
  },
  "delta_t_1ms": {
    "mean": 0.243370,
    "variance": 0.000000
  },
  "timestamp_ms": 4598992,
  "sample_count": 922003,
  "timestamp_iso": "4598s"
}