{
  "delta_t_100ms": {
    "mean": 0.244973,
    "variance": 0.000039
  },
  "delta_t_10ms": {
    "mean": 0.244015,
    "variance": 0.000048
  },
  "delta_t_1ms": {
    "mean": 0.250623,
    "variance": 0.000000
  },
  "timestamp_ms": 7152112,
  "sample_count": 1353972,
  "timestamp_iso": "7152s"
}