{
  "timestamp": "2025-12-01T13:14:28Z",
  "timestamp_ms": 47668269,
  "cycle": 22,
  "phase": 2,
  "phase_name": "100 Hz",
  "ssid": "Girod-House-of-Big-Nuts",
  "ip": "192.168.1.91",
  "rssi": -64,
  "samples": 26737100,
  "runtime": 47668,
  "mean100": 0.11498,
  "var100": 0.00047559,
  "mean10": 0.127165,
  "var10": 0.00031182,
  "mean1": 0.128132,
  "githubStatus": "HOST_POSTS",
  "githubCode": 0,
  "lastSuccess": 0,
  "baseline": {
    "passed": true,
    "mean": 0.113539,
    "variance": 0.00048667,
    "min": 0.050769,
    "max": 0.147473
  },
  "hardware": {
    "passed": true,
    "dark": 0.125839,
    "light": 0.411774,
    "fifty": 0.268874
  }
}