{
  "delta_t_100ms": {
    "mean": 0.236246,
    "variance": 0.000041
  },
  "delta_t_10ms": {
    "mean": 0.234344,
    "variance": 0.000038
  },
  "delta_t_1ms": {
    "mean": 0.231282,
    "variance": 0.000000
  },
  "timestamp_ms": 1813094,
  "sample_count": 1418914,
  "timestamp_iso": "1813s"
}