{
  "delta_t_100ms": {
    "mean": 0.239091,
    "variance": 0.000044
  },
  "delta_t_10ms": {
    "mean": 0.238374,
    "variance": 0.000044
  },
  "delta_t_1ms": {
    "mean": 0.231282,
    "variance": 0.000000
  },
  "timestamp_ms": 27224618,
  "sample_count": 21976295,
  "timestamp_iso": "27224s"
}