{
  "delta_t_100ms": {
    "mean": 0.238365,
    "variance": 0.000044
  },
  "delta_t_10ms": {
    "mean": 0.237890,
    "variance": 0.000042
  },
  "delta_t_1ms": {
    "mean": 0.242564,
    "variance": 0.000000
  },
  "timestamp_ms": 21707699,
  "sample_count": 17547619,
  "timestamp_iso": "21707s"
}