{
  "delta_t_100ms": {
    "mean": 0.244740,
    "variance": 0.000043
  },
  "delta_t_10ms": {
    "mean": 0.245868,
    "variance": 0.000039
  },
  "delta_t_1ms": {
    "mean": 0.242564,
    "variance": 0.000000
  },
  "timestamp_ms": 4263854,
  "sample_count": 854859,
  "timestamp_iso": "4263s"
}