{
  "timestamp": "2025-12-01T03:12:02Z",
  "timestamp_ms": 11522719,
  "cycle": 5,
  "phase": 2,
  "phase_name": "100 Hz",
  "ssid": "Girod-House-of-Big-Nuts",
  "ip": "192.168.1.91",
  "rssi": -65,
  "samples": 6747098,
  "runtime": 11522,
  "mean100": 0.107784,
  "var100": 0.0005522,
  "mean10": 0.115399,
  "var10": 0.00049054,
  "mean1": 0.102344,
  "githubStatus": "HOST_POSTS",
  "githubCode": 0,
  "lastSuccess": 0,
  "baseline": {
    "passed": true,
    "mean": 0.108117,
    "variance": 0.00057068,
    "min": 0.057216,
    "max": 0.147473
  },
  "hardware": {
    "passed": true,
    "dark": 0.121533,
    "light": 0.410831,
    "fifty": 0.268874
  }
}