{
  "delta_t_100ms": {
    "mean": 0.239389,
    "variance": 0.000045
  },
  "delta_t_10ms": {
    "mean": 0.239905,
    "variance": 0.000041
  },
  "delta_t_1ms": {
    "mean": 0.236923,
    "variance": 0.000000
  },
  "timestamp_ms": 27486091,
  "sample_count": 22187166,
  "timestamp_iso": "27486s"
}