{
  "timestamp": "2025-12-01T07:02:00Z",
  "timestamp_ms": 25320849,
  "cycle": 11,
  "phase": 6,
  "phase_name": "LIVE TRT",
  "ssid": "Girod-House-of-Big-Nuts",
  "ip": "192.168.1.91",
  "rssi": -63,
  "samples": 14631800,
  "runtime": 25320,
  "mean100": 0.411658,
  "var100": 2.6e-07,
  "mean10": 0.411311,
  "var10": 6.8e-07,
  "mean1": 0.410183,
  "githubStatus": "HOST_POSTS",
  "githubCode": 0,
  "lastSuccess": 0,
  "baseline": {
    "passed": true,
    "mean": 0.110769,
    "variance": 0.0005124,
    "min": 0.061245,
    "max": 0.147473
  },
  "hardware": {
    "passed": true,
    "dark": 0.123658,
    "light": 0.411655,
    "fifty": 0.268874
  }
}