{
  "delta_t_100ms": {
    "mean": 0.238261,
    "variance": 0.000042
  },
  "delta_t_10ms": {
    "mean": 0.237407,
    "variance": 0.000051
  },
  "delta_t_1ms": {
    "mean": 0.231282,
    "variance": 0.000000
  },
  "timestamp_ms": 11107298,
  "sample_count": 8953979,
  "timestamp_iso": "11107s"
}