{
  "timestamp": "2025-12-01T09:14:12Z",
  "timestamp_ms": 33252180,
  "cycle": 15,
  "phase": 4,
  "phase_name": "10 kHz",
  "ssid": "Girod-House-of-Big-Nuts",
  "ip": "192.168.1.91",
  "rssi": -63,
  "samples": 18934577,
  "runtime": 33252,
  "mean100": 0.112119,
  "var100": 0.00050208,
  "mean10": 0.108227,
  "var10": 0.00050148,
  "mean1": 0.083004,
  "githubStatus": "HOST_POSTS",
  "githubCode": 0,
  "lastSuccess": 0,
  "baseline": {
    "passed": true,
    "mean": 0.112572,
    "variance": 0.00048191,
    "min": 0.063663,
    "max": 0.147473
  },
  "hardware": {
    "passed": true,
    "dark": 0.125152,
    "light": 0.411768,
    "fifty": 0.268874
  }
}