{
  "delta_t_100ms": {
    "mean": 0.238897,
    "variance": 0.000049
  },
  "delta_t_10ms": {
    "mean": 0.238535,
    "variance": 0.000057
  },
  "delta_t_1ms": {
    "mean": 0.248205,
    "variance": 0.000000
  },
  "timestamp_ms": 27823195,
  "sample_count": 22450785,
  "timestamp_iso": "27823s"
}