{
  "timestamp": "2025-12-01T05:51:36Z",
  "timestamp_ms": 21096014,
  "cycle": 9,
  "phase": 6,
  "phase_name": "LIVE TRT",
  "ssid": "Girod-House-of-Big-Nuts",
  "ip": "192.168.1.91",
  "rssi": -64,
  "samples": 12242904,
  "runtime": 21096,
  "mean100": 0.411037,
  "var100": 1.09e-06,
  "mean10": 0.410747,
  "var10": 1.57e-06,
  "mean1": 0.411795,
  "githubStatus": "HOST_POSTS",
  "githubCode": 0,
  "lastSuccess": 0,
  "baseline": {
    "passed": true,
    "mean": 0.107043,
    "variance": 0.00053188,
    "min": 0.050769,
    "max": 0.146667
  },
  "hardware": {
    "passed": true,
    "dark": 0.120149,
    "light": 0.409365,
    "fifty": 0.268874
  }
}