{
  "delta_t_100ms": {
    "mean": 0.238019,
    "variance": 0.000044
  },
  "delta_t_10ms": {
    "mean": 0.237890,
    "variance": 0.000036
  },
  "delta_t_1ms": {
    "mean": 0.230476,
    "variance": 0.000000
  },
  "timestamp_ms": 19174141,
  "sample_count": 15491479,
  "timestamp_iso": "19174s"
}