{
  "delta_t_100ms": {
    "mean": 0.236850,
    "variance": 0.000041
  },
  "delta_t_10ms": {
    "mean": 0.237084,
    "variance": 0.000039
  },
  "delta_t_1ms": {
    "mean": 0.229670,
    "variance": 0.000000
  },
  "timestamp_ms": 5842583,
  "sample_count": 4683241,
  "timestamp_iso": "5842s"
}