{
  "delta_t_100ms": {
    "mean": 0.237721,
    "variance": 0.000041
  },
  "delta_t_10ms": {
    "mean": 0.238293,
    "variance": 0.000045
  },
  "delta_t_1ms": {
    "mean": 0.231282,
    "variance": 0.000000
  },
  "timestamp_ms": 15730981,
  "sample_count": 12697163,
  "timestamp_iso": "15730s"
}