{
  "timestamp": "2025-12-01T02:47:40Z",
  "timestamp_ms": 10060214,
  "cycle": 4,
  "phase": 5,
  "phase_name": "20 kHz",
  "ssid": "Girod-House-of-Big-Nuts",
  "ip": "192.168.1.91",
  "rssi": -66,
  "samples": 5870501,
  "runtime": 10060,
  "mean100": 0.109194,
  "var100": 0.00056142,
  "mean10": 0.125473,
  "var10": 0.0002099,
  "mean1": 0.099927,
  "githubStatus": "HOST_POSTS",
  "githubCode": 0,
  "lastSuccess": 0,
  "baseline": {
    "passed": true,
    "mean": 0.108919,
    "variance": 0.00056362,
    "min": 0.050769,
    "max": 0.145861
  },
  "hardware": {
    "passed": true,
    "dark": 0.122228,
    "light": 0.411262,
    "fifty": 0.268874
  }
}