{
  "delta_t_100ms": {
    "mean": 0.244917,
    "variance": 0.000048
  },
  "delta_t_10ms": {
    "mean": 0.246513,
    "variance": 0.000049
  },
  "delta_t_1ms": {
    "mean": 0.250623,
    "variance": 0.000000
  },
  "timestamp_ms": 3099250,
  "sample_count": 629038,
  "timestamp_iso": "3099s"
}