{
  "delta_t_100ms": {
    "mean": 0.237842,
    "variance": 0.000043
  },
  "delta_t_10ms": {
    "mean": 0.238051,
    "variance": 0.000046
  },
  "delta_t_1ms": {
    "mean": 0.244176,
    "variance": 0.000000
  },
  "timestamp_ms": 17875496,
  "sample_count": 14437000,
  "timestamp_iso": "17875s"
}