{
  "delta_t_100ms": {
    "mean": 0.239115,
    "variance": 0.000048
  },
  "delta_t_10ms": {
    "mean": 0.238938,
    "variance": 0.000050
  },
  "delta_t_1ms": {
    "mean": 0.236117,
    "variance": 0.000000
  },
  "timestamp_ms": 33111725,
  "sample_count": 26668553,
  "timestamp_iso": "33111s"
}