{
  "delta_t_100ms": {
    "mean": 0.244506,
    "variance": 0.000040
  },
  "delta_t_10ms": {
    "mean": 0.245143,
    "variance": 0.000033
  },
  "delta_t_1ms": {
    "mean": 0.253040,
    "variance": 0.000000
  },
  "timestamp_ms": 2338889,
  "sample_count": 488295,
  "timestamp_iso": "2338s"
}