{
  "delta_t_100ms": {
    "mean": 0.239050,
    "variance": 0.000045
  },
  "delta_t_10ms": {
    "mean": 0.239260,
    "variance": 0.000046
  },
  "delta_t_1ms": {
    "mean": 0.234505,
    "variance": 0.000000
  },
  "timestamp_ms": 35170723,
  "sample_count": 28302995,
  "timestamp_iso": "35170s"
}