{
  "delta_t_100ms": {
    "mean": 0.237938,
    "variance": 0.000046
  },
  "delta_t_10ms": {
    "mean": 0.240308,
    "variance": 0.000048
  },
  "delta_t_1ms": {
    "mean": 0.244176,
    "variance": 0.000000
  },
  "timestamp_ms": 19954720,
  "sample_count": 16124104,
  "timestamp_iso": "19954s"
}