{
  "timestamp": "2025-12-01T03:21:26Z",
  "timestamp_ms": 12086789,
  "cycle": 5,
  "phase": 4,
  "phase_name": "10 kHz",
  "ssid": "Girod-House-of-Big-Nuts",
  "ip": "192.168.1.91",
  "rssi": -66,
  "samples": 7070181,
  "runtime": 12086,
  "mean100": 0.107317,
  "var100": 0.0005925,
  "mean10": 0.100571,
  "var10": 0.00056743,
  "mean1": 0.073333,
  "githubStatus": "HOST_POSTS",
  "githubCode": 0,
  "lastSuccess": 0,
  "baseline": {
    "passed": true,
    "mean": 0.108117,
    "variance": 0.00057068,
    "min": 0.057216,
    "max": 0.147473
  },
  "hardware": {
    "passed": true,
    "dark": 0.121533,
    "light": 0.410831,
    "fifty": 0.268874
  }
}