{
  "timestamp": "2025-12-01T01:17:30Z",
  "timestamp_ms": 4650224,
  "cycle": 2,
  "phase": 1,
  "phase_name": "LED ON",
  "ssid": "Girod-House-of-Big-Nuts",
  "ip": "192.168.1.91",
  "rssi": -62,
  "samples": 2192001,
  "runtime": 4650,
  "mean100": 0.410562,
  "var100": 1.68e-06,
  "mean10": 0.410828,
  "var10": 4.9e-07,
  "mean1": 0.410989,
  "githubStatus": "HOST_POSTS",
  "githubCode": 0,
  "lastSuccess": 0,
  "baseline": {
    "passed": true,
    "mean": 0.103834,
    "variance": 0.00062961,
    "min": 0.031429,
    "max": 0.141026
  },
  "hardware": {
    "passed": true,
    "dark": 0.117498,
    "light": 0.410358,
    "fifty": 0.265363
  }
}