{
  "delta_t_100ms": {
    "mean": 0.237761,
    "variance": 0.000043
  },
  "delta_t_10ms": {
    "mean": 0.236440,
    "variance": 0.000045
  },
  "delta_t_1ms": {
    "mean": 0.248205,
    "variance": 0.000000
  },
  "timestamp_ms": 8054308,
  "sample_count": 6475889,
  "timestamp_iso": "8054s"
}