{
  "delta_t_100ms": {
    "mean": 0.237108,
    "variance": 0.000043
  },
  "delta_t_10ms": {
    "mean": 0.236923,
    "variance": 0.000059
  },
  "delta_t_1ms": {
    "mean": 0.243370,
    "variance": 0.000000
  },
  "timestamp_ms": 3763925,
  "sample_count": 2995874,
  "timestamp_iso": "3763s"
}