{
  "timestamp": "2025-12-01T07:30:46Z",
  "timestamp_ms": 27046202,
  "cycle": 12,
  "phase": 4,
  "phase_name": "10 kHz",
  "ssid": "Girod-House-of-Big-Nuts",
  "ip": "192.168.1.91",
  "rssi": -64,
  "samples": 15667271,
  "runtime": 27046,
  "mean100": 0.11436,
  "var100": 0.00051497,
  "mean10": 0.117011,
  "var10": 0.00064718,
  "mean1": 0.14022,
  "githubStatus": "HOST_POSTS",
  "githubCode": 0,
  "lastSuccess": 0,
  "baseline": {
    "passed": true,
    "mean": 0.111852,
    "variance": 0.00049819,
    "min": 0.07011,
    "max": 0.148278
  },
  "hardware": {
    "passed": true,
    "dark": 0.12465,
    "light": 0.411727,
    "fifty": 0.268874
  }
}