{
  "delta_t_100ms": {
    "mean": 0.238003,
    "variance": 0.000042
  },
  "delta_t_10ms": {
    "mean": 0.238938,
    "variance": 0.000027
  },
  "delta_t_1ms": {
    "mean": 0.231282,
    "variance": 0.000000
  },
  "timestamp_ms": 13247995,
  "sample_count": 10693739,
  "timestamp_iso": "13247s"
}