{
  "delta_t_100ms": {
    "mean": 0.238164,
    "variance": 0.000045
  },
  "delta_t_10ms": {
    "mean": 0.239018,
    "variance": 0.000037
  },
  "delta_t_1ms": {
    "mean": 0.236117,
    "variance": 0.000000
  },
  "timestamp_ms": 21577991,
  "sample_count": 17442180,
  "timestamp_iso": "21577s"
}