{
  "delta_t_100ms": {
    "mean": 0.244957,
    "variance": 0.000046
  },
  "delta_t_10ms": {
    "mean": 0.244821,
    "variance": 0.000053
  },
  "delta_t_1ms": {
    "mean": 0.250623,
    "variance": 0.000000
  },
  "timestamp_ms": 5948031,
  "sample_count": 1163131,
  "timestamp_iso": "5948s"
}