{
  "delta_t_100ms": {
    "mean": 0.236867,
    "variance": 0.000042
  },
  "delta_t_10ms": {
    "mean": 0.236601,
    "variance": 0.000046
  },
  "delta_t_1ms": {
    "mean": 0.229670,
    "variance": 0.000000
  },
  "timestamp_ms": 5453952,
  "sample_count": 4366817,
  "timestamp_iso": "5453s"
}