{
  "delta_t_100ms": {
    "mean": 0.236697,
    "variance": 0.000040
  },
  "delta_t_10ms": {
    "mean": 0.235392,
    "variance": 0.000041
  },
  "delta_t_1ms": {
    "mean": 0.231282,
    "variance": 0.000000
  },
  "timestamp_ms": 2467904,
  "sample_count": 1943949,
  "timestamp_iso": "2467s"
}