{
  "delta_t_100ms": {
    "mean": 0.239381,
    "variance": 0.000046
  },
  "delta_t_10ms": {
    "mean": 0.239744,
    "variance": 0.000047
  },
  "delta_t_1ms": {
    "mean": 0.250623,
    "variance": 0.000000
  },
  "timestamp_ms": 34842148,
  "sample_count": 28039368,
  "timestamp_iso": "34842s"
}