{
  "timestamp": "2025-12-01T05:36:54Z",
  "timestamp_ms": 20214580,
  "cycle": 9,
  "phase": 3,
  "phase_name": "1 kHz",
  "ssid": "Girod-House-of-Big-Nuts",
  "ip": "192.168.1.91",
  "rssi": -64,
  "samples": 11778237,
  "runtime": 20214,
  "mean100": 0.411029,
  "var100": 8.4e-07,
  "mean10": 0.411634,
  "var10": 1e-07,
  "mean1": 0.411795,
  "githubStatus": "HOST_POSTS",
  "githubCode": 0,
  "lastSuccess": 0,
  "baseline": {
    "passed": true,
    "mean": 0.107043,
    "variance": 0.00053188,
    "min": 0.050769,
    "max": 0.146667
  },
  "hardware": {
    "passed": true,
    "dark": 0.120149,
    "light": 0.409365,
    "fifty": 0.268874
  }
}