{
  "timestamp": "2025-12-01T00:22:03Z",
  "timestamp_ms": 1323933,
  "cycle": 0,
  "phase": 4,
  "phase_name": "10 kHz",
  "ssid": "Girod-House-of-Big-Nuts",
  "ip": "192.168.1.91",
  "rssi": -69,
  "samples": 759128,
  "runtime": 1323,
  "mean100": 0.115359,
  "var100": 0.00022104,
  "mean10": 0.106132,
  "var10": 0.00013262,
  "mean1": 0.102344,
  "githubStatus": "HOST_POSTS",
  "githubCode": 0,
  "lastSuccess": 0,
  "baseline": {
    "passed": true,
    "mean": 0.115096,
    "variance": 0.0004129,
    "min": 0.076557,
    "max": 0.150696
  },
  "hardware": {
    "passed": true,
    "dark": 0.126642,
    "light": 0.411794,
    "fifty": 0.268553
  }
}