{
  "delta_t_100ms": {
    "mean": 0.239220,
    "variance": 0.000046
  },
  "delta_t_10ms": {
    "mean": 0.238938,
    "variance": 0.000048
  },
  "delta_t_1ms": {
    "mean": 0.231282,
    "variance": 0.000000
  },
  "timestamp_ms": 35902821,
  "sample_count": 28830160,
  "timestamp_iso": "35902s"
}