{
  "delta_t_100ms": {
    "mean": 0.237044,
    "variance": 0.000044
  },
  "delta_t_10ms": {
    "mean": 0.236923,
    "variance": 0.000040
  },
  "delta_t_1ms": {
    "mean": 0.242564,
    "variance": 0.000000
  },
  "timestamp_ms": 5259714,
  "sample_count": 4208631,
  "timestamp_iso": "5259s"
}