{
  "timestamp": "2025-12-01T00:07:11Z",
  "timestamp_ms": 431654,
  "cycle": 0,
  "phase": 1,
  "phase_name": "LED ON",
  "ssid": "Girod-House-of-Big-Nuts",
  "ip": "192.168.1.91",
  "rssi": -56,
  "samples": 262430,
  "runtime": 431,
  "mean100": 0.41107,
  "var100": 8.9e-07,
  "mean10": 0.411311,
  "var10": 6.8e-07,
  "mean1": 0.411795,
  "githubStatus": "HOST_POSTS",
  "githubCode": 0,
  "lastSuccess": 0,
  "baseline": {
    "passed": true,
    "mean": 0.114935,
    "variance": 0.00012742,
    "min": 0.076557,
    "max": 0.137802
  },
  "hardware": {
    "passed": true,
    "dark": 0.125239,
    "light": 0.411652,
    "fifty": 0.268185
  }
}