{
  "timestamp": "2025-12-01T02:24:50Z",
  "timestamp_ms": 8690698,
  "cycle": 4,
  "phase": 0,
  "phase_name": "LED OFF",
  "ssid": "Girod-House-of-Big-Nuts",
  "ip": "192.168.1.91",
  "rssi": -61,
  "samples": 4175557,
  "runtime": 8690,
  "mean100": 0.106293,
  "var100": 0.00064052,
  "mean10": 0.117333,
  "var10": 0.00048929,
  "mean1": 0.075751,
  "githubStatus": "HOST_POSTS",
  "githubCode": 0,
  "lastSuccess": 0,
  "baseline": {
    "passed": true,
    "mean": 0.106339,
    "variance": 0.0006255,
    "min": 0.044322,
    "max": 0.143443
  },
  "hardware": {
    "passed": true,
    "dark": 0.119459,
    "light": 0.411527,
    "fifty": 0.265363
  }
}