{
  "delta_t_100ms": {
    "mean": 0.239107,
    "variance": 0.000190
  },
  "delta_t_10ms": {
    "mean": 0.235956,
    "variance": 0.000040
  },
  "delta_t_1ms": {
    "mean": 0.244176,
    "variance": 0.000000
  },
  "timestamp_ms": 1825328,
  "sample_count": 1474874,
  "timestamp_iso": "1825s"
}