{
  "delta_t_100ms": {
    "mean": 0.237987,
    "variance": 0.000052
  },
  "delta_t_10ms": {
    "mean": 0.240066,
    "variance": 0.000033
  },
  "delta_t_1ms": {
    "mean": 0.244176,
    "variance": 0.000000
  },
  "timestamp_ms": 19238747,
  "sample_count": 15544164,
  "timestamp_iso": "19238s"
}