{
  "timestamp": "2025-12-01T01:30:34Z",
  "timestamp_ms": 5434127,
  "cycle": 2,
  "phase": 3,
  "phase_name": "1 kHz",
  "ssid": "Girod-House-of-Big-Nuts",
  "ip": "192.168.1.91",
  "rssi": -65,
  "samples": 2591454,
  "runtime": 5434,
  "mean100": 0.410062,
  "var100": 1.81e-06,
  "mean10": 0.410183,
  "var10": 1.43e-06,
  "mean1": 0.408571,
  "githubStatus": "HOST_POSTS",
  "githubCode": 0,
  "lastSuccess": 0,
  "baseline": {
    "passed": true,
    "mean": 0.103834,
    "variance": 0.00062961,
    "min": 0.031429,
    "max": 0.141026
  },
  "hardware": {
    "passed": true,
    "dark": 0.117498,
    "light": 0.410358,
    "fifty": 0.265363
  }
}