{
  "timestamp": "2025-12-01T05:55:34Z",
  "timestamp_ms": 21334340,
  "cycle": 10,
  "phase": 0,
  "phase_name": "LED OFF",
  "ssid": "Girod-House-of-Big-Nuts",
  "ip": "192.168.1.91",
  "rssi": -64,
  "samples": 12348766,
  "runtime": 21334,
  "mean100": 0.109243,
  "var100": 0.00050873,
  "mean10": 0.117897,
  "var10": 0.00042199,
  "mean1": 0.080586,
  "githubStatus": "HOST_POSTS",
  "githubCode": 0,
  "lastSuccess": 0,
  "baseline": {
    "passed": true,
    "mean": 0.109338,
    "variance": 0.00052686,
    "min": 0.044322,
    "max": 0.145055
  },
  "hardware": {
    "passed": true,
    "dark": 0.122155,
    "light": 0.411163,
    "fifty": 0.268874
  }
}