{
  "delta_t_100ms": {
    "mean": 0.237753,
    "variance": 0.000043
  },
  "delta_t_10ms": {
    "mean": 0.237971,
    "variance": 0.000043
  },
  "delta_t_1ms": {
    "mean": 0.248205,
    "variance": 0.000000
  },
  "timestamp_ms": 17353006,
  "sample_count": 14015247,
  "timestamp_iso": "17353s"
}