{
  "delta_t_100ms": {
    "mean": 0.239123,
    "variance": 0.000049
  },
  "delta_t_10ms": {
    "mean": 0.240146,
    "variance": 0.000046
  },
  "delta_t_1ms": {
    "mean": 0.248205,
    "variance": 0.000000
  },
  "timestamp_ms": 31686480,
  "sample_count": 25508668,
  "timestamp_iso": "31686s"
}