{
  "delta_t_100ms": {
    "mean": 0.238857,
    "variance": 0.000048
  },
  "delta_t_10ms": {
    "mean": 0.239341,
    "variance": 0.000053
  },
  "delta_t_1ms": {
    "mean": 0.246593,
    "variance": 0.000000
  },
  "timestamp_ms": 29792713,
  "sample_count": 24032499,
  "timestamp_iso": "29792s"
}