{
  "delta_t_100ms": {
    "mean": 0.237592,
    "variance": 0.000043
  },
  "delta_t_10ms": {
    "mean": 0.237729,
    "variance": 0.000049
  },
  "delta_t_1ms": {
    "mean": 0.248205,
    "variance": 0.000000
  },
  "timestamp_ms": 2289090,
  "sample_count": 1843987,
  "timestamp_iso": "2289s"
}