{
  "delta_t_100ms": {
    "mean": 0.236762,
    "variance": 0.000044
  },
  "delta_t_10ms": {
    "mean": 0.237326,
    "variance": 0.000047
  },
  "delta_t_1ms": {
    "mean": 0.240147,
    "variance": 0.000000
  },
  "timestamp_ms": 4806259,
  "sample_count": 3839500,
  "timestamp_iso": "4806s"
}