{
  "timestamp": "2025-12-01T13:05:35Z",
  "timestamp_ms": 47135366,
  "cycle": 22,
  "phase": 0,
  "phase_name": "LED OFF",
  "ssid": "Girod-House-of-Big-Nuts",
  "ip": "192.168.1.91",
  "rssi": -64,
  "samples": 26404964,
  "runtime": 47135,
  "mean100": 0.114134,
  "var100": 0.00046691,
  "mean10": 0.127407,
  "var10": 0.0002506,
  "mean1": 0.095897,
  "githubStatus": "HOST_POSTS",
  "githubCode": 0,
  "lastSuccess": 0,
  "baseline": {
    "passed": true,
    "mean": 0.113539,
    "variance": 0.00048667,
    "min": 0.050769,
    "max": 0.147473
  },
  "hardware": {
    "passed": true,
    "dark": 0.125839,
    "light": 0.411774,
    "fifty": 0.268874
  }
}