{
  "delta_t_100ms": {
    "mean": 0.238648,
    "variance": 0.000042
  },
  "delta_t_10ms": {
    "mean": 0.238535,
    "variance": 0.000030
  },
  "delta_t_1ms": {
    "mean": 0.231282,
    "variance": 0.000000
  },
  "timestamp_ms": 23265797,
  "sample_count": 18813000,
  "timestamp_iso": "23265s"
}