{
  "delta_t_100ms": {
    "mean": 0.238462,
    "variance": 0.000046
  },
  "delta_t_10ms": {
    "mean": 0.238132,
    "variance": 0.000051
  },
  "delta_t_1ms": {
    "mean": 0.244176,
    "variance": 0.000000
  },
  "timestamp_ms": 19825545,
  "sample_count": 16018668,
  "timestamp_iso": "19825s"
}