{
  "delta_t_100ms": {
    "mean": 0.238946,
    "variance": 0.000045
  },
  "delta_t_10ms": {
    "mean": 0.239018,
    "variance": 0.000040
  },
  "delta_t_1ms": {
    "mean": 0.231282,
    "variance": 0.000000
  },
  "timestamp_ms": 34038574,
  "sample_count": 27406678,
  "timestamp_iso": "34038s"
}