{
  "delta_t_100ms": {
    "mean": 0.239099,
    "variance": 0.000049
  },
  "delta_t_10ms": {
    "mean": 0.238696,
    "variance": 0.000048
  },
  "delta_t_1ms": {
    "mean": 0.231282,
    "variance": 0.000000
  },
  "timestamp_ms": 27952351,
  "sample_count": 22556238,
  "timestamp_iso": "27952s"
}