{
  "delta_t_100ms": {
    "mean": 0.237922,
    "variance": 0.000043
  },
  "delta_t_10ms": {
    "mean": 0.237729,
    "variance": 0.000038
  },
  "delta_t_1ms": {
    "mean": 0.231282,
    "variance": 0.000000
  },
  "timestamp_ms": 15925591,
  "sample_count": 12855331,
  "timestamp_iso": "15925s"
}