{
  "delta_t_100ms": {
    "mean": 0.238809,
    "variance": 0.000043
  },
  "delta_t_10ms": {
    "mean": 0.237971,
    "variance": 0.000036
  },
  "delta_t_1ms": {
    "mean": 0.231282,
    "variance": 0.000000
  },
  "timestamp_ms": 26770520,
  "sample_count": 21607239,
  "timestamp_iso": "26770s"
}