{
  "delta_t_100ms": {
    "mean": 0.237455,
    "variance": 0.000045
  },
  "delta_t_10ms": {
    "mean": 0.237648,
    "variance": 0.000036
  },
  "delta_t_1ms": {
    "mean": 0.230476,
    "variance": 0.000000
  },
  "timestamp_ms": 1953868,
  "sample_count": 1580324,
  "timestamp_iso": "1953s"
}