{
  "timestamp": "2025-12-01T04:48:10Z",
  "timestamp_ms": 17290149,
  "cycle": 8,
  "phase": 0,
  "phase_name": "LED OFF",
  "ssid": "Girod-House-of-Big-Nuts",
  "ip": "192.168.1.91",
  "rssi": -66,
  "samples": 10043470,
  "runtime": 17290,
  "mean100": 0.108235,
  "var100": 0.00061257,
  "mean10": 0.110967,
  "var10": 0.00072124,
  "mean1": 0.133773,
  "githubStatus": "HOST_POSTS",
  "githubCode": 0,
  "lastSuccess": 0,
  "baseline": {
    "passed": true,
    "mean": 0.106293,
    "variance": 0.00059681,
    "min": 0.06044,
    "max": 0.144249
  },
  "hardware": {
    "passed": true,
    "dark": 0.119522,
    "light": 0.409302,
    "fifty": 0.268874
  }
}