{
  "delta_t_100ms": {
    "mean": 0.238760,
    "variance": 0.000045
  },
  "delta_t_10ms": {
    "mean": 0.238938,
    "variance": 0.000048
  },
  "delta_t_1ms": {
    "mean": 0.230476,
    "variance": 0.000000
  },
  "timestamp_ms": 29339507,
  "sample_count": 23663414,
  "timestamp_iso": "29339s"
}