{
  "delta_t_100ms": {
    "mean": 0.238567,
    "variance": 0.000047
  },
  "delta_t_10ms": {
    "mean": 0.238857,
    "variance": 0.000048
  },
  "delta_t_1ms": {
    "mean": 0.231282,
    "variance": 0.000000
  },
  "timestamp_ms": 34647567,
  "sample_count": 27881186,
  "timestamp_iso": "34647s"
}