{
  "delta_t_100ms": {
    "mean": 0.237971,
    "variance": 0.000041
  },
  "delta_t_10ms": {
    "mean": 0.236762,
    "variance": 0.000038
  },
  "delta_t_1ms": {
    "mean": 0.243370,
    "variance": 0.000000
  },
  "timestamp_ms": 9869563,
  "sample_count": 7952247,
  "timestamp_iso": "9869s"
}