{
  "delta_t_100ms": {
    "mean": 0.237914,
    "variance": 0.000044
  },
  "delta_t_10ms": {
    "mean": 0.239179,
    "variance": 0.000030
  },
  "delta_t_1ms": {
    "mean": 0.244176,
    "variance": 0.000000
  },
  "timestamp_ms": 8960361,
  "sample_count": 7214007,
  "timestamp_iso": "8960s"
}