{
  "timestamp": "2025-12-01T04:33:04Z",
  "timestamp_ms": 16384427,
  "cycle": 7,
  "phase": 4,
  "phase_name": "10 kHz",
  "ssid": "Girod-House-of-Big-Nuts",
  "ip": "192.168.1.91",
  "rssi": -65,
  "samples": 9558500,
  "runtime": 16384,
  "mean100": 0.108171,
  "var100": 0.00060832,
  "mean10": 0.106535,
  "var10": 0.00078355,
  "mean1": 0.137802,
  "githubStatus": "HOST_POSTS",
  "githubCode": 0,
  "lastSuccess": 0,
  "baseline": {
    "passed": true,
    "mean": 0.106752,
    "variance": 0.00058906,
    "min": 0.050769,
    "max": 0.144249
  },
  "hardware": {
    "passed": true,
    "dark": 0.119801,
    "light": 0.409588,
    "fifty": 0.268874
  }
}