{
  "delta_t_100ms": {
    "mean": 0.244611,
    "variance": 0.000041
  },
  "delta_t_10ms": {
    "mean": 0.242886,
    "variance": 0.000052
  },
  "delta_t_1ms": {
    "mean": 0.250623,
    "variance": 0.000000
  },
  "timestamp_ms": 7484884,
  "sample_count": 1415995,
  "timestamp_iso": "7484s"
}