{
  "timestamp": "2025-12-01T04:57:01Z",
  "timestamp_ms": 17821090,
  "cycle": 8,
  "phase": 2,
  "phase_name": "100 Hz",
  "ssid": "Girod-House-of-Big-Nuts",
  "ip": "192.168.1.91",
  "rssi": -66,
  "samples": 10396064,
  "runtime": 17821,
  "mean100": 0.106495,
  "var100": 0.00055929,
  "mean10": 0.116125,
  "var10": 0.0004275,
  "mean1": 0.075751,
  "githubStatus": "HOST_POSTS",
  "githubCode": 0,
  "lastSuccess": 0,
  "baseline": {
    "passed": true,
    "mean": 0.106293,
    "variance": 0.00059681,
    "min": 0.06044,
    "max": 0.144249
  },
  "hardware": {
    "passed": true,
    "dark": 0.119522,
    "light": 0.409302,
    "fifty": 0.268874
  }
}