{
  "delta_t_100ms": {
    "mean": 0.244990,
    "variance": 0.000040
  },
  "delta_t_10ms": {
    "mean": 0.245143,
    "variance": 0.000032
  },
  "delta_t_1ms": {
    "mean": 0.237729,
    "variance": 0.000000
  },
  "timestamp_ms": 5143444,
  "sample_count": 1007073,
  "timestamp_iso": "5143s"
}