{
  "delta_t_100ms": {
    "mean": 0.237213,
    "variance": 0.000038
  },
  "delta_t_10ms": {
    "mean": 0.237245,
    "variance": 0.000035
  },
  "delta_t_1ms": {
    "mean": 0.231282,
    "variance": 0.000000
  },
  "timestamp_ms": 6750876,
  "sample_count": 5421378,
  "timestamp_iso": "6750s"
}