{
  "delta_t_100ms": {
    "mean": 0.239389,
    "variance": 0.000048
  },
  "delta_t_10ms": {
    "mean": 0.239099,
    "variance": 0.000052
  },
  "delta_t_1ms": {
    "mean": 0.249011,
    "variance": 0.000000
  },
  "timestamp_ms": 27690685,
  "sample_count": 22345350,
  "timestamp_iso": "27690s"
}