{
  "delta_t_100ms": {
    "mean": 0.239284,
    "variance": 0.000047
  },
  "delta_t_10ms": {
    "mean": 0.238857,
    "variance": 0.000054
  },
  "delta_t_1ms": {
    "mean": 0.231282,
    "variance": 0.000000
  },
  "timestamp_ms": 35367044,
  "sample_count": 28461113,
  "timestamp_iso": "35367s"
}