{
  "delta_t_100ms": {
    "mean": 0.237721,
    "variance": 0.000041
  },
  "delta_t_10ms": {
    "mean": 0.237568,
    "variance": 0.000039
  },
  "delta_t_1ms": {
    "mean": 0.231282,
    "variance": 0.000000
  },
  "timestamp_ms": 2612250,
  "sample_count": 2107556,
  "timestamp_iso": "2612s"
}