{
  "delta_t_100ms": {
    "mean": 0.237850,
    "variance": 0.000042
  },
  "delta_t_10ms": {
    "mean": 0.237326,
    "variance": 0.000035
  },
  "delta_t_1ms": {
    "mean": 0.246593,
    "variance": 0.000000
  },
  "timestamp_ms": 16641506,
  "sample_count": 13435271,
  "timestamp_iso": "16641s"
}