{
  "timestamp": "2025-12-01T01:46:19Z",
  "timestamp_ms": 6379911,
  "cycle": 2,
  "phase": 6,
  "phase_name": "LIVE TRT",
  "ssid": "Girod-House-of-Big-Nuts",
  "ip": "192.168.1.91",
  "rssi": -66,
  "samples": 3692642,
  "runtime": 6379,
  "mean100": 0.411674,
  "var100": 1.7e-07,
  "mean10": 0.411392,
  "var10": 4.2e-07,
  "mean1": 0.411795,
  "githubStatus": "HOST_POSTS",
  "githubCode": 0,
  "lastSuccess": 0,
  "baseline": {
    "passed": true,
    "mean": 0.110489,
    "variance": 0.00058166,
    "min": 0.04674,
    "max": 0.146667
  },
  "hardware": {
    "passed": true,
    "dark": 0.123654,
    "light": 0.411746,
    "fifty": 0.268874
  }
}