{
  "timestamp": "2025-12-01T12:36:57Z",
  "timestamp_ms": 45417430,
  "cycle": 21,
  "phase": 2,
  "phase_name": "100 Hz",
  "ssid": "Girod-House-of-Big-Nuts",
  "ip": "192.168.1.91",
  "rssi": -63,
  "samples": 25514003,
  "runtime": 45418,
  "mean100": 0.11382,
  "var100": 0.00049011,
  "mean10": 0.122733,
  "var10": 0.00037108,
  "mean1": 0.086227,
  "githubStatus": "HOST_POSTS",
  "githubCode": 0,
  "lastSuccess": 0,
  "baseline": {
    "passed": true,
    "mean": 0.113837,
    "variance": 0.00049387,
    "min": 0.067692,
    "max": 0.147473
  },
  "hardware": {
    "passed": true,
    "dark": 0.126505,
    "light": 0.411796,
    "fifty": 0.268874
  }
}