{
  "timestamp": "2025-12-01T05:44:16Z",
  "timestamp_ms": 20656709,
  "cycle": 9,
  "phase": 4,
  "phase_name": "10 kHz",
  "ssid": "Girod-House-of-Big-Nuts",
  "ip": "192.168.1.91",
  "rssi": -64,
  "samples": 12028560,
  "runtime": 20656,
  "mean100": 0.109718,
  "var100": 0.00052692,
  "mean10": 0.124022,
  "var10": 0.00024826,
  "mean1": 0.09348,
  "githubStatus": "HOST_POSTS",
  "githubCode": 0,
  "lastSuccess": 0,
  "baseline": {
    "passed": true,
    "mean": 0.107043,
    "variance": 0.00053188,
    "min": 0.050769,
    "max": 0.146667
  },
  "hardware": {
    "passed": true,
    "dark": 0.120149,
    "light": 0.409365,
    "fifty": 0.268874
  }
}