{
  "delta_t_100ms": {
    "mean": 0.238406,
    "variance": 0.000044
  },
  "delta_t_10ms": {
    "mean": 0.237407,
    "variance": 0.000037
  },
  "delta_t_1ms": {
    "mean": 0.231282,
    "variance": 0.000000
  },
  "timestamp_ms": 19631047,
  "sample_count": 15860500,
  "timestamp_iso": "19631s"
}