{
  "delta_t_100ms": {
    "mean": 0.238067,
    "variance": 0.000040
  },
  "delta_t_10ms": {
    "mean": 0.238132,
    "variance": 0.000040
  },
  "delta_t_1ms": {
    "mean": 0.244176,
    "variance": 0.000000
  },
  "timestamp_ms": 10523673,
  "sample_count": 8479486,
  "timestamp_iso": "10523s"
}