{
  "delta_t_100ms": {
    "mean": 0.245046,
    "variance": 0.000042
  },
  "delta_t_10ms": {
    "mean": 0.244015,
    "variance": 0.000043
  },
  "delta_t_1ms": {
    "mean": 0.250623,
    "variance": 0.000000
  },
  "timestamp_ms": 6212628,
  "sample_count": 1218246,
  "timestamp_iso": "6212s"
}