{
  "timestamp": "2025-12-01T02:34:23Z",
  "timestamp_ms": 9263378,
  "cycle": 4,
  "phase": 2,
  "phase_name": "100 Hz",
  "ssid": "Girod-House-of-Big-Nuts",
  "ip": "192.168.1.91",
  "rssi": -66,
  "samples": 5411956,
  "runtime": 9263,
  "mean100": 0.109936,
  "var100": 0.00055644,
  "mean10": 0.098637,
  "var10": 0.00044851,
  "mean1": 0.137802,
  "githubStatus": "HOST_POSTS",
  "githubCode": 0,
  "lastSuccess": 0,
  "baseline": {
    "passed": true,
    "mean": 0.108919,
    "variance": 0.00056362,
    "min": 0.050769,
    "max": 0.145861
  },
  "hardware": {
    "passed": true,
    "dark": 0.122228,
    "light": 0.411262,
    "fifty": 0.268874
  }
}