{
  "timestamp": "2025-12-01T06:32:05Z",
  "timestamp_ms": 23525111,
  "cycle": 11,
  "phase": 0,
  "phase_name": "LED OFF",
  "ssid": "Girod-House-of-Big-Nuts",
  "ip": "192.168.1.91",
  "rssi": -64,
  "samples": 13579517,
  "runtime": 23525,
  "mean100": 0.11191,
  "var100": 0.00049852,
  "mean10": 0.12507,
  "var10": 0.00022051,
  "mean1": 0.118462,
  "githubStatus": "HOST_POSTS",
  "githubCode": 0,
  "lastSuccess": 0,
  "baseline": {
    "passed": true,
    "mean": 0.110769,
    "variance": 0.0005124,
    "min": 0.061245,
    "max": 0.147473
  },
  "hardware": {
    "passed": true,
    "dark": 0.123658,
    "light": 0.411655,
    "fifty": 0.268874
  }
}