{
  "delta_t_100ms": {
    "mean": 0.237261,
    "variance": 0.000042
  },
  "delta_t_10ms": {
    "mean": 0.235553,
    "variance": 0.000038
  },
  "delta_t_1ms": {
    "mean": 0.244176,
    "variance": 0.000000
  },
  "timestamp_ms": 7336836,
  "sample_count": 5895926,
  "timestamp_iso": "7336s"
}