{
  "delta_t_100ms": {
    "mean": 0.239059,
    "variance": 0.000043
  },
  "delta_t_10ms": {
    "mean": 0.239099,
    "variance": 0.000043
  },
  "delta_t_1ms": {
    "mean": 0.240952,
    "variance": 0.000000
  },
  "timestamp_ms": 31491864,
  "sample_count": 25350500,
  "timestamp_iso": "31491s"
}