{
  "delta_t_100ms": {
    "mean": 0.236762,
    "variance": 0.000040
  },
  "delta_t_10ms": {
    "mean": 0.236762,
    "variance": 0.000038
  },
  "delta_t_1ms": {
    "mean": 0.228059,
    "variance": 0.000000
  },
  "timestamp_ms": 2140995,
  "sample_count": 1681476,
  "timestamp_iso": "2140s"
}