{
  "delta_t_100ms": {
    "mean": 0.244595,
    "variance": 0.000043
  },
  "delta_t_10ms": {
    "mean": 0.245143,
    "variance": 0.000039
  },
  "delta_t_1ms": {
    "mean": 0.237729,
    "variance": 0.000000
  },
  "timestamp_ms": 2473329,
  "sample_count": 502866,
  "timestamp_iso": "2473s"
}