{
  "delta_t_100ms": {
    "mean": 0.236802,
    "variance": 0.000041
  },
  "delta_t_10ms": {
    "mean": 0.236198,
    "variance": 0.000051
  },
  "delta_t_1ms": {
    "mean": 0.231282,
    "variance": 0.000000
  },
  "timestamp_ms": 4023962,
  "sample_count": 3206759,
  "timestamp_iso": "4023s"
}