{
  "delta_t_100ms": {
    "mean": 0.237938,
    "variance": 0.000046
  },
  "delta_t_10ms": {
    "mean": 0.238535,
    "variance": 0.000047
  },
  "delta_t_1ms": {
    "mean": 0.231282,
    "variance": 0.000000
  },
  "timestamp_ms": 19890228,
  "sample_count": 16071416,
  "timestamp_iso": "19890s"
}