{
  "delta_t_100ms": {
    "mean": 0.239075,
    "variance": 0.000042
  },
  "delta_t_10ms": {
    "mean": 0.237810,
    "variance": 0.000045
  },
  "delta_t_1ms": {
    "mean": 0.247399,
    "variance": 0.000000
  },
  "timestamp_ms": 33695004,
  "sample_count": 27143034,
  "timestamp_iso": "33695s"
}