{
  "timestamp": "2025-12-01T01:35:43Z",
  "timestamp_ms": 5743243,
  "cycle": 2,
  "phase": 4,
  "phase_name": "10 kHz",
  "ssid": "Girod-House-of-Big-Nuts",
  "ip": "192.168.1.91",
  "rssi": -65,
  "samples": 3139864,
  "runtime": 5743,
  "mean100": 0.113522,
  "var100": 0.00027201,
  "mean10": 0.118945,
  "var10": 0.00026213,
  "mean1": 0.091868,
  "githubStatus": "HOST_POSTS",
  "githubCode": 0,
  "lastSuccess": 0,
  "baseline": {
    "passed": true,
    "mean": 0.113154,
    "variance": 0.00025591,
    "min": 0.062051,
    "max": 0.141026
  },
  "hardware": {
    "passed": true,
    "dark": 0.123574,
    "light": 0.411787,
    "fifty": 0.268553
  }
}