{
  "timestamp": "2025-12-01T05:20:04Z",
  "timestamp_ms": 19204561,
  "cycle": 9,
  "phase": 0,
  "phase_name": "LED OFF",
  "ssid": "Girod-House-of-Big-Nuts",
  "ip": "192.168.1.91",
  "rssi": -64,
  "samples": 11109251,
  "runtime": 19204,
  "mean100": 0.10838,
  "var100": 0.00053956,
  "mean10": 0.101297,
  "var10": 0.00064448,
  "mean1": 0.139414,
  "githubStatus": "HOST_POSTS",
  "githubCode": 0,
  "lastSuccess": 0,
  "baseline": {
    "passed": true,
    "mean": 0.107043,
    "variance": 0.00053188,
    "min": 0.050769,
    "max": 0.146667
  },
  "hardware": {
    "passed": true,
    "dark": 0.120149,
    "light": 0.409365,
    "fifty": 0.268874
  }
}