{
  "delta_t_100ms": {
    "mean": 0.244675,
    "variance": 0.000040
  },
  "delta_t_10ms": {
    "mean": 0.244498,
    "variance": 0.000030
  },
  "delta_t_1ms": {
    "mean": 0.250623,
    "variance": 0.000000
  },
  "timestamp_ms": 2004728,
  "sample_count": 429022,
  "timestamp_iso": "2004s"
}