{
  "delta_t_100ms": {
    "mean": 0.238043,
    "variance": 0.000045
  },
  "delta_t_10ms": {
    "mean": 0.236762,
    "variance": 0.000045
  },
  "delta_t_1ms": {
    "mean": 0.247399,
    "variance": 0.000000
  },
  "timestamp_ms": 14228718,
  "sample_count": 11484547,
  "timestamp_iso": "14228s"
}