{
  "delta_t_100ms": {
    "mean": 0.238059,
    "variance": 0.000044
  },
  "delta_t_10ms": {
    "mean": 0.238454,
    "variance": 0.000049
  },
  "delta_t_1ms": {
    "mean": 0.244176,
    "variance": 0.000000
  },
  "timestamp_ms": 12208568,
  "sample_count": 9850245,
  "timestamp_iso": "12208s"
}