{
  "timestamp": "2025-12-01T01:57:28Z",
  "timestamp_ms": 7048226,
  "cycle": 3,
  "phase": 2,
  "phase_name": "100 Hz",
  "ssid": "Girod-House-of-Big-Nuts",
  "ip": "192.168.1.91",
  "rssi": -67,
  "samples": 3794479,
  "runtime": 7048,
  "mean100": 0.112522,
  "var100": 0.00023589,
  "mean10": 0.104601,
  "var10": 0.0001344,
  "mean1": 0.102344,
  "githubStatus": "HOST_POSTS",
  "githubCode": 0,
  "lastSuccess": 0,
  "baseline": {
    "passed": true,
    "mean": 0.113133,
    "variance": 0.00024655,
    "min": 0.063663,
    "max": 0.138608
  },
  "hardware": {
    "passed": true,
    "dark": 0.123478,
    "light": 0.411774,
    "fifty": 0.268553
  }
}