{
  "timestamp": "2025-12-01T11:43:41Z",
  "timestamp_ms": 42221133,
  "cycle": 19,
  "phase": 5,
  "phase_name": "20 kHz",
  "ssid": "Girod-House-of-Big-Nuts",
  "ip": "192.168.1.91",
  "rssi": -63,
  "samples": 23823000,
  "runtime": 42221,
  "mean100": 0.411763,
  "var100": 1e-07,
  "mean10": 0.411472,
  "var10": 9.4e-07,
  "mean1": 0.411795,
  "githubStatus": "HOST_POSTS",
  "githubCode": 0,
  "lastSuccess": 0,
  "baseline": {
    "passed": true,
    "mean": 0.11385,
    "variance": 0.00050896,
    "min": 0.037875,
    "max": 0.147473
  },
  "hardware": {
    "passed": true,
    "dark": 0.126431,
    "light": 0.411781,
    "fifty": 0.268874
  }
}