{
  "timestamp": "2025-12-01T11:54:17Z",
  "timestamp_ms": 42857368,
  "cycle": 20,
  "phase": 0,
  "phase_name": "LED OFF",
  "ssid": "Girod-House-of-Big-Nuts",
  "ip": "192.168.1.91",
  "rssi": -63,
  "samples": 24177662,
  "runtime": 42857,
  "mean100": 0.115899,
  "var100": 0.00049864,
  "mean10": 0.12644,
  "var10": 0.00032398,
  "mean1": 0.128132,
  "githubStatus": "HOST_POSTS",
  "githubCode": 0,
  "lastSuccess": 0,
  "baseline": {
    "passed": true,
    "mean": 0.114233,
    "variance": 0.00050237,
    "min": 0.043516,
    "max": 0.147473
  },
  "hardware": {
    "passed": true,
    "dark": 0.126832,
    "light": 0.411792,
    "fifty": 0.268874
  }
}