{
  "timestamp": "2025-12-01T10:26:25Z",
  "timestamp_ms": 37585220,
  "cycle": 17,
  "phase": 4,
  "phase_name": "10 kHz",
  "ssid": "Girod-House-of-Big-Nuts",
  "ip": "192.168.1.91",
  "rssi": -64,
  "samples": 21200864,
  "runtime": 37585,
  "mean100": 0.113481,
  "var100": 0.00050431,
  "mean10": 0.117172,
  "var10": 0.00055073,
  "mean1": 0.134579,
  "githubStatus": "HOST_POSTS",
  "githubCode": 0,
  "lastSuccess": 0,
  "baseline": {
    "passed": true,
    "mean": 0.111785,
    "variance": 0.00049288,
    "min": 0.050769,
    "max": 0.147473
  },
  "hardware": {
    "passed": true,
    "dark": 0.124655,
    "light": 0.411699,
    "fifty": 0.268874
  }
}