{
  "timestamp": "2025-12-01T00:25:58Z",
  "timestamp_ms": 1558533,
  "cycle": 0,
  "phase": 5,
  "phase_name": "20 kHz",
  "ssid": "Girod-House-of-Big-Nuts",
  "ip": "192.168.1.91",
  "rssi": -66,
  "samples": 929628,
  "runtime": 1558,
  "mean100": 0.112724,
  "var100": 0.00059392,
  "mean10": 0.129341,
  "var10": 0.00017654,
  "mean1": 0.102344,
  "githubStatus": "HOST_POSTS",
  "githubCode": 0,
  "lastSuccess": 0,
  "baseline": {
    "passed": true,
    "mean": 0.112521,
    "variance": 0.00060704,
    "min": 0.063663,
    "max": 0.153114
  },
  "hardware": {
    "passed": true,
    "dark": 0.125568,
    "light": 0.411795,
    "fifty": 0.268874
  }
}