{
  "delta_t_100ms": {
    "mean": 0.237793,
    "variance": 0.000040
  },
  "delta_t_10ms": {
    "mean": 0.239260,
    "variance": 0.000037
  },
  "delta_t_1ms": {
    "mean": 0.231282,
    "variance": 0.000000
  },
  "timestamp_ms": 1889732,
  "sample_count": 1527572,
  "timestamp_iso": "1889s"
}