{
  "delta_t_100ms": {
    "mean": 0.237954,
    "variance": 0.000045
  },
  "delta_t_10ms": {
    "mean": 0.238696,
    "variance": 0.000052
  },
  "delta_t_1ms": {
    "mean": 0.244176,
    "variance": 0.000000
  },
  "timestamp_ms": 21448880,
  "sample_count": 17336752,
  "timestamp_iso": "21448s"
}