{
  "delta_t_100ms": {
    "mean": 0.236673,
    "variance": 0.000039
  },
  "delta_t_10ms": {
    "mean": 0.237165,
    "variance": 0.000037
  },
  "delta_t_1ms": {
    "mean": 0.240952,
    "variance": 0.000000
  },
  "timestamp_ms": 2662271,
  "sample_count": 2101464,
  "timestamp_iso": "2662s"
}