{
  "delta_t_100ms": {
    "mean": 0.236544,
    "variance": 0.000039
  },
  "delta_t_10ms": {
    "mean": 0.234989,
    "variance": 0.000040
  },
  "delta_t_1ms": {
    "mean": 0.244176,
    "variance": 0.000000
  },
  "timestamp_ms": 2335925,
  "sample_count": 1838962,
  "timestamp_iso": "2335s"
}