{
  "timestamp": "2025-12-01T06:03:50Z",
  "timestamp_ms": 21830117,
  "cycle": 10,
  "phase": 1,
  "phase_name": "LED ON",
  "ssid": "Girod-House-of-Big-Nuts",
  "ip": "192.168.1.91",
  "rssi": -63,
  "samples": 12695736,
  "runtime": 21830,
  "mean100": 0.411561,
  "var100": 4.5e-07,
  "mean10": 0.411714,
  "var10": 6e-08,
  "mean1": 0.410989,
  "githubStatus": "HOST_POSTS",
  "githubCode": 0,
  "lastSuccess": 0,
  "baseline": {
    "passed": true,
    "mean": 0.109338,
    "variance": 0.00052686,
    "min": 0.044322,
    "max": 0.145055
  },
  "hardware": {
    "passed": true,
    "dark": 0.122155,
    "light": 0.411163,
    "fifty": 0.268874
  }
}