{
  "delta_t_100ms": {
    "mean": 0.237479,
    "variance": 0.000043
  },
  "delta_t_10ms": {
    "mean": 0.237648,
    "variance": 0.000051
  },
  "delta_t_1ms": {
    "mean": 0.240952,
    "variance": 0.000000
  },
  "timestamp_ms": 4348055,
  "sample_count": 3470436,
  "timestamp_iso": "4348s"
}