{
  "delta_t_100ms": {
    "mean": 0.238341,
    "variance": 0.000047
  },
  "delta_t_10ms": {
    "mean": 0.239099,
    "variance": 0.000042
  },
  "delta_t_1ms": {
    "mean": 0.231282,
    "variance": 0.000000
  },
  "timestamp_ms": 24632759,
  "sample_count": 19920163,
  "timestamp_iso": "24632s"
}