{
  "delta_t_100ms": {
    "mean": 0.238849,
    "variance": 0.000044
  },
  "delta_t_10ms": {
    "mean": 0.239260,
    "variance": 0.000044
  },
  "delta_t_1ms": {
    "mean": 0.231282,
    "variance": 0.000000
  },
  "timestamp_ms": 30444322,
  "sample_count": 24559677,
  "timestamp_iso": "30444s"
}