{
  "delta_t_100ms": {
    "mean": 0.238132,
    "variance": 0.000045
  },
  "delta_t_10ms": {
    "mean": 0.237326,
    "variance": 0.000058
  },
  "delta_t_1ms": {
    "mean": 0.231282,
    "variance": 0.000000
  },
  "timestamp_ms": 15141437,
  "sample_count": 12222674,
  "timestamp_iso": "15141s"
}