{
  "delta_t_100ms": {
    "mean": 0.245094,
    "variance": 0.000038
  },
  "delta_t_10ms": {
    "mean": 0.245304,
    "variance": 0.000038
  },
  "delta_t_1ms": {
    "mean": 0.237729,
    "variance": 0.000000
  },
  "timestamp_ms": 4743208,
  "sample_count": 936917,
  "timestamp_iso": "4743s"
}