{
  "delta_t_100ms": {
    "mean": 0.238406,
    "variance": 0.000041
  },
  "delta_t_10ms": {
    "mean": 0.238374,
    "variance": 0.000046
  },
  "delta_t_1ms": {
    "mean": 0.242564,
    "variance": 0.000000
  },
  "timestamp_ms": 20342437,
  "sample_count": 16440488,
  "timestamp_iso": "20342s"
}