{
  "delta_t_100ms": {
    "mean": 0.237503,
    "variance": 0.000039
  },
  "delta_t_10ms": {
    "mean": 0.236762,
    "variance": 0.000047
  },
  "delta_t_1ms": {
    "mean": 0.231282,
    "variance": 0.000000
  },
  "timestamp_ms": 3069973,
  "sample_count": 2476635,
  "timestamp_iso": "3069s"
}