{
  "delta_t_100ms": {
    "mean": 0.244861,
    "variance": 0.000043
  },
  "delta_t_10ms": {
    "mean": 0.244901,
    "variance": 0.000045
  },
  "delta_t_1ms": {
    "mean": 0.242564,
    "variance": 0.000000
  },
  "timestamp_ms": 2763660,
  "sample_count": 574730,
  "timestamp_iso": "2763s"
}