{
  "timestamp": "2025-12-01T02:53:02Z",
  "timestamp_ms": 10382764,
  "cycle": 4,
  "phase": 6,
  "phase_name": "LIVE TRT",
  "ssid": "Girod-House-of-Big-Nuts",
  "ip": "192.168.1.91",
  "rssi": -66,
  "samples": 5654167,
  "runtime": 10382,
  "mean100": 0.405864,
  "var100": 1.11e-06,
  "mean10": 0.405348,
  "var10": 5.2e-07,
  "mean1": 0.403736,
  "githubStatus": "HOST_POSTS",
  "githubCode": 0,
  "lastSuccess": 0,
  "baseline": {
    "passed": true,
    "mean": 0.112703,
    "variance": 0.00024748,
    "min": 0.076557,
    "max": 0.141026
  },
  "hardware": {
    "passed": true,
    "dark": 0.123113,
    "light": 0.411775,
    "fifty": 0.268553
  }
}