{
  "delta_t_100ms": {
    "mean": 0.238889,
    "variance": 0.000049
  },
  "delta_t_10ms": {
    "mean": 0.238857,
    "variance": 0.000043
  },
  "delta_t_1ms": {
    "mean": 0.235311,
    "variance": 0.000000
  },
  "timestamp_ms": 22877570,
  "sample_count": 18496671,
  "timestamp_iso": "22877s"
}