{
  "timestamp": "2025-12-01T02:18:19Z",
  "timestamp_ms": 8299462,
  "cycle": 3,
  "phase": 6,
  "phase_name": "LIVE TRT",
  "ssid": "Girod-House-of-Big-Nuts",
  "ip": "192.168.1.91",
  "rssi": -66,
  "samples": 4803672,
  "runtime": 8299,
  "mean100": 0.411328,
  "var100": 1.03e-06,
  "mean10": 0.411311,
  "var10": 6.8e-07,
  "mean1": 0.411795,
  "githubStatus": "HOST_POSTS",
  "githubCode": 0,
  "lastSuccess": 0,
  "baseline": {
    "passed": true,
    "mean": 0.110103,
    "variance": 0.00056534,
    "min": 0.044322,
    "max": 0.147473
  },
  "hardware": {
    "passed": true,
    "dark": 0.123438,
    "light": 0.411703,
    "fifty": 0.268874
  }
}