{
  "delta_t_100ms": {
    "mean": 0.237761,
    "variance": 0.000043
  },
  "delta_t_10ms": {
    "mean": 0.238051,
    "variance": 0.000044
  },
  "delta_t_1ms": {
    "mean": 0.231282,
    "variance": 0.000000
  },
  "timestamp_ms": 14164035,
  "sample_count": 11431849,
  "timestamp_iso": "14164s"
}