{
  "timestamp": "2025-12-01T01:06:35Z",
  "timestamp_ms": 3995262,
  "cycle": 1,
  "phase": 6,
  "phase_name": "LIVE TRT",
  "ssid": "Girod-House-of-Big-Nuts",
  "ip": "192.168.1.91",
  "rssi": -67,
  "samples": 2152799,
  "runtime": 3995,
  "mean100": 0.411771,
  "var100": 3e-08,
  "mean10": 0.411795,
  "var10": 0.0,
  "mean1": 0.411795,
  "githubStatus": "HOST_POSTS",
  "githubCode": 0,
  "lastSuccess": 0,
  "baseline": {
    "passed": true,
    "mean": 0.113757,
    "variance": 0.00021983,
    "min": 0.069304,
    "max": 0.138608
  },
  "hardware": {
    "passed": true,
    "dark": 0.123837,
    "light": 0.411794,
    "fifty": 0.268553
  }
}