{
  "delta_t_100ms": {
    "mean": 0.238156,
    "variance": 0.000042
  },
  "delta_t_10ms": {
    "mean": 0.238212,
    "variance": 0.000043
  },
  "delta_t_1ms": {
    "mean": 0.249011,
    "variance": 0.000000
  },
  "timestamp_ms": 14812647,
  "sample_count": 11959048,
  "timestamp_iso": "14812s"
}