{
  "delta_t_100ms": {
    "mean": 0.238277,
    "variance": 0.000045
  },
  "delta_t_10ms": {
    "mean": 0.239985,
    "variance": 0.000047
  },
  "delta_t_1ms": {
    "mean": 0.242564,
    "variance": 0.000000
  },
  "timestamp_ms": 25493094,
  "sample_count": 20605533,
  "timestamp_iso": "25493s"
}