{
  "delta_t_100ms": {
    "mean": 0.244683,
    "variance": 0.000036
  },
  "delta_t_10ms": {
    "mean": 0.244821,
    "variance": 0.000036
  },
  "delta_t_1ms": {
    "mean": 0.244176,
    "variance": 0.000000
  },
  "timestamp_ms": 6080802,
  "sample_count": 1185777,
  "timestamp_iso": "6080s"
}