{
  "delta_t_100ms": {
    "mean": 0.237705,
    "variance": 0.000042
  },
  "delta_t_10ms": {
    "mean": 0.237568,
    "variance": 0.000034
  },
  "delta_t_1ms": {
    "mean": 0.240952,
    "variance": 0.000000
  },
  "timestamp_ms": 16705875,
  "sample_count": 13488000,
  "timestamp_iso": "16705s"
}