{
  "timestamp": "2025-12-01T00:36:27Z",
  "timestamp_ms": 2187973,
  "cycle": 1,
  "phase": 0,
  "phase_name": "LED OFF",
  "ssid": "Girod-House-of-Big-Nuts",
  "ip": "192.168.1.91",
  "rssi": -66,
  "samples": 1112453,
  "runtime": 2187,
  "mean100": 0.11104,
  "var100": 0.00058162,
  "mean10": 0.125956,
  "var10": 0.00026484,
  "mean1": 0.095092,
  "githubStatus": "HOST_POSTS",
  "githubCode": 0,
  "lastSuccess": 0,
  "baseline": {
    "passed": true,
    "mean": 0.111331,
    "variance": 0.0005953,
    "min": 0.037875,
    "max": 0.147473
  },
  "hardware": {
    "passed": true,
    "dark": 0.124607,
    "light": 0.411795,
    "fifty": 0.268998
  }
}