{
  "timestamp": "2025-12-01T07:03:08Z",
  "timestamp_ms": 25388572,
  "cycle": 11,
  "phase": 6,
  "phase_name": "LIVE TRT",
  "ssid": "Girod-House-of-Big-Nuts",
  "ip": "192.168.1.91",
  "rssi": -64,
  "samples": 14663078,
  "runtime": 25388,
  "mean100": 0.411731,
  "var100": 1e-07,
  "mean10": 0.411714,
  "var10": 6e-08,
  "mean1": 0.411795,
  "githubStatus": "HOST_POSTS",
  "githubCode": 0,
  "lastSuccess": 0,
  "baseline": {
    "passed": true,
    "mean": 0.110769,
    "variance": 0.0005124,
    "min": 0.061245,
    "max": 0.147473
  },
  "hardware": {
    "passed": true,
    "dark": 0.123658,
    "light": 0.411655,
    "fifty": 0.268874
  }
}