{
  "delta_t_100ms": {
    "mean": 0.244538,
    "variance": 0.000042
  },
  "delta_t_10ms": {
    "mean": 0.245465,
    "variance": 0.000038
  },
  "delta_t_1ms": {
    "mean": 0.249817,
    "variance": 0.000000
  },
  "timestamp_ms": 6614569,
  "sample_count": 1249135,
  "timestamp_iso": "6614s"
}