{
  "delta_t_100ms": {
    "mean": 0.239026,
    "variance": 0.000046
  },
  "delta_t_10ms": {
    "mean": 0.239099,
    "variance": 0.000044
  },
  "delta_t_1ms": {
    "mean": 0.246593,
    "variance": 0.000000
  },
  "timestamp_ms": 26834971,
  "sample_count": 21659988,
  "timestamp_iso": "26834s"
}