{
  "delta_t_100ms": {
    "mean": 0.238760,
    "variance": 0.000044
  },
  "delta_t_10ms": {
    "mean": 0.237326,
    "variance": 0.000044
  },
  "delta_t_1ms": {
    "mean": 0.242564,
    "variance": 0.000000
  },
  "timestamp_ms": 33370121,
  "sample_count": 26879484,
  "timestamp_iso": "33370s"
}