{
  "delta_t_100ms": {
    "mean": 0.238559,
    "variance": 0.000045
  },
  "delta_t_10ms": {
    "mean": 0.239824,
    "variance": 0.000039
  },
  "delta_t_1ms": {
    "mean": 0.244176,
    "variance": 0.000000
  },
  "timestamp_ms": 20929065,
  "sample_count": 16914985,
  "timestamp_iso": "20929s"
}