{
  "delta_t_100ms": {
    "mean": 0.238261,
    "variance": 0.000045
  },
  "delta_t_10ms": {
    "mean": 0.237729,
    "variance": 0.000036
  },
  "delta_t_1ms": {
    "mean": 0.240952,
    "variance": 0.000000
  },
  "timestamp_ms": 21123182,
  "sample_count": 17073116,
  "timestamp_iso": "21123s"
}