{
  "timestamp": "2025-12-01T06:11:34Z",
  "timestamp_ms": 22294632,
  "cycle": 10,
  "phase": 3,
  "phase_name": "1 kHz",
  "ssid": "Girod-House-of-Big-Nuts",
  "ip": "192.168.1.91",
  "rssi": -64,
  "samples": 12973220,
  "runtime": 22294,
  "mean100": 0.41161,
  "var100": 3e-07,
  "mean10": 0.411553,
  "var10": 2.7e-07,
  "mean1": 0.411795,
  "githubStatus": "HOST_POSTS",
  "githubCode": 0,
  "lastSuccess": 0,
  "baseline": {
    "passed": true,
    "mean": 0.109338,
    "variance": 0.00052686,
    "min": 0.044322,
    "max": 0.145055
  },
  "hardware": {
    "passed": true,
    "dark": 0.122155,
    "light": 0.411163,
    "fifty": 0.268874
  }
}