{
  "delta_t_100ms": {
    "mean": 0.237479,
    "variance": 0.000045
  },
  "delta_t_10ms": {
    "mean": 0.237326,
    "variance": 0.000059
  },
  "delta_t_1ms": {
    "mean": 0.228059,
    "variance": 0.000000
  },
  "timestamp_ms": 18263953,
  "sample_count": 14753349,
  "timestamp_iso": "18263s"
}