{
  "delta_t_100ms": {
    "mean": 0.237028,
    "variance": 0.000043
  },
  "delta_t_10ms": {
    "mean": 0.237004,
    "variance": 0.000045
  },
  "delta_t_1ms": {
    "mean": 0.239341,
    "variance": 0.000000
  },
  "timestamp_ms": 3115876,
  "sample_count": 2468896,
  "timestamp_iso": "3115s"
}