{
  "delta_t_100ms": {
    "mean": 0.238446,
    "variance": 0.000041
  },
  "delta_t_10ms": {
    "mean": 0.238454,
    "variance": 0.000046
  },
  "delta_t_1ms": {
    "mean": 0.243370,
    "variance": 0.000000
  },
  "timestamp_ms": 19368187,
  "sample_count": 15649605,
  "timestamp_iso": "19368s"
}