{
  "delta_t_100ms": {
    "mean": 0.237414,
    "variance": 0.000042
  },
  "delta_t_10ms": {
    "mean": 0.237407,
    "variance": 0.000034
  },
  "delta_t_1ms": {
    "mean": 0.236117,
    "variance": 0.000000
  },
  "timestamp_ms": 8183215,
  "sample_count": 6581334,
  "timestamp_iso": "8183s"
}