{
  "delta_t_100ms": {
    "mean": 0.237729,
    "variance": 0.000041
  },
  "delta_t_10ms": {
    "mean": 0.236278,
    "variance": 0.000040
  },
  "delta_t_1ms": {
    "mean": 0.231282,
    "variance": 0.000000
  },
  "timestamp_ms": 16248922,
  "sample_count": 13118976,
  "timestamp_iso": "16248s"
}