{
  "timestamp": "2025-12-01T10:24:12Z",
  "timestamp_ms": 37452209,
  "cycle": 17,
  "phase": 4,
  "phase_name": "10 kHz",
  "ssid": "Girod-House-of-Big-Nuts",
  "ip": "192.168.1.91",
  "rssi": -63,
  "samples": 21122548,
  "runtime": 37452,
  "mean100": 0.112353,
  "var100": 0.00049371,
  "mean10": 0.124828,
  "var10": 0.00027866,
  "mean1": 0.125714,
  "githubStatus": "HOST_POSTS",
  "githubCode": 0,
  "lastSuccess": 0,
  "baseline": {
    "passed": true,
    "mean": 0.111785,
    "variance": 0.00049288,
    "min": 0.050769,
    "max": 0.147473
  },
  "hardware": {
    "passed": true,
    "dark": 0.124655,
    "light": 0.411699,
    "fifty": 0.268874
  }
}