{
  "delta_t_100ms": {
    "mean": 0.244772,
    "variance": 0.000041
  },
  "delta_t_10ms": {
    "mean": 0.242725,
    "variance": 0.000047
  },
  "delta_t_1ms": {
    "mean": 0.237729,
    "variance": 0.000000
  },
  "timestamp_ms": 4334665,
  "sample_count": 873937,
  "timestamp_iso": "4334s"
}