{
  "timestamp": "2025-12-01T05:48:45Z",
  "timestamp_ms": 20925307,
  "cycle": 9,
  "phase": 5,
  "phase_name": "20 kHz",
  "ssid": "Girod-House-of-Big-Nuts",
  "ip": "192.168.1.91",
  "rssi": -64,
  "samples": 12161746,
  "runtime": 20925,
  "mean100": 0.411182,
  "var100": 1.07e-06,
  "mean10": 0.410989,
  "var10": 7.8e-07,
  "mean1": 0.411795,
  "githubStatus": "HOST_POSTS",
  "githubCode": 0,
  "lastSuccess": 0,
  "baseline": {
    "passed": true,
    "mean": 0.107043,
    "variance": 0.00053188,
    "min": 0.050769,
    "max": 0.146667
  },
  "hardware": {
    "passed": true,
    "dark": 0.120149,
    "light": 0.409365,
    "fifty": 0.268874
  }
}