{
  "timestamp": "2025-12-01T00:57:14Z",
  "timestamp_ms": 3434537,
  "cycle": 1,
  "phase": 4,
  "phase_name": "10 kHz",
  "ssid": "Girod-House-of-Big-Nuts",
  "ip": "192.168.1.91",
  "rssi": -65,
  "samples": 2043654,
  "runtime": 3434,
  "mean100": 0.112418,
  "var100": 0.00060888,
  "mean10": 0.11411,
  "var10": 0.00073906,
  "mean1": 0.14022,
  "githubStatus": "HOST_POSTS",
  "githubCode": 0,
  "lastSuccess": 0,
  "baseline": {
    "passed": true,
    "mean": 0.111493,
    "variance": 0.00059052,
    "min": 0.050769,
    "max": 0.147473
  },
  "hardware": {
    "passed": true,
    "dark": 0.124845,
    "light": 0.411786,
    "fifty": 0.268874
  }
}