{
  "delta_t_100ms": {
    "mean": 0.238954,
    "variance": 0.000045
  },
  "delta_t_10ms": {
    "mean": 0.240066,
    "variance": 0.000050
  },
  "delta_t_1ms": {
    "mean": 0.248205,
    "variance": 0.000000
  },
  "timestamp_ms": 32788831,
  "sample_count": 26404989,
  "timestamp_iso": "32788s"
}