{
  "delta_t_100ms": {
    "mean": 0.244780,
    "variance": 0.000043
  },
  "delta_t_10ms": {
    "mean": 0.244740,
    "variance": 0.000046
  },
  "delta_t_1ms": {
    "mean": 0.240952,
    "variance": 0.000000
  },
  "timestamp_ms": 5747069,
  "sample_count": 1120500,
  "timestamp_iso": "5747s"
}