{
  "delta_t_100ms": {
    "mean": 0.239502,
    "variance": 0.000043
  },
  "delta_t_10ms": {
    "mean": 0.239582,
    "variance": 0.000034
  },
  "delta_t_1ms": {
    "mean": 0.244176,
    "variance": 0.000000
  },
  "timestamp_ms": 32332966,
  "sample_count": 26035913,
  "timestamp_iso": "32332s"
}