{
  "timestamp": "2025-12-01T02:38:14Z",
  "timestamp_ms": 9494308,
  "cycle": 4,
  "phase": 3,
  "phase_name": "1 kHz",
  "ssid": "Girod-House-of-Big-Nuts",
  "ip": "192.168.1.91",
  "rssi": -66,
  "samples": 5553609,
  "runtime": 9494,
  "mean100": 0.4114,
  "var100": 6.9e-07,
  "mean10": 0.411634,
  "var10": 2.3e-07,
  "mean1": 0.410183,
  "githubStatus": "HOST_POSTS",
  "githubCode": 0,
  "lastSuccess": 0,
  "baseline": {
    "passed": true,
    "mean": 0.108919,
    "variance": 0.00056362,
    "min": 0.050769,
    "max": 0.145861
  },
  "hardware": {
    "passed": true,
    "dark": 0.122228,
    "light": 0.411262,
    "fifty": 0.268874
  }
}