{
  "delta_t_100ms": {
    "mean": 0.239260,
    "variance": 0.000049
  },
  "delta_t_10ms": {
    "mean": 0.239744,
    "variance": 0.000050
  },
  "delta_t_1ms": {
    "mean": 0.231282,
    "variance": 0.000000
  },
  "timestamp_ms": 29138007,
  "sample_count": 23505238,
  "timestamp_iso": "29138s"
}