{
  "delta_t_100ms": {
    "mean": 0.238253,
    "variance": 0.000053
  },
  "delta_t_10ms": {
    "mean": 0.238938,
    "variance": 0.000042
  },
  "delta_t_1ms": {
    "mean": 0.234505,
    "variance": 0.000000
  },
  "timestamp_ms": 29922094,
  "sample_count": 24137928,
  "timestamp_iso": "29922s"
}