{
  "delta_t_100ms": {
    "mean": 0.237914,
    "variance": 0.000045
  },
  "delta_t_10ms": {
    "mean": 0.238212,
    "variance": 0.000043
  },
  "delta_t_1ms": {
    "mean": 0.242564,
    "variance": 0.000000
  },
  "timestamp_ms": 18199109,
  "sample_count": 14700617,
  "timestamp_iso": "18199s"
}