{
  "timestamp": "2025-12-01T01:15:14Z",
  "timestamp_ms": 4514097,
  "cycle": 2,
  "phase": 0,
  "phase_name": "LED OFF",
  "ssid": "Girod-House-of-Big-Nuts",
  "ip": "192.168.1.91",
  "rssi": -66,
  "samples": 2376511,
  "runtime": 4514,
  "mean100": 0.112281,
  "var100": 0.00058924,
  "mean10": 0.129341,
  "var10": 0.00017382,
  "mean1": 0.102344,
  "githubStatus": "HOST_POSTS",
  "githubCode": 0,
  "lastSuccess": 0,
  "baseline": {
    "passed": true,
    "mean": 0.111402,
    "variance": 0.00059555,
    "min": 0.03707,
    "max": 0.147473
  },
  "hardware": {
    "passed": true,
    "dark": 0.124484,
    "light": 0.41179,
    "fifty": 0.268998
  }
}