{
  "delta_t_100ms": {
    "mean": 0.237656,
    "variance": 0.000045
  },
  "delta_t_10ms": {
    "mean": 0.237729,
    "variance": 0.000052
  },
  "delta_t_1ms": {
    "mean": 0.241758,
    "variance": 0.000000
  },
  "timestamp_ms": 7728107,
  "sample_count": 6212247,
  "timestamp_iso": "7728s"
}