{
  "delta_t_100ms": {
    "mean": 0.237503,
    "variance": 0.000062
  },
  "delta_t_10ms": {
    "mean": 0.236681,
    "variance": 0.000045
  },
  "delta_t_1ms": {
    "mean": 0.244176,
    "variance": 0.000000
  },
  "timestamp_ms": 11041237,
  "sample_count": 8901237,
  "timestamp_iso": "11041s"
}