{
  "delta_t_100ms": {
    "mean": 0.238220,
    "variance": 0.000048
  },
  "delta_t_10ms": {
    "mean": 0.238293,
    "variance": 0.000048
  },
  "delta_t_1ms": {
    "mean": 0.228059,
    "variance": 0.000000
  },
  "timestamp_ms": 30638105,
  "sample_count": 24717846,
  "timestamp_iso": "30638s"
}