{
  "timestamp": "2025-12-01T01:23:14Z",
  "timestamp_ms": 4994825,
  "cycle": 2,
  "phase": 2,
  "phase_name": "100 Hz",
  "ssid": "Girod-House-of-Big-Nuts",
  "ip": "192.168.1.91",
  "rssi": -63,
  "samples": 2392243,
  "runtime": 4994,
  "mean100": 0.10477,
  "var100": 0.00059146,
  "mean10": 0.099201,
  "var10": 0.00073402,
  "mean1": 0.13619,
  "githubStatus": "HOST_POSTS",
  "githubCode": 0,
  "lastSuccess": 0,
  "baseline": {
    "passed": true,
    "mean": 0.103834,
    "variance": 0.00062961,
    "min": 0.031429,
    "max": 0.141026
  },
  "hardware": {
    "passed": true,
    "dark": 0.117498,
    "light": 0.410358,
    "fifty": 0.265363
  }
}