{
  "delta_t_100ms": {
    "mean": 0.237979,
    "variance": 0.000040
  },
  "delta_t_10ms": {
    "mean": 0.235795,
    "variance": 0.000040
  },
  "delta_t_1ms": {
    "mean": 0.244176,
    "variance": 0.000000
  },
  "timestamp_ms": 18459753,
  "sample_count": 14911500,
  "timestamp_iso": "18459s"
}