{
  "timestamp": "2025-12-01T02:36:35Z",
  "timestamp_ms": 9395281,
  "cycle": 4,
  "phase": 2,
  "phase_name": "100 Hz",
  "ssid": "Girod-House-of-Big-Nuts",
  "ip": "192.168.1.91",
  "rssi": -66,
  "samples": 5152806,
  "runtime": 9395,
  "mean100": 0.113691,
  "var100": 0.00024625,
  "mean10": 0.103634,
  "var10": 0.00012887,
  "mean1": 0.128132,
  "githubStatus": "HOST_POSTS",
  "githubCode": 0,
  "lastSuccess": 0,
  "baseline": {
    "passed": true,
    "mean": 0.112703,
    "variance": 0.00024748,
    "min": 0.076557,
    "max": 0.141026
  },
  "hardware": {
    "passed": true,
    "dark": 0.123113,
    "light": 0.411775,
    "fifty": 0.268553
  }
}