{
  "timestamp": "2025-12-01T00:01:01Z",
  "timestamp_ms": 61824,
  "cycle": 0,
  "phase": 0,
  "phase_name": "LED OFF",
  "ssid": "Girod-House-of-Big-Nuts",
  "ip": "192.168.1.91",
  "rssi": -59,
  "samples": 3305,
  "runtime": 61,
  "mean100": 0.098315,
  "var100": 0.00029218,
  "mean10": 0.097187,
  "var10": 0.00030889,
  "mean1": 0.120879,
  "githubStatus": "HOST_POSTS",
  "githubCode": 0,
  "lastSuccess": 0,
  "baseline": {
    "passed": true,
    "mean": 0.114252,
    "variance": 0.00016549,
    "min": 0.07011,
    "max": 0.138608
  },
  "hardware": {
    "passed": true,
    "dark": 0.124551,
    "light": 0.411211,
    "fifty": 0.267526
  }
}