{
  "delta_t_100ms": {
    "mean": 0.245127,
    "variance": 0.000041
  },
  "delta_t_10ms": {
    "mean": 0.244176,
    "variance": 0.000056
  },
  "delta_t_1ms": {
    "mean": 0.249011,
    "variance": 0.000000
  },
  "timestamp_ms": 5813454,
  "sample_count": 1134182,
  "timestamp_iso": "5813s"
}