{
  "delta_t_100ms": {
    "mean": 0.238567,
    "variance": 0.000048
  },
  "delta_t_10ms": {
    "mean": 0.238696,
    "variance": 0.000043
  },
  "delta_t_1ms": {
    "mean": 0.248205,
    "variance": 0.000000
  },
  "timestamp_ms": 25089598,
  "sample_count": 20289237,
  "timestamp_iso": "25089s"
}