{
  "delta_t_100ms": {
    "mean": 0.237971,
    "variance": 0.000042
  },
  "delta_t_10ms": {
    "mean": 0.238212,
    "variance": 0.000038
  },
  "delta_t_1ms": {
    "mean": 0.231282,
    "variance": 0.000000
  },
  "timestamp_ms": 9477242,
  "sample_count": 7635882,
  "timestamp_iso": "9477s"
}