{
  "delta_t_100ms": {
    "mean": 0.236754,
    "variance": 0.000039
  },
  "delta_t_10ms": {
    "mean": 0.237245,
    "variance": 0.000037
  },
  "delta_t_1ms": {
    "mean": 0.228059,
    "variance": 0.000000
  },
  "timestamp_ms": 4672517,
  "sample_count": 3734014,
  "timestamp_iso": "4672s"
}