{
  "delta_t_100ms": {
    "mean": 0.238510,
    "variance": 0.000041
  },
  "delta_t_10ms": {
    "mean": 0.238615,
    "variance": 0.000045
  },
  "delta_t_1ms": {
    "mean": 0.236117,
    "variance": 0.000000
  },
  "timestamp_ms": 20799097,
  "sample_count": 16809500,
  "timestamp_iso": "20799s"
}