{
  "timestamp": "2025-12-01T04:55:55Z",
  "timestamp_ms": 17755256,
  "cycle": 8,
  "phase": 2,
  "phase_name": "100 Hz",
  "ssid": "Girod-House-of-Big-Nuts",
  "ip": "192.168.1.91",
  "rssi": -66,
  "samples": 10351442,
  "runtime": 17755,
  "mean100": 0.107582,
  "var100": 0.00057636,
  "mean10": 0.120799,
  "var10": 0.0002706,
  "mean1": 0.118462,
  "githubStatus": "HOST_POSTS",
  "githubCode": 0,
  "lastSuccess": 0,
  "baseline": {
    "passed": true,
    "mean": 0.106293,
    "variance": 0.00059681,
    "min": 0.06044,
    "max": 0.144249
  },
  "hardware": {
    "passed": true,
    "dark": 0.119522,
    "light": 0.409302,
    "fifty": 0.268874
  }
}