{
  "timestamp": "2025-12-01T09:07:16Z",
  "timestamp_ms": 32836527,
  "cycle": 15,
  "phase": 2,
  "phase_name": "100 Hz",
  "ssid": "Girod-House-of-Big-Nuts",
  "ip": "192.168.1.91",
  "rssi": -64,
  "samples": 18735624,
  "runtime": 32836,
  "mean100": 0.113925,
  "var100": 0.00048635,
  "mean10": 0.129421,
  "var10": 0.00012471,
  "mean1": 0.112821,
  "githubStatus": "HOST_POSTS",
  "githubCode": 0,
  "lastSuccess": 0,
  "baseline": {
    "passed": true,
    "mean": 0.112572,
    "variance": 0.00048191,
    "min": 0.063663,
    "max": 0.147473
  },
  "hardware": {
    "passed": true,
    "dark": 0.125152,
    "light": 0.411768,
    "fifty": 0.268874
  }
}