{
  "delta_t_100ms": {
    "mean": 0.238648,
    "variance": 0.000044
  },
  "delta_t_10ms": {
    "mean": 0.237004,
    "variance": 0.000038
  },
  "delta_t_1ms": {
    "mean": 0.231282,
    "variance": 0.000000
  },
  "timestamp_ms": 25557544,
  "sample_count": 20658271,
  "timestamp_iso": "25557s"
}