{
  "delta_t_100ms": {
    "mean": 0.239187,
    "variance": 0.000047
  },
  "delta_t_10ms": {
    "mean": 0.237407,
    "variance": 0.000059
  },
  "delta_t_1ms": {
    "mean": 0.224835,
    "variance": 0.000000
  },
  "timestamp_ms": 34516813,
  "sample_count": 27775743,
  "timestamp_iso": "34516s"
}