{
  "timestamp": "2025-12-01T09:48:48Z",
  "timestamp_ms": 35328448,
  "cycle": 16,
  "phase": 4,
  "phase_name": "10 kHz",
  "ssid": "Girod-House-of-Big-Nuts",
  "ip": "192.168.1.91",
  "rssi": -64,
  "samples": 19966317,
  "runtime": 35328,
  "mean100": 0.113167,
  "var100": 0.00050688,
  "mean10": 0.109758,
  "var10": 0.00063328,
  "mean1": 0.144249,
  "githubStatus": "HOST_POSTS",
  "githubCode": 0,
  "lastSuccess": 0,
  "baseline": {
    "passed": true,
    "mean": 0.112132,
    "variance": 0.00050187,
    "min": 0.050769,
    "max": 0.147473
  },
  "hardware": {
    "passed": true,
    "dark": 0.124953,
    "light": 0.411741,
    "fifty": 0.268874
  }
}