{
  "timestamp": "2025-12-01T06:17:45Z",
  "timestamp_ms": 22665066,
  "cycle": 10,
  "phase": 4,
  "phase_name": "10 kHz",
  "ssid": "Girod-House-of-Big-Nuts",
  "ip": "192.168.1.91",
  "rssi": -63,
  "samples": 13168935,
  "runtime": 22665,
  "mean100": 0.111128,
  "var100": 0.0005168,
  "mean10": 0.097026,
  "var10": 0.00033136,
  "mean1": 0.132161,
  "githubStatus": "HOST_POSTS",
  "githubCode": 0,
  "lastSuccess": 0,
  "baseline": {
    "passed": true,
    "mean": 0.109338,
    "variance": 0.00052686,
    "min": 0.044322,
    "max": 0.145055
  },
  "hardware": {
    "passed": true,
    "dark": 0.122155,
    "light": 0.411163,
    "fifty": 0.268874
  }
}