{
  "delta_t_100ms": {
    "mean": 0.245239,
    "variance": 0.000038
  },
  "delta_t_10ms": {
    "mean": 0.245223,
    "variance": 0.000036
  },
  "delta_t_1ms": {
    "mean": 0.237729,
    "variance": 0.000000
  },
  "timestamp_ms": 3575102,
  "sample_count": 710529,
  "timestamp_iso": "3575s"
}