{
  "delta_t_100ms": {
    "mean": 0.238035,
    "variance": 0.000043
  },
  "delta_t_10ms": {
    "mean": 0.237890,
    "variance": 0.000047
  },
  "delta_t_1ms": {
    "mean": 0.244176,
    "variance": 0.000000
  },
  "timestamp_ms": 2094187,
  "sample_count": 1685754,
  "timestamp_iso": "2094s"
}