{
  "delta_t_100ms": {
    "mean": 0.239340,
    "variance": 0.000044
  },
  "delta_t_10ms": {
    "mean": 0.239985,
    "variance": 0.000044
  },
  "delta_t_1ms": {
    "mean": 0.243370,
    "variance": 0.000000
  },
  "timestamp_ms": 26899664,
  "sample_count": 21712678,
  "timestamp_iso": "26899s"
}