{
  "delta_t_100ms": {
    "mean": 0.237882,
    "variance": 0.000042
  },
  "delta_t_10ms": {
    "mean": 0.238615,
    "variance": 0.000041
  },
  "delta_t_1ms": {
    "mean": 0.242564,
    "variance": 0.000000
  },
  "timestamp_ms": 7598530,
  "sample_count": 6106807,
  "timestamp_iso": "7598s"
}