{
  "timestamp": "2025-12-01T04:19:13Z",
  "timestamp_ms": 15553960,
  "cycle": 7,
  "phase": 2,
  "phase_name": "100 Hz",
  "ssid": "Girod-House-of-Big-Nuts",
  "ip": "192.168.1.91",
  "rssi": -65,
  "samples": 9066916,
  "runtime": 15553,
  "mean100": 0.106261,
  "var100": 0.00059119,
  "mean10": 0.110322,
  "var10": 0.00060349,
  "mean1": 0.07011,
  "githubStatus": "HOST_POSTS",
  "githubCode": 0,
  "lastSuccess": 0,
  "baseline": {
    "passed": true,
    "mean": 0.106752,
    "variance": 0.00058906,
    "min": 0.050769,
    "max": 0.144249
  },
  "hardware": {
    "passed": true,
    "dark": 0.119801,
    "light": 0.409588,
    "fifty": 0.268874
  }
}