{
  "timestamp": "2025-12-01T01:21:44Z",
  "timestamp_ms": 4904191,
  "cycle": 2,
  "phase": 2,
  "phase_name": "100 Hz",
  "ssid": "Girod-House-of-Big-Nuts",
  "ip": "192.168.1.91",
  "rssi": -64,
  "samples": 2687003,
  "runtime": 4904,
  "mean100": 0.112909,
  "var100": 0.00025022,
  "mean10": 0.101941,
  "var10": 0.00011991,
  "mean1": 0.124103,
  "githubStatus": "HOST_POSTS",
  "githubCode": 0,
  "lastSuccess": 0,
  "baseline": {
    "passed": true,
    "mean": 0.113154,
    "variance": 0.00025591,
    "min": 0.062051,
    "max": 0.141026
  },
  "hardware": {
    "passed": true,
    "dark": 0.123574,
    "light": 0.411787,
    "fifty": 0.268553
  }
}