{
  "delta_t_100ms": {
    "mean": 0.237697,
    "variance": 0.000040
  },
  "delta_t_10ms": {
    "mean": 0.237648,
    "variance": 0.000048
  },
  "delta_t_1ms": {
    "mean": 0.234505,
    "variance": 0.000000
  },
  "timestamp_ms": 9025191,
  "sample_count": 7266750,
  "timestamp_iso": "9025s"
}