{
  "timestamp": "2025-12-01T07:18:37Z",
  "timestamp_ms": 26317653,
  "cycle": 12,
  "phase": 2,
  "phase_name": "100 Hz",
  "ssid": "Girod-House-of-Big-Nuts",
  "ip": "192.168.1.91",
  "rssi": -63,
  "samples": 15243050,
  "runtime": 26317,
  "mean100": 0.113489,
  "var100": 0.00050357,
  "mean10": 0.119026,
  "var10": 0.00054006,
  "mean1": 0.134579,
  "githubStatus": "HOST_POSTS",
  "githubCode": 0,
  "lastSuccess": 0,
  "baseline": {
    "passed": true,
    "mean": 0.111852,
    "variance": 0.00049819,
    "min": 0.07011,
    "max": 0.148278
  },
  "hardware": {
    "passed": true,
    "dark": 0.12465,
    "light": 0.411727,
    "fifty": 0.268874
  }
}