{
  "delta_t_100ms": {
    "mean": 0.237495,
    "variance": 0.000043
  },
  "delta_t_10ms": {
    "mean": 0.238454,
    "variance": 0.000037
  },
  "delta_t_1ms": {
    "mean": 0.244176,
    "variance": 0.000000
  },
  "timestamp_ms": 14031866,
  "sample_count": 11326423,
  "timestamp_iso": "14031s"
}