{
  "timestamp": "2025-12-01T08:55:01Z",
  "timestamp_ms": 32101842,
  "cycle": 15,
  "phase": 0,
  "phase_name": "LED OFF",
  "ssid": "Girod-House-of-Big-Nuts",
  "ip": "192.168.1.91",
  "rssi": -62,
  "samples": 18316165,
  "runtime": 32103,
  "mean100": 0.14134,
  "var100": 0.00048792,
  "mean10": 0.123055,
  "var10": 0.00039134,
  "mean1": 0.128132,
  "githubStatus": "HOST_POSTS",
  "githubCode": 0,
  "lastSuccess": 0,
  "baseline": {
    "passed": true,
    "mean": 0.112572,
    "variance": 0.00048191,
    "min": 0.063663,
    "max": 0.147473
  },
  "hardware": {
    "passed": true,
    "dark": 0.125152,
    "light": 0.411768,
    "fifty": 0.268874
  }
}