{
  "delta_t_100ms": {
    "mean": 0.239155,
    "variance": 0.000045
  },
  "delta_t_10ms": {
    "mean": 0.238857,
    "variance": 0.000048
  },
  "delta_t_1ms": {
    "mean": 0.231282,
    "variance": 0.000000
  },
  "timestamp_ms": 28220592,
  "sample_count": 22767107,
  "timestamp_iso": "28220s"
}