{
  "timestamp": "2025-12-01T03:34:53Z",
  "timestamp_ms": 12893709,
  "cycle": 6,
  "phase": 0,
  "phase_name": "LED OFF",
  "ssid": "Girod-House-of-Big-Nuts",
  "ip": "192.168.1.91",
  "rssi": -65,
  "samples": 7478584,
  "runtime": 12893,
  "mean100": 0.106656,
  "var100": 0.00059145,
  "mean10": 0.095414,
  "var10": 0.00047799,
  "mean1": 0.089451,
  "githubStatus": "HOST_POSTS",
  "githubCode": 0,
  "lastSuccess": 0,
  "baseline": {
    "passed": true,
    "mean": 0.107338,
    "variance": 0.0005845,
    "min": 0.047546,
    "max": 0.142637
  },
  "hardware": {
    "passed": true,
    "dark": 0.120569,
    "light": 0.41016,
    "fifty": 0.268874
  }
}