{
  "delta_t_100ms": {
    "mean": 0.238559,
    "variance": 0.000048
  },
  "delta_t_10ms": {
    "mean": 0.237971,
    "variance": 0.000053
  },
  "delta_t_1ms": {
    "mean": 0.243370,
    "variance": 0.000000
  },
  "timestamp_ms": 21967149,
  "sample_count": 17758501,
  "timestamp_iso": "21967s"
}