{
  "timestamp": "2025-12-01T10:05:04Z",
  "timestamp_ms": 36304766,
  "cycle": 17,
  "phase": 0,
  "phase_name": "LED OFF",
  "ssid": "Girod-House-of-Big-Nuts",
  "ip": "192.168.1.91",
  "rssi": -64,
  "samples": 20442046,
  "runtime": 36304,
  "mean100": 0.113215,
  "var100": 0.0004984,
  "mean10": 0.116286,
  "var10": 0.00055902,
  "mean1": 0.134579,
  "githubStatus": "HOST_POSTS",
  "githubCode": 0,
  "lastSuccess": 0,
  "baseline": {
    "passed": true,
    "mean": 0.111785,
    "variance": 0.00049288,
    "min": 0.050769,
    "max": 0.147473
  },
  "hardware": {
    "passed": true,
    "dark": 0.124655,
    "light": 0.411699,
    "fifty": 0.268874
  }
}