{
  "delta_t_100ms": {
    "mean": 0.238897,
    "variance": 0.000042
  },
  "delta_t_10ms": {
    "mean": 0.239905,
    "variance": 0.000053
  },
  "delta_t_1ms": {
    "mean": 0.244176,
    "variance": 0.000000
  },
  "timestamp_ms": 12989365,
  "sample_count": 10482843,
  "timestamp_iso": "12989s"
}