{
  "timestamp": "2025-12-01T00:03:05Z",
  "timestamp_ms": 185668,
  "cycle": 0,
  "phase": 0,
  "phase_name": "LED OFF",
  "ssid": "Girod-House-of-Big-Nuts",
  "ip": "192.168.1.91",
  "rssi": -66,
  "samples": 107029,
  "runtime": 185,
  "mean100": 0.113884,
  "var100": 0.00043951,
  "mean10": 0.11959,
  "var10": 0.00040305,
  "mean1": 0.086227,
  "githubStatus": "HOST_POSTS",
  "githubCode": 0,
  "lastSuccess": 0,
  "baseline": {
    "passed": true,
    "mean": 0.115096,
    "variance": 0.0004129,
    "min": 0.076557,
    "max": 0.150696
  },
  "hardware": {
    "passed": true,
    "dark": 0.126642,
    "light": 0.411794,
    "fifty": 0.268553
  }
}