{
  "timestamp": "2025-12-01T04:04:53Z",
  "timestamp_ms": 14693243,
  "cycle": 6,
  "phase": 6,
  "phase_name": "LIVE TRT",
  "ssid": "Girod-House-of-Big-Nuts",
  "ip": "192.168.1.91",
  "rssi": -66,
  "samples": 8542527,
  "runtime": 14693,
  "mean100": 0.409853,
  "var100": 1.99e-06,
  "mean10": 0.409861,
  "var10": 9.4e-07,
  "mean1": 0.410183,
  "githubStatus": "HOST_POSTS",
  "githubCode": 0,
  "lastSuccess": 0,
  "baseline": {
    "passed": true,
    "mean": 0.107338,
    "variance": 0.0005845,
    "min": 0.047546,
    "max": 0.142637
  },
  "hardware": {
    "passed": true,
    "dark": 0.120569,
    "light": 0.41016,
    "fifty": 0.268874
  }
}