{
  "delta_t_100ms": {
    "mean": 0.238559,
    "variance": 0.000048
  },
  "delta_t_10ms": {
    "mean": 0.239179,
    "variance": 0.000039
  },
  "delta_t_1ms": {
    "mean": 0.231282,
    "variance": 0.000000
  },
  "timestamp_ms": 24438597,
  "sample_count": 19762000,
  "timestamp_iso": "24438s"
}