{
  "delta_t_100ms": {
    "mean": 0.238833,
    "variance": 0.000051
  },
  "delta_t_10ms": {
    "mean": 0.238454,
    "variance": 0.000052
  },
  "delta_t_1ms": {
    "mean": 0.231282,
    "variance": 0.000000
  },
  "timestamp_ms": 34310465,
  "sample_count": 27617531,
  "timestamp_iso": "34310s"
}