{
  "timestamp": "2025-12-01T12:11:37Z",
  "timestamp_ms": 43897398,
  "cycle": 20,
  "phase": 4,
  "phase_name": "10 kHz",
  "ssid": "Girod-House-of-Big-Nuts",
  "ip": "192.168.1.91",
  "rssi": -64,
  "samples": 24738011,
  "runtime": 43897,
  "mean100": 0.114497,
  "var100": 0.00049002,
  "mean10": 0.131436,
  "var10": 0.0001089,
  "mean1": 0.114432,
  "githubStatus": "HOST_POSTS",
  "githubCode": 0,
  "lastSuccess": 0,
  "baseline": {
    "passed": true,
    "mean": 0.114233,
    "variance": 0.00050237,
    "min": 0.043516,
    "max": 0.147473
  },
  "hardware": {
    "passed": true,
    "dark": 0.126832,
    "light": 0.411792,
    "fifty": 0.268874
  }
}