{
  "delta_t_100ms": {
    "mean": 0.244450,
    "variance": 0.000046
  },
  "delta_t_10ms": {
    "mean": 0.244579,
    "variance": 0.000048
  },
  "delta_t_1ms": {
    "mean": 0.240952,
    "variance": 0.000000
  },
  "timestamp_ms": 6749205,
  "sample_count": 1279825,
  "timestamp_iso": "6749s"
}