{
  "delta_t_100ms": {
    "mean": 0.237858,
    "variance": 0.000046
  },
  "delta_t_10ms": {
    "mean": 0.237890,
    "variance": 0.000054
  },
  "delta_t_1ms": {
    "mean": 0.230476,
    "variance": 0.000000
  },
  "timestamp_ms": 17417904,
  "sample_count": 14067984,
  "timestamp_iso": "17417s"
}