{
  "timestamp": "2025-12-01T01:48:00Z",
  "timestamp_ms": 6480788,
  "cycle": 3,
  "phase": 0,
  "phase_name": "LED OFF",
  "ssid": "Girod-House-of-Big-Nuts",
  "ip": "192.168.1.91",
  "rssi": -66,
  "samples": 3495500,
  "runtime": 6480,
  "mean100": 0.113425,
  "var100": 0.00024909,
  "mean10": 0.103634,
  "var10": 0.00015718,
  "mean1": 0.128132,
  "githubStatus": "HOST_POSTS",
  "githubCode": 0,
  "lastSuccess": 0,
  "baseline": {
    "passed": true,
    "mean": 0.113133,
    "variance": 0.00024655,
    "min": 0.063663,
    "max": 0.138608
  },
  "hardware": {
    "passed": true,
    "dark": 0.123478,
    "light": 0.411774,
    "fifty": 0.268553
  }
}