{
  "delta_t_100ms": {
    "mean": 0.237052,
    "variance": 0.000040
  },
  "delta_t_10ms": {
    "mean": 0.237165,
    "variance": 0.000032
  },
  "delta_t_1ms": {
    "mean": 0.230476,
    "variance": 0.000000
  },
  "timestamp_ms": 2676890,
  "sample_count": 2160303,
  "timestamp_iso": "2676s"
}