{
  "delta_t_100ms": {
    "mean": 0.244804,
    "variance": 0.000038
  },
  "delta_t_10ms": {
    "mean": 0.244579,
    "variance": 0.000048
  },
  "delta_t_1ms": {
    "mean": 0.244176,
    "variance": 0.000000
  },
  "timestamp_ms": 7416313,
  "sample_count": 1395087,
  "timestamp_iso": "7416s"
}