{
  "delta_t_100ms": {
    "mean": 0.238978,
    "variance": 0.000048
  },
  "delta_t_10ms": {
    "mean": 0.239744,
    "variance": 0.000038
  },
  "delta_t_1ms": {
    "mean": 0.231282,
    "variance": 0.000000
  },
  "timestamp_ms": 28620951,
  "sample_count": 23083482,
  "timestamp_iso": "28620s"
}