{
  "delta_t_100ms": {
    "mean": 0.237511,
    "variance": 0.000044
  },
  "delta_t_10ms": {
    "mean": 0.237004,
    "variance": 0.000048
  },
  "delta_t_1ms": {
    "mean": 0.228059,
    "variance": 0.000000
  },
  "timestamp_ms": 15989971,
  "sample_count": 12908020,
  "timestamp_iso": "15989s"
}