{
  "timestamp": "2025-12-01T12:02:19Z",
  "timestamp_ms": 43339700,
  "cycle": 20,
  "phase": 2,
  "phase_name": "100 Hz",
  "ssid": "Girod-House-of-Big-Nuts",
  "ip": "192.168.1.91",
  "rssi": -64,
  "samples": 24450545,
  "runtime": 43339,
  "mean100": 0.115649,
  "var100": 0.00048138,
  "mean10": 0.10589,
  "var10": 0.00046371,
  "mean1": 0.141026,
  "githubStatus": "HOST_POSTS",
  "githubCode": 0,
  "lastSuccess": 0,
  "baseline": {
    "passed": true,
    "mean": 0.114233,
    "variance": 0.00050237,
    "min": 0.043516,
    "max": 0.147473
  },
  "hardware": {
    "passed": true,
    "dark": 0.126832,
    "light": 0.4192,
    "fifty": 0.268874
  }
}