{
  "delta_t_100ms": {
    "mean": 0.237834,
    "variance": 0.000044
  },
  "delta_t_10ms": {
    "mean": 0.236762,
    "variance": 0.000047
  },
  "delta_t_1ms": {
    "mean": 0.231282,
    "variance": 0.000000
  },
  "timestamp_ms": 17158863,
  "sample_count": 13857040,
  "timestamp_iso": "17158s"
}