{
  "timestamp": "2025-12-01T08:05:57Z",
  "timestamp_ms": 29157470,
  "cycle": 13,
  "phase": 4,
  "phase_name": "10 kHz",
  "ssid": "Girod-House-of-Big-Nuts",
  "ip": "192.168.1.91",
  "rssi": -64,
  "samples": 16875433,
  "runtime": 29157,
  "mean100": 0.115053,
  "var100": 0.00048263,
  "mean10": 0.128696,
  "var10": 0.00016431,
  "mean1": 0.121685,
  "githubStatus": "HOST_POSTS",
  "githubCode": 0,
  "lastSuccess": 0,
  "baseline": {
    "passed": true,
    "mean": 0.112683,
    "variance": 0.00048936,
    "min": 0.050769,
    "max": 0.151502
  },
  "hardware": {
    "passed": true,
    "dark": 0.125332,
    "light": 0.41176,
    "fifty": 0.268874
  }
}