{
  "delta_t_100ms": {
    "mean": 0.245272,
    "variance": 0.000040
  },
  "delta_t_10ms": {
    "mean": 0.247077,
    "variance": 0.000039
  },
  "delta_t_1ms": {
    "mean": 0.241758,
    "variance": 0.000000
  },
  "timestamp_ms": 3299225,
  "sample_count": 660300,
  "timestamp_iso": "3299s"
}