{
  "delta_t_100ms": {
    "mean": 0.237705,
    "variance": 0.000043
  },
  "delta_t_10ms": {
    "mean": 0.238051,
    "variance": 0.000051
  },
  "delta_t_1ms": {
    "mean": 0.244176,
    "variance": 0.000000
  },
  "timestamp_ms": 9610547,
  "sample_count": 7741302,
  "timestamp_iso": "9610s"
}