{
  "delta_t_100ms": {
    "mean": 0.237511,
    "variance": 0.000047
  },
  "delta_t_10ms": {
    "mean": 0.237810,
    "variance": 0.000044
  },
  "delta_t_1ms": {
    "mean": 0.224835,
    "variance": 0.000000
  },
  "timestamp_ms": 8506096,
  "sample_count": 6844994,
  "timestamp_iso": "8506s"
}