{
  "delta_t_100ms": {
    "mean": 0.238083,
    "variance": 0.000039
  },
  "delta_t_10ms": {
    "mean": 0.237810,
    "variance": 0.000041
  },
  "delta_t_1ms": {
    "mean": 0.244176,
    "variance": 0.000000
  },
  "timestamp_ms": 14358490,
  "sample_count": 11590000,
  "timestamp_iso": "14358s"
}