{
  "delta_t_100ms": {
    "mean": 0.239042,
    "variance": 0.000044
  },
  "delta_t_10ms": {
    "mean": 0.236842,
    "variance": 0.000038
  },
  "delta_t_1ms": {
    "mean": 0.242564,
    "variance": 0.000000
  },
  "timestamp_ms": 29534014,
  "sample_count": 23821529,
  "timestamp_iso": "29534s"
}