{
  "delta_t_100ms": {
    "mean": 0.237874,
    "variance": 0.000044
  },
  "delta_t_10ms": {
    "mean": 0.238857,
    "variance": 0.000039
  },
  "delta_t_1ms": {
    "mean": 0.244176,
    "variance": 0.000000
  },
  "timestamp_ms": 9740302,
  "sample_count": 7846752,
  "timestamp_iso": "9740s"
}