{
  "delta_t_100ms": {
    "mean": 0.237253,
    "variance": 0.000041
  },
  "delta_t_10ms": {
    "mean": 0.238132,
    "variance": 0.000035
  },
  "delta_t_1ms": {
    "mean": 0.244176,
    "variance": 0.000000
  },
  "timestamp_ms": 6815298,
  "sample_count": 5474071,
  "timestamp_iso": "6815s"
}