{
  "delta_t_100ms": {
    "mean": 0.237737,
    "variance": 0.000042
  },
  "delta_t_10ms": {
    "mean": 0.238938,
    "variance": 0.000033
  },
  "delta_t_1ms": {
    "mean": 0.244176,
    "variance": 0.000000
  },
  "timestamp_ms": 6294242,
  "sample_count": 5052298,
  "timestamp_iso": "6294s"
}