{
  "delta_t_100ms": {
    "mean": 0.237382,
    "variance": 0.000042
  },
  "delta_t_10ms": {
    "mean": 0.237971,
    "variance": 0.000032
  },
  "delta_t_1ms": {
    "mean": 0.230476,
    "variance": 0.000000
  },
  "timestamp_ms": 2547813,
  "sample_count": 2054858,
  "timestamp_iso": "2547s"
}