{
  "delta_t_100ms": {
    "mean": 0.235682,
    "variance": 0.000495
  },
  "delta_t_10ms": {
    "mean": 0.237487,
    "variance": 0.000035
  },
  "delta_t_1ms": {
    "mean": 0.231282,
    "variance": 0.000000
  },
  "timestamp_ms": 10653030,
  "sample_count": 8584923,
  "timestamp_iso": "10653s"
}