{
  "timestamp": "2025-12-01T00:37:50Z",
  "timestamp_ms": 2270441,
  "cycle": 1,
  "phase": 0,
  "phase_name": "LED OFF",
  "ssid": "Girod-House-of-Big-Nuts",
  "ip": "192.168.1.91",
  "rssi": -66,
  "samples": 1298000,
  "runtime": 2270,
  "mean100": 0.112023,
  "var100": 0.00056672,
  "mean10": 0.124747,
  "var10": 0.00032195,
  "mean1": 0.087839,
  "githubStatus": "HOST_POSTS",
  "githubCode": 0,
  "lastSuccess": 0,
  "baseline": {
    "passed": true,
    "mean": 0.111493,
    "variance": 0.00059052,
    "min": 0.050769,
    "max": 0.147473
  },
  "hardware": {
    "passed": true,
    "dark": 0.124845,
    "light": 0.411786,
    "fifty": 0.268874
  }
}