{
  "timestamp": "2025-12-01T12:47:49Z",
  "timestamp_ms": 46069650,
  "cycle": 21,
  "phase": 4,
  "phase_name": "10 kHz",
  "ssid": "Girod-House-of-Big-Nuts",
  "ip": "192.168.1.91",
  "rssi": -60,
  "samples": 25857680,
  "runtime": 46070,
  "mean100": 0.11523,
  "var100": 0.00047405,
  "mean10": 0.127004,
  "var10": 0.00024979,
  "mean1": 0.124908,
  "githubStatus": "HOST_POSTS",
  "githubCode": 0,
  "lastSuccess": 0,
  "baseline": {
    "passed": true,
    "mean": 0.113837,
    "variance": 0.00049387,
    "min": 0.067692,
    "max": 0.147473
  },
  "hardware": {
    "passed": true,
    "dark": 0.126505,
    "light": 0.411796,
    "fifty": 0.268874
  }
}