{
  "timestamp": "2025-12-01T03:19:58Z",
  "timestamp_ms": 11998653,
  "cycle": 5,
  "phase": 4,
  "phase_name": "10 kHz",
  "ssid": "Girod-House-of-Big-Nuts",
  "ip": "192.168.1.91",
  "rssi": -62,
  "samples": 6035253,
  "runtime": 11999,
  "mean100": 0.107824,
  "var100": 0.00067021,
  "mean10": 0.095897,
  "var10": 0.00060642,
  "mean1": 0.137802,
  "githubStatus": "HOST_POSTS",
  "githubCode": 0,
  "lastSuccess": 0,
  "baseline": {
    "passed": true,
    "mean": 0.10578,
    "variance": 0.00067487,
    "min": 0.03707,
    "max": 0.145055
  },
  "hardware": {
    "passed": true,
    "dark": 0.119555,
    "light": 0.411523,
    "fifty": 0.265363
  }
}