{
  "timestamp": "2025-12-01T07:19:10Z",
  "timestamp_ms": 26350647,
  "cycle": 12,
  "phase": 2,
  "phase_name": "100 Hz",
  "ssid": "Girod-House-of-Big-Nuts",
  "ip": "192.168.1.91",
  "rssi": -64,
  "samples": 15265854,
  "runtime": 26350,
  "mean100": 0.112587,
  "var100": 0.00049992,
  "mean10": 0.098718,
  "var10": 0.00026928,
  "mean1": 0.115238,
  "githubStatus": "HOST_POSTS",
  "githubCode": 0,
  "lastSuccess": 0,
  "baseline": {
    "passed": true,
    "mean": 0.111852,
    "variance": 0.00049819,
    "min": 0.07011,
    "max": 0.148278
  },
  "hardware": {
    "passed": true,
    "dark": 0.12465,
    "light": 0.411727,
    "fifty": 0.268874
  }
}