{
  "delta_t_100ms": {
    "mean": 0.238414,
    "variance": 0.000047
  },
  "delta_t_10ms": {
    "mean": 0.238777,
    "variance": 0.000042
  },
  "delta_t_1ms": {
    "mean": 0.244176,
    "variance": 0.000000
  },
  "timestamp_ms": 22613954,
  "sample_count": 18285757,
  "timestamp_iso": "22613s"
}