{
  "timestamp": "2025-12-01T02:01:22Z",
  "timestamp_ms": 7282079,
  "cycle": 3,
  "phase": 2,
  "phase_name": "100 Hz",
  "ssid": "Girod-House-of-Big-Nuts",
  "ip": "192.168.1.91",
  "rssi": -66,
  "samples": 3948667,
  "runtime": 7282,
  "mean100": 0.113626,
  "var100": 0.00025419,
  "mean10": 0.1237,
  "var10": 8.848e-05,
  "mean1": 0.102344,
  "githubStatus": "HOST_POSTS",
  "githubCode": 0,
  "lastSuccess": 0,
  "baseline": {
    "passed": true,
    "mean": 0.113133,
    "variance": 0.00024655,
    "min": 0.063663,
    "max": 0.138608
  },
  "hardware": {
    "passed": true,
    "dark": 0.123478,
    "light": 0.411774,
    "fifty": 0.268553
  }
}