{
  "delta_t_100ms": {
    "mean": 0.239228,
    "variance": 0.000043
  },
  "delta_t_10ms": {
    "mean": 0.239260,
    "variance": 0.000043
  },
  "delta_t_1ms": {
    "mean": 0.248205,
    "variance": 0.000000
  },
  "timestamp_ms": 26021841,
  "sample_count": 21027341,
  "timestamp_iso": "26021s"
}