{
  "delta_t_100ms": {
    "mean": 0.237777,
    "variance": 0.000044
  },
  "delta_t_10ms": {
    "mean": 0.238132,
    "variance": 0.000060
  },
  "delta_t_1ms": {
    "mean": 0.231282,
    "variance": 0.000000
  },
  "timestamp_ms": 15011360,
  "sample_count": 12117240,
  "timestamp_iso": "15011s"
}