{
  "timestamp": "2025-12-01T00:13:06Z",
  "timestamp_ms": 786820,
  "cycle": 0,
  "phase": 2,
  "phase_name": "100 Hz",
  "ssid": "Girod-House-of-Big-Nuts",
  "ip": "192.168.1.91",
  "rssi": -66,
  "samples": 510664,
  "runtime": 786,
  "mean100": 0.111346,
  "var100": 0.00058755,
  "mean10": 0.096542,
  "var10": 0.00030831,
  "mean1": 0.127326,
  "githubStatus": "HOST_POSTS",
  "githubCode": 0,
  "lastSuccess": 0,
  "baseline": {
    "passed": true,
    "mean": 0.112521,
    "variance": 0.00060704,
    "min": 0.063663,
    "max": 0.153114
  },
  "hardware": {
    "passed": true,
    "dark": 0.125568,
    "light": 0.411795,
    "fifty": 0.268874
  }
}