{
  "timestamp": "2025-12-01T07:07:36Z",
  "timestamp_ms": 25656447,
  "cycle": 12,
  "phase": 0,
  "phase_name": "LED OFF",
  "ssid": "Girod-House-of-Big-Nuts",
  "ip": "192.168.1.91",
  "rssi": -64,
  "samples": 14800523,
  "runtime": 25656,
  "mean100": 0.113489,
  "var100": 0.00050239,
  "mean10": 0.12241,
  "var10": 0.00039542,
  "mean1": 0.128132,
  "githubStatus": "HOST_POSTS",
  "githubCode": 0,
  "lastSuccess": 0,
  "baseline": {
    "passed": true,
    "mean": 0.111852,
    "variance": 0.00049819,
    "min": 0.07011,
    "max": 0.148278
  },
  "hardware": {
    "passed": true,
    "dark": 0.12465,
    "light": 0.411727,
    "fifty": 0.268874
  }
}