{
  "delta_t_100ms": {
    "mean": 0.238236,
    "variance": 0.000048
  },
  "delta_t_10ms": {
    "mean": 0.237165,
    "variance": 0.000043
  },
  "delta_t_1ms": {
    "mean": 0.247399,
    "variance": 0.000000
  },
  "timestamp_ms": 32595164,
  "sample_count": 26246779,
  "timestamp_iso": "32595s"
}