{
  "delta_t_100ms": {
    "mean": 0.238543,
    "variance": 0.000045
  },
  "delta_t_10ms": {
    "mean": 0.238212,
    "variance": 0.000041
  },
  "delta_t_1ms": {
    "mean": 0.244176,
    "variance": 0.000000
  },
  "timestamp_ms": 24567931,
  "sample_count": 19867472,
  "timestamp_iso": "24567s"
}