{
  "delta_t_100ms": {
    "mean": 0.238019,
    "variance": 0.000053
  },
  "delta_t_10ms": {
    "mean": 0.238293,
    "variance": 0.000047
  },
  "delta_t_1ms": {
    "mean": 0.237729,
    "variance": 0.000000
  },
  "timestamp_ms": 10459047,
  "sample_count": 8426749,
  "timestamp_iso": "10459s"
}