{
  "timestamp": "2025-12-01T00:38:08Z",
  "timestamp_ms": 2288239,
  "cycle": 1,
  "phase": 0,
  "phase_name": "LED OFF",
  "ssid": "Girod-House-of-Big-Nuts",
  "ip": "192.168.1.91",
  "rssi": -61,
  "samples": 1071997,
  "runtime": 2288,
  "mean100": 0.103642,
  "var100": 0.00064364,
  "mean10": 0.112498,
  "var10": 0.00049709,
  "mean1": 0.07011,
  "githubStatus": "HOST_POSTS",
  "githubCode": 0,
  "lastSuccess": 0,
  "baseline": {
    "passed": true,
    "mean": 0.103504,
    "variance": 0.00064777,
    "min": 0.049963,
    "max": 0.145055
  },
  "hardware": {
    "passed": true,
    "dark": 0.116926,
    "light": 0.411766,
    "fifty": 0.265363
  }
}