{
  "timestamp": "2025-12-01T01:15:37Z",
  "timestamp_ms": 4537606,
  "cycle": 2,
  "phase": 0,
  "phase_name": "LED OFF",
  "ssid": "Girod-House-of-Big-Nuts",
  "ip": "192.168.1.91",
  "rssi": -68,
  "samples": 2456618,
  "runtime": 4537,
  "mean100": 0.1144,
  "var100": 0.00023974,
  "mean10": 0.122813,
  "var10": 7.081e-05,
  "mean1": 0.11685,
  "githubStatus": "HOST_POSTS",
  "githubCode": 0,
  "lastSuccess": 0,
  "baseline": {
    "passed": true,
    "mean": 0.113154,
    "variance": 0.00025591,
    "min": 0.062051,
    "max": 0.141026
  },
  "hardware": {
    "passed": true,
    "dark": 0.123574,
    "light": 0.411787,
    "fifty": 0.268553
  }
}