{
  "delta_t_100ms": {
    "mean": 0.238768,
    "variance": 0.000047
  },
  "delta_t_10ms": {
    "mean": 0.239502,
    "variance": 0.000045
  },
  "delta_t_1ms": {
    "mean": 0.244176,
    "variance": 0.000000
  },
  "timestamp_ms": 30508858,
  "sample_count": 24612418,
  "timestamp_iso": "30508s"
}