{
  "delta_t_100ms": {
    "mean": 0.238301,
    "variance": 0.000043
  },
  "delta_t_10ms": {
    "mean": 0.238535,
    "variance": 0.000029
  },
  "delta_t_1ms": {
    "mean": 0.236117,
    "variance": 0.000000
  },
  "timestamp_ms": 21255082,
  "sample_count": 17178549,
  "timestamp_iso": "21255s"
}