{
  "timestamp": "2025-12-01T00:04:44Z",
  "timestamp_ms": 284609,
  "cycle": 0,
  "phase": 0,
  "phase_name": "LED OFF",
  "ssid": "Girod-House-of-Big-Nuts",
  "ip": "192.168.1.91",
  "rssi": -70,
  "samples": 178830,
  "runtime": 284,
  "mean100": 0.115641,
  "var100": 0.00044331,
  "mean10": 0.126117,
  "var10": 0.00030565,
  "mean1": 0.128132,
  "githubStatus": "HOST_POSTS",
  "githubCode": 0,
  "lastSuccess": 0,
  "baseline": {
    "passed": true,
    "mean": 0.115096,
    "variance": 0.0004129,
    "min": 0.076557,
    "max": 0.150696
  },
  "hardware": {
    "passed": true,
    "dark": 0.126642,
    "light": 0.411794,
    "fifty": 0.268553
  }
}