{
  "delta_t_100ms": {
    "mean": 0.237415,
    "variance": 0.000039
  },
  "delta_t_10ms": {
    "mean": 0.237810,
    "variance": 0.000045
  },
  "delta_t_1ms": {
    "mean": 0.242564,
    "variance": 0.000000
  },
  "timestamp_ms": 6686177,
  "sample_count": 5368629,
  "timestamp_iso": "6686s"
}