{
  "timestamp": "2025-12-01T06:19:24Z",
  "timestamp_ms": 22764603,
  "cycle": 10,
  "phase": 4,
  "phase_name": "10 kHz",
  "ssid": "Girod-House-of-Big-Nuts",
  "ip": "192.168.1.91",
  "rssi": -64,
  "samples": 13226500,
  "runtime": 22764,
  "mean100": 0.11199,
  "var100": 0.00052829,
  "mean10": 0.119993,
  "var10": 0.00044802,
  "mean1": 0.128132,
  "githubStatus": "HOST_POSTS",
  "githubCode": 0,
  "lastSuccess": 0,
  "baseline": {
    "passed": true,
    "mean": 0.109338,
    "variance": 0.00052686,
    "min": 0.044322,
    "max": 0.145055
  },
  "hardware": {
    "passed": true,
    "dark": 0.122155,
    "light": 0.411163,
    "fifty": 0.268874
  }
}