{
  "timestamp": "2025-12-01T10:28:40Z",
  "timestamp_ms": 37720678,
  "cycle": 17,
  "phase": 5,
  "phase_name": "20 kHz",
  "ssid": "Girod-House-of-Big-Nuts",
  "ip": "192.168.1.91",
  "rssi": -63,
  "samples": 21267551,
  "runtime": 37720,
  "mean100": 0.111717,
  "var100": 0.00057787,
  "mean10": 0.122733,
  "var10": 0.00037342,
  "mean1": 0.128132,
  "githubStatus": "HOST_POSTS",
  "githubCode": 0,
  "lastSuccess": 0,
  "baseline": {
    "passed": true,
    "mean": 0.111785,
    "variance": 0.00049288,
    "min": 0.050769,
    "max": 0.147473
  },
  "hardware": {
    "passed": true,
    "dark": 0.124655,
    "light": 0.411699,
    "fifty": 0.268874
  }
}