{
  "delta_t_100ms": {
    "mean": 0.245135,
    "variance": 0.000038
  },
  "delta_t_10ms": {
    "mean": 0.245385,
    "variance": 0.000034
  },
  "delta_t_1ms": {
    "mean": 0.249817,
    "variance": 0.000000
  },
  "timestamp_ms": 3711255,
  "sample_count": 748535,
  "timestamp_iso": "3711s"
}