{
  "delta_t_100ms": {
    "mean": 0.237801,
    "variance": 0.000040
  },
  "delta_t_10ms": {
    "mean": 0.237971,
    "variance": 0.000033
  },
  "delta_t_1ms": {
    "mean": 0.241758,
    "variance": 0.000000
  },
  "timestamp_ms": 16964677,
  "sample_count": 13698928,
  "timestamp_iso": "16964s"
}