{
  "timestamp": "2025-12-01T01:48:34Z",
  "timestamp_ms": 6514408,
  "cycle": 3,
  "phase": 0,
  "phase_name": "LED OFF",
  "ssid": "Girod-House-of-Big-Nuts",
  "ip": "192.168.1.91",
  "rssi": -69,
  "samples": 3063671,
  "runtime": 6515,
  "mean100": 0.105237,
  "var100": 0.00062362,
  "mean10": 0.102022,
  "var10": 0.00075062,
  "mean1": 0.134579,
  "githubStatus": "HOST_POSTS",
  "githubCode": 0,
  "lastSuccess": 0,
  "baseline": {
    "passed": true,
    "mean": 0.104212,
    "variance": 0.00057401,
    "min": 0.043516,
    "max": 0.144249
  },
  "hardware": {
    "passed": true,
    "dark": 0.117476,
    "light": 0.410155,
    "fifty": 0.265363
  }
}