{
  "delta_t_100ms": {
    "mean": 0.236850,
    "variance": 0.000042
  },
  "delta_t_10ms": {
    "mean": 0.237004,
    "variance": 0.000036
  },
  "delta_t_1ms": {
    "mean": 0.243370,
    "variance": 0.000000
  },
  "timestamp_ms": 3893030,
  "sample_count": 3101313,
  "timestamp_iso": "3893s"
}