{
  "delta_t_100ms": {
    "mean": 0.237205,
    "variance": 0.000042
  },
  "delta_t_10ms": {
    "mean": 0.235714,
    "variance": 0.000036
  },
  "delta_t_1ms": {
    "mean": 0.228059,
    "variance": 0.000000
  },
  "timestamp_ms": 16835219,
  "sample_count": 13593489,
  "timestamp_iso": "16835s"
}