{
  "delta_t_100ms": {
    "mean": 0.237302,
    "variance": 0.000041
  },
  "delta_t_10ms": {
    "mean": 0.236681,
    "variance": 0.000033
  },
  "delta_t_1ms": {
    "mean": 0.244176,
    "variance": 0.000000
  },
  "timestamp_ms": 6036374,
  "sample_count": 4841416,
  "timestamp_iso": "6036s"
}