{
  "delta_t_100ms": {
    "mean": 0.238889,
    "variance": 0.000043
  },
  "delta_t_10ms": {
    "mean": 0.239341,
    "variance": 0.000045
  },
  "delta_t_1ms": {
    "mean": 0.244176,
    "variance": 0.000000
  },
  "timestamp_ms": 31168676,
  "sample_count": 25086921,
  "timestamp_iso": "31168s"
}