{
  "timestamp": "2025-12-01T03:34:19Z",
  "timestamp_ms": 12859190,
  "cycle": 6,
  "phase": 0,
  "phase_name": "LED OFF",
  "ssid": "Girod-House-of-Big-Nuts",
  "ip": "192.168.1.91",
  "rssi": -66,
  "samples": 7452732,
  "runtime": 12859,
  "mean100": 0.107639,
  "var100": 0.00055242,
  "mean10": 0.12096,
  "var10": 0.00028905,
  "mean1": 0.088645,
  "githubStatus": "HOST_POSTS",
  "githubCode": 0,
  "lastSuccess": 0,
  "baseline": {
    "passed": true,
    "mean": 0.107338,
    "variance": 0.0005845,
    "min": 0.047546,
    "max": 0.142637
  },
  "hardware": {
    "passed": true,
    "dark": 0.120569,
    "light": 0.41016,
    "fifty": 0.268874
  }
}