{
  "delta_t_100ms": {
    "mean": 0.237350,
    "variance": 0.000051
  },
  "delta_t_10ms": {
    "mean": 0.237326,
    "variance": 0.000046
  },
  "delta_t_1ms": {
    "mean": 0.243370,
    "variance": 0.000000
  },
  "timestamp_ms": 12923842,
  "sample_count": 10430100,
  "timestamp_iso": "12923s"
}