{
  "delta_t_100ms": {
    "mean": 0.236641,
    "variance": 0.000042
  },
  "delta_t_10ms": {
    "mean": 0.237487,
    "variance": 0.000042
  },
  "delta_t_1ms": {
    "mean": 0.240952,
    "variance": 0.000000
  },
  "timestamp_ms": 4089244,
  "sample_count": 3259500,
  "timestamp_iso": "4089s"
}