{
  "delta_t_100ms": {
    "mean": 0.244643,
    "variance": 0.000043
  },
  "delta_t_10ms": {
    "mean": 0.244901,
    "variance": 0.000047
  },
  "delta_t_1ms": {
    "mean": 0.237729,
    "variance": 0.000000
  },
  "timestamp_ms": 4050051,
  "sample_count": 817940,
  "timestamp_iso": "4050s"
}