{
  "delta_t_100ms": {
    "mean": 0.239228,
    "variance": 0.000045
  },
  "delta_t_10ms": {
    "mean": 0.239582,
    "variance": 0.000040
  },
  "delta_t_1ms": {
    "mean": 0.244176,
    "variance": 0.000000
  },
  "timestamp_ms": 35502400,
  "sample_count": 28566551,
  "timestamp_iso": "35502s"
}