{
  "timestamp": "2025-12-01T05:58:20Z",
  "timestamp_ms": 21500936,
  "cycle": 10,
  "phase": 0,
  "phase_name": "LED OFF",
  "ssid": "Girod-House-of-Big-Nuts",
  "ip": "192.168.1.91",
  "rssi": -64,
  "samples": 12474104,
  "runtime": 21500,
  "mean100": 0.110081,
  "var100": 0.00052069,
  "mean10": 0.121282,
  "var10": 0.00030733,
  "mean1": 0.087839,
  "githubStatus": "HOST_POSTS",
  "githubCode": 0,
  "lastSuccess": 0,
  "baseline": {
    "passed": true,
    "mean": 0.109338,
    "variance": 0.00052686,
    "min": 0.044322,
    "max": 0.145055
  },
  "hardware": {
    "passed": true,
    "dark": 0.122155,
    "light": 0.411163,
    "fifty": 0.268874
  }
}