{
  "timestamp": "2025-12-01T03:21:09Z",
  "timestamp_ms": 12069507,
  "cycle": 5,
  "phase": 4,
  "phase_name": "10 kHz",
  "ssid": "Girod-House-of-Big-Nuts",
  "ip": "192.168.1.91",
  "rssi": -62,
  "samples": 6069691,
  "runtime": 12069,
  "mean100": 0.106148,
  "var100": 0.00071973,
  "mean10": 0.10041,
  "var10": 0.00072113,
  "mean1": 0.07011,
  "githubStatus": "HOST_POSTS",
  "githubCode": 0,
  "lastSuccess": 0,
  "baseline": {
    "passed": true,
    "mean": 0.10578,
    "variance": 0.00067487,
    "min": 0.03707,
    "max": 0.145055
  },
  "hardware": {
    "passed": true,
    "dark": 0.119555,
    "light": 0.411523,
    "fifty": 0.265363
  }
}