{
  "delta_t_100ms": {
    "mean": 0.238519,
    "variance": 0.000057
  },
  "delta_t_10ms": {
    "mean": 0.237890,
    "variance": 0.000038
  },
  "delta_t_1ms": {
    "mean": 0.234505,
    "variance": 0.000000
  },
  "timestamp_ms": 35631239,
  "sample_count": 28672000,
  "timestamp_iso": "35631s"
}