{
  "delta_t_100ms": {
    "mean": 0.238398,
    "variance": 0.000047
  },
  "delta_t_10ms": {
    "mean": 0.238212,
    "variance": 0.000062
  },
  "delta_t_1ms": {
    "mean": 0.248205,
    "variance": 0.000000
  },
  "timestamp_ms": 23659514,
  "sample_count": 19129349,
  "timestamp_iso": "23659s"
}