{
  "delta_t_100ms": {
    "mean": 0.238454,
    "variance": 0.000048
  },
  "delta_t_10ms": {
    "mean": 0.238857,
    "variance": 0.000050
  },
  "delta_t_1ms": {
    "mean": 0.242564,
    "variance": 0.000000
  },
  "timestamp_ms": 29663336,
  "sample_count": 23927000,
  "timestamp_iso": "29663s"
}