{
  "delta_t_100ms": {
    "mean": 0.237415,
    "variance": 0.000046
  },
  "delta_t_10ms": {
    "mean": 0.238454,
    "variance": 0.000047
  },
  "delta_t_1ms": {
    "mean": 0.248205,
    "variance": 0.000000
  },
  "timestamp_ms": 18134685,
  "sample_count": 14647923,
  "timestamp_iso": "18134s"
}