{
  "timestamp": "2025-12-01T03:48:09Z",
  "timestamp_ms": 13689572,
  "cycle": 6,
  "phase": 2,
  "phase_name": "100 Hz",
  "ssid": "Girod-House-of-Big-Nuts",
  "ip": "192.168.1.91",
  "rssi": -66,
  "samples": 8005204,
  "runtime": 13689,
  "mean100": 0.107357,
  "var100": 0.00059556,
  "mean10": 0.113868,
  "var10": 0.0006076,
  "mean1": 0.07011,
  "githubStatus": "HOST_POSTS",
  "githubCode": 0,
  "lastSuccess": 0,
  "baseline": {
    "passed": true,
    "mean": 0.107338,
    "variance": 0.0005845,
    "min": 0.047546,
    "max": 0.142637
  },
  "hardware": {
    "passed": true,
    "dark": 0.120569,
    "light": 0.41016,
    "fifty": 0.268874
  }
}