{
  "delta_t_100ms": {
    "mean": 0.236995,
    "variance": 0.000040
  },
  "delta_t_10ms": {
    "mean": 0.236762,
    "variance": 0.000050
  },
  "delta_t_1ms": {
    "mean": 0.231282,
    "variance": 0.000000
  },
  "timestamp_ms": 3634553,
  "sample_count": 2890437,
  "timestamp_iso": "3634s"
}