{
  "timestamp": "2025-12-01T00:57:57Z",
  "timestamp_ms": 3477589,
  "cycle": 1,
  "phase": 4,
  "phase_name": "10 kHz",
  "ssid": "Girod-House-of-Big-Nuts",
  "ip": "192.168.1.91",
  "rssi": -63,
  "samples": 1670513,
  "runtime": 3477,
  "mean100": 0.105519,
  "var100": 0.00054118,
  "mean10": 0.115802,
  "var10": 0.00045265,
  "mean1": 0.123297,
  "githubStatus": "HOST_POSTS",
  "githubCode": 0,
  "lastSuccess": 0,
  "baseline": {
    "passed": true,
    "mean": 0.103504,
    "variance": 0.00064777,
    "min": 0.049963,
    "max": 0.145055
  },
  "hardware": {
    "passed": true,
    "dark": 0.116926,
    "light": 0.411766,
    "fifty": 0.265363
  }
}