{
  "delta_t_100ms": {
    "mean": 0.239574,
    "variance": 0.000048
  },
  "delta_t_10ms": {
    "mean": 0.239744,
    "variance": 0.000037
  },
  "delta_t_1ms": {
    "mean": 0.234505,
    "variance": 0.000000
  },
  "timestamp_ms": 27031146,
  "sample_count": 21818123,
  "timestamp_iso": "27031s"
}