{
  "delta_t_100ms": {
    "mean": 0.238470,
    "variance": 0.000048
  },
  "delta_t_10ms": {
    "mean": 0.238132,
    "variance": 0.000054
  },
  "delta_t_1ms": {
    "mean": 0.240952,
    "variance": 0.000000
  },
  "timestamp_ms": 21384226,
  "sample_count": 17284004,
  "timestamp_iso": "21384s"
}