{
  "delta_t_100ms": {
    "mean": 0.237423,
    "variance": 0.000045
  },
  "delta_t_10ms": {
    "mean": 0.238454,
    "variance": 0.000042
  },
  "delta_t_1ms": {
    "mean": 0.242564,
    "variance": 0.000000
  },
  "timestamp_ms": 14422984,
  "sample_count": 11642746,
  "timestamp_iso": "14422s"
}