{
  "delta_t_100ms": {
    "mean": 0.239461,
    "variance": 0.000046
  },
  "delta_t_10ms": {
    "mean": 0.239341,
    "variance": 0.000038
  },
  "delta_t_1ms": {
    "mean": 0.246593,
    "variance": 0.000000
  },
  "timestamp_ms": 32853414,
  "sample_count": 26457685,
  "timestamp_iso": "32853s"
}