{
  "timestamp": "2025-12-01T12:00:35Z",
  "timestamp_ms": 43235034,
  "cycle": 20,
  "phase": 2,
  "phase_name": "100 Hz",
  "ssid": "Girod-House-of-Big-Nuts",
  "ip": "192.168.1.91",
  "rssi": -64,
  "samples": 24393965,
  "runtime": 43235,
  "mean100": 0.115012,
  "var100": 0.00046595,
  "mean10": 0.102586,
  "var10": 0.0003351,
  "mean1": 0.13619,
  "githubStatus": "HOST_POSTS",
  "githubCode": 0,
  "lastSuccess": 0,
  "baseline": {
    "passed": true,
    "mean": 0.114233,
    "variance": 0.00050237,
    "min": 0.043516,
    "max": 0.147473
  },
  "hardware": {
    "passed": true,
    "dark": 0.126832,
    "light": 0.411792,
    "fifty": 0.268874
  }
}