{
  "delta_t_100ms": {
    "mean": 0.237447,
    "variance": 0.000044
  },
  "delta_t_10ms": {
    "mean": 0.237729,
    "variance": 0.000045
  },
  "delta_t_1ms": {
    "mean": 0.229670,
    "variance": 0.000000
  },
  "timestamp_ms": 17094098,
  "sample_count": 13804352,
  "timestamp_iso": "17094s"
}