{
  "delta_t_100ms": {
    "mean": 0.238253,
    "variance": 0.000044
  },
  "delta_t_10ms": {
    "mean": 0.238374,
    "variance": 0.000044
  },
  "delta_t_1ms": {
    "mean": 0.236923,
    "variance": 0.000000
  },
  "timestamp_ms": 20993808,
  "sample_count": 16967680,
  "timestamp_iso": "20993s"
}