{
  "delta_t_100ms": {
    "mean": 0.236955,
    "variance": 0.000041
  },
  "delta_t_10ms": {
    "mean": 0.236842,
    "variance": 0.000038
  },
  "delta_t_1ms": {
    "mean": 0.243370,
    "variance": 0.000000
  },
  "timestamp_ms": 4218873,
  "sample_count": 3364994,
  "timestamp_iso": "4218s"
}