{
  "delta_t_100ms": {
    "mean": 0.238212,
    "variance": 0.000047
  },
  "delta_t_10ms": {
    "mean": 0.237326,
    "variance": 0.000057
  },
  "delta_t_1ms": {
    "mean": 0.228059,
    "variance": 0.000000
  },
  "timestamp_ms": 21836663,
  "sample_count": 17653058,
  "timestamp_iso": "21836s"
}