{
  "timestamp": "2025-12-01T08:20:20Z",
  "timestamp_ms": 30020319,
  "cycle": 14,
  "phase": 0,
  "phase_name": "LED OFF",
  "ssid": "Girod-House-of-Big-Nuts",
  "ip": "192.168.1.91",
  "rssi": -65,
  "samples": 17277190,
  "runtime": 30020,
  "mean100": 0.114255,
  "var100": 0.00047907,
  "mean10": 0.127487,
  "var10": 0.00014505,
  "mean1": 0.115238,
  "githubStatus": "HOST_POSTS",
  "githubCode": 0,
  "lastSuccess": 0,
  "baseline": {
    "passed": true,
    "mean": 0.11267,
    "variance": 0.00049835,
    "min": 0.050769,
    "max": 0.147473
  },
  "hardware": {
    "passed": true,
    "dark": 0.125293,
    "light": 0.411775,
    "fifty": 0.268874
  }
}