{
  "delta_t_100ms": {
    "mean": 0.238704,
    "variance": 0.000043
  },
  "delta_t_10ms": {
    "mean": 0.239341,
    "variance": 0.000039
  },
  "delta_t_1ms": {
    "mean": 0.231282,
    "variance": 0.000000
  },
  "timestamp_ms": 33630327,
  "sample_count": 27090341,
  "timestamp_iso": "33630s"
}