{
  "timestamp": "2025-12-01T09:13:02Z",
  "timestamp_ms": 33182173,
  "cycle": 15,
  "phase": 4,
  "phase_name": "10 kHz",
  "ssid": "Girod-House-of-Big-Nuts",
  "ip": "192.168.1.91",
  "rssi": -64,
  "samples": 18896637,
  "runtime": 33182,
  "mean100": 0.113667,
  "var100": 0.00048753,
  "mean10": 0.111773,
  "var10": 0.00065695,
  "mean1": 0.136996,
  "githubStatus": "HOST_POSTS",
  "githubCode": 0,
  "lastSuccess": 0,
  "baseline": {
    "passed": true,
    "mean": 0.112572,
    "variance": 0.00048191,
    "min": 0.063663,
    "max": 0.147473
  },
  "hardware": {
    "passed": true,
    "dark": 0.125152,
    "light": 0.411768,
    "fifty": 0.268874
  }
}