{
  "timestamp": "2025-12-01T00:04:29Z",
  "timestamp_ms": 269532,
  "cycle": 0,
  "phase": 0,
  "phase_name": "LED OFF",
  "ssid": "Girod-House-of-Big-Nuts",
  "ip": "192.168.1.91",
  "rssi": -66,
  "samples": 169739,
  "runtime": 269,
  "mean100": 0.113095,
  "var100": 0.00062167,
  "mean10": 0.103473,
  "var10": 0.00067061,
  "mean1": 0.145055,
  "githubStatus": "HOST_POSTS",
  "githubCode": 0,
  "lastSuccess": 0,
  "baseline": {
    "passed": true,
    "mean": 0.112111,
    "variance": 0.00063517,
    "min": 0.050769,
    "max": 0.152308
  },
  "hardware": {
    "passed": true,
    "dark": 0.125424,
    "light": 0.411785,
    "fifty": 0.268998
  }
}