{
  "delta_t_100ms": {
    "mean": 0.238406,
    "variance": 0.000045
  },
  "delta_t_10ms": {
    "mean": 0.239905,
    "variance": 0.000040
  },
  "delta_t_1ms": {
    "mean": 0.244176,
    "variance": 0.000000
  },
  "timestamp_ms": 20734149,
  "sample_count": 16756780,
  "timestamp_iso": "20734s"
}