{
  "timestamp": "2025-12-01T02:00:16Z",
  "timestamp_ms": 7216612,
  "cycle": 3,
  "phase": 2,
  "phase_name": "100 Hz",
  "ssid": "Girod-House-of-Big-Nuts",
  "ip": "192.168.1.91",
  "rssi": -68,
  "samples": 3904092,
  "runtime": 7216,
  "mean100": 0.113159,
  "var100": 0.00025214,
  "mean10": 0.119912,
  "var10": 0.00021363,
  "mean1": 0.094286,
  "githubStatus": "HOST_POSTS",
  "githubCode": 0,
  "lastSuccess": 0,
  "baseline": {
    "passed": true,
    "mean": 0.113133,
    "variance": 0.00024655,
    "min": 0.063663,
    "max": 0.138608
  },
  "hardware": {
    "passed": true,
    "dark": 0.123478,
    "light": 0.411774,
    "fifty": 0.268553
  }
}