{
  "delta_t_100ms": {
    "mean": 0.239478,
    "variance": 0.000048
  },
  "delta_t_10ms": {
    "mean": 0.241114,
    "variance": 0.000058
  },
  "delta_t_1ms": {
    "mean": 0.231282,
    "variance": 0.000000
  },
  "timestamp_ms": 33563969,
  "sample_count": 27037600,
  "timestamp_iso": "33563s"
}