{
  "timestamp": "2025-12-01T02:03:12Z",
  "timestamp_ms": 7392028,
  "cycle": 3,
  "phase": 3,
  "phase_name": "1 kHz",
  "ssid": "Girod-House-of-Big-Nuts",
  "ip": "192.168.1.91",
  "rssi": -67,
  "samples": 3511446,
  "runtime": 7392,
  "mean100": 0.411199,
  "var100": 9e-07,
  "mean10": 0.41115,
  "var10": 4.9e-07,
  "mean1": 0.410989,
  "githubStatus": "HOST_POSTS",
  "githubCode": 0,
  "lastSuccess": 0,
  "baseline": {
    "passed": true,
    "mean": 0.104212,
    "variance": 0.00057401,
    "min": 0.043516,
    "max": 0.144249
  },
  "hardware": {
    "passed": true,
    "dark": 0.117476,
    "light": 0.410155,
    "fifty": 0.265363
  }
}