{
  "delta_t_100ms": {
    "mean": 0.237221,
    "variance": 0.000044
  },
  "delta_t_10ms": {
    "mean": 0.236842,
    "variance": 0.000049
  },
  "delta_t_1ms": {
    "mean": 0.244176,
    "variance": 0.000000
  },
  "timestamp_ms": 6945974,
  "sample_count": 5579514,
  "timestamp_iso": "6945s"
}