{
  "timestamp": "2025-12-01T04:31:57Z",
  "timestamp_ms": 16317498,
  "cycle": 7,
  "phase": 4,
  "phase_name": "10 kHz",
  "ssid": "Girod-House-of-Big-Nuts",
  "ip": "192.168.1.91",
  "rssi": -66,
  "samples": 9520752,
  "runtime": 16317,
  "mean100": 0.106212,
  "var100": 0.00061894,
  "mean10": 0.101861,
  "var10": 0.00059878,
  "mean1": 0.074139,
  "githubStatus": "HOST_POSTS",
  "githubCode": 0,
  "lastSuccess": 0,
  "baseline": {
    "passed": true,
    "mean": 0.106752,
    "variance": 0.00058906,
    "min": 0.050769,
    "max": 0.144249
  },
  "hardware": {
    "passed": true,
    "dark": 0.119801,
    "light": 0.409588,
    "fifty": 0.268874
  }
}