{
  "delta_t_100ms": {
    "mean": 0.244780,
    "variance": 0.000041
  },
  "delta_t_10ms": {
    "mean": 0.242967,
    "variance": 0.000047
  },
  "delta_t_1ms": {
    "mean": 0.237729,
    "variance": 0.000000
  },
  "timestamp_ms": 6943774,
  "sample_count": 1324406,
  "timestamp_iso": "6943s"
}