{
  "timestamp": "2025-12-01T06:45:20Z",
  "timestamp_ms": 24320994,
  "cycle": 11,
  "phase": 2,
  "phase_name": "100 Hz",
  "ssid": "Girod-House-of-Big-Nuts",
  "ip": "192.168.1.91",
  "rssi": -63,
  "samples": 14100624,
  "runtime": 24321,
  "mean100": 0.112829,
  "var100": 0.00050183,
  "mean10": 0.125392,
  "var10": 0.00023602,
  "mean1": 0.123297,
  "githubStatus": "HOST_POSTS",
  "githubCode": 0,
  "lastSuccess": 0,
  "baseline": {
    "passed": true,
    "mean": 0.110769,
    "variance": 0.0005124,
    "min": 0.061245,
    "max": 0.147473
  },
  "hardware": {
    "passed": true,
    "dark": 0.123658,
    "light": 0.411655,
    "fifty": 0.268874
  }
}