{
  "timestamp": "2025-12-01T08:29:01Z",
  "timestamp_ms": 30541185,
  "cycle": 14,
  "phase": 2,
  "phase_name": "100 Hz",
  "ssid": "Girod-House-of-Big-Nuts",
  "ip": "192.168.1.91",
  "rssi": -64,
  "samples": 17591500,
  "runtime": 30541,
  "mean100": 0.114851,
  "var100": 0.00049184,
  "mean10": 0.107099,
  "var10": 0.00056725,
  "mean1": 0.145055,
  "githubStatus": "HOST_POSTS",
  "githubCode": 0,
  "lastSuccess": 0,
  "baseline": {
    "passed": true,
    "mean": 0.11267,
    "variance": 0.00049835,
    "min": 0.050769,
    "max": 0.147473
  },
  "hardware": {
    "passed": true,
    "dark": 0.125293,
    "light": 0.411775,
    "fifty": 0.268874
  }
}