{
  "delta_t_100ms": {
    "mean": 0.244708,
    "variance": 0.000044
  },
  "delta_t_10ms": {
    "mean": 0.245062,
    "variance": 0.000034
  },
  "delta_t_1ms": {
    "mean": 0.249817,
    "variance": 0.000000
  },
  "timestamp_ms": 3435611,
  "sample_count": 696784,
  "timestamp_iso": "3435s"
}