{
  "delta_t_100ms": {
    "mean": 0.236754,
    "variance": 0.000039
  },
  "delta_t_10ms": {
    "mean": 0.237890,
    "variance": 0.000031
  },
  "delta_t_1ms": {
    "mean": 0.240952,
    "variance": 0.000000
  },
  "timestamp_ms": 2597682,
  "sample_count": 2048943,
  "timestamp_iso": "2597s"
}