{
  "delta_t_100ms": {
    "mean": 0.237777,
    "variance": 0.000043
  },
  "delta_t_10ms": {
    "mean": 0.238051,
    "variance": 0.000039
  },
  "delta_t_1ms": {
    "mean": 0.231282,
    "variance": 0.000000
  },
  "timestamp_ms": 23330422,
  "sample_count": 18865738,
  "timestamp_iso": "23330s"
}