{
  "delta_t_100ms": {
    "mean": 0.238833,
    "variance": 0.000086
  },
  "delta_t_10ms": {
    "mean": 0.238051,
    "variance": 0.000040
  },
  "delta_t_1ms": {
    "mean": 0.241758,
    "variance": 0.000000
  },
  "timestamp_ms": 22096573,
  "sample_count": 17863988,
  "timestamp_iso": "22096s"
}