{
  "delta_t_100ms": {
    "mean": 0.238889,
    "variance": 0.000047
  },
  "delta_t_10ms": {
    "mean": 0.239905,
    "variance": 0.000046
  },
  "delta_t_1ms": {
    "mean": 0.244176,
    "variance": 0.000000
  },
  "timestamp_ms": 27887570,
  "sample_count": 22503500,
  "timestamp_iso": "27887s"
}