{
  "delta_t_100ms": {
    "mean": 0.238921,
    "variance": 0.000048
  },
  "delta_t_10ms": {
    "mean": 0.238938,
    "variance": 0.000049
  },
  "delta_t_1ms": {
    "mean": 0.237729,
    "variance": 0.000000
  },
  "timestamp_ms": 31297849,
  "sample_count": 25192356,
  "timestamp_iso": "31297s"
}