{
  "delta_t_100ms": {
    "mean": 0.237269,
    "variance": 0.000041
  },
  "delta_t_10ms": {
    "mean": 0.236923,
    "variance": 0.000050
  },
  "delta_t_1ms": {
    "mean": 0.240952,
    "variance": 0.000000
  },
  "timestamp_ms": 4369513,
  "sample_count": 3531123,
  "timestamp_iso": "4369s"
}