{
  "delta_t_100ms": {
    "mean": 0.236899,
    "variance": 0.000053
  },
  "delta_t_10ms": {
    "mean": 0.234586,
    "variance": 0.000130
  },
  "delta_t_1ms": {
    "mean": 0.240952,
    "variance": 0.000000
  },
  "timestamp_ms": 3134715,
  "sample_count": 2529383,
  "timestamp_iso": "3134s"
}