{
  "timestamp": "2025-12-01T07:29:37Z",
  "timestamp_ms": 26977472,
  "cycle": 12,
  "phase": 4,
  "phase_name": "10 kHz",
  "ssid": "Girod-House-of-Big-Nuts",
  "ip": "192.168.1.91",
  "rssi": -63,
  "samples": 15627809,
  "runtime": 26977,
  "mean100": 0.113409,
  "var100": 0.00048442,
  "mean10": 0.099685,
  "var10": 0.00025445,
  "mean1": 0.127326,
  "githubStatus": "HOST_POSTS",
  "githubCode": 0,
  "lastSuccess": 0,
  "baseline": {
    "passed": true,
    "mean": 0.111852,
    "variance": 0.00049819,
    "min": 0.07011,
    "max": 0.148278
  },
  "hardware": {
    "passed": true,
    "dark": 0.12465,
    "light": 0.411727,
    "fifty": 0.268874
  }
}