{
  "delta_t_100ms": {
    "mean": 0.236738,
    "variance": 0.000045
  },
  "delta_t_10ms": {
    "mean": 0.237004,
    "variance": 0.000042
  },
  "delta_t_1ms": {
    "mean": 0.228864,
    "variance": 0.000000
  },
  "timestamp_ms": 4871117,
  "sample_count": 3892251,
  "timestamp_iso": "4871s"
}