{
  "delta_t_100ms": {
    "mean": 0.238793,
    "variance": 0.000045
  },
  "delta_t_10ms": {
    "mean": 0.238857,
    "variance": 0.000046
  },
  "delta_t_1ms": {
    "mean": 0.243370,
    "variance": 0.000000
  },
  "timestamp_ms": 24697475,
  "sample_count": 19972906,
  "timestamp_iso": "24697s"
}