{
  "timestamp": "2025-12-01T06:08:15Z",
  "timestamp_ms": 22095163,
  "cycle": 10,
  "phase": 2,
  "phase_name": "100 Hz",
  "ssid": "Girod-House-of-Big-Nuts",
  "ip": "192.168.1.91",
  "rssi": -64,
  "samples": 12861455,
  "runtime": 22095,
  "mean100": 0.110226,
  "var100": 0.00053132,
  "mean10": 0.114916,
  "var10": 0.00054241,
  "mean1": 0.074945,
  "githubStatus": "HOST_POSTS",
  "githubCode": 0,
  "lastSuccess": 0,
  "baseline": {
    "passed": true,
    "mean": 0.109338,
    "variance": 0.00052686,
    "min": 0.044322,
    "max": 0.145055
  },
  "hardware": {
    "passed": true,
    "dark": 0.122155,
    "light": 0.411163,
    "fifty": 0.268874
  }
}