{
  "delta_t_100ms": {
    "mean": 0.237834,
    "variance": 0.000043
  },
  "delta_t_10ms": {
    "mean": 0.237810,
    "variance": 0.000047
  },
  "delta_t_1ms": {
    "mean": 0.244176,
    "variance": 0.000000
  },
  "timestamp_ms": 6621557,
  "sample_count": 5315933,
  "timestamp_iso": "6621s"
}