{
  "timestamp": "2025-12-01T06:05:29Z",
  "timestamp_ms": 21929360,
  "cycle": 10,
  "phase": 2,
  "phase_name": "100 Hz",
  "ssid": "Girod-House-of-Big-Nuts",
  "ip": "192.168.1.91",
  "rssi": -64,
  "samples": 12753685,
  "runtime": 21929,
  "mean100": 0.109267,
  "var100": 0.00053053,
  "mean10": 0.095495,
  "var10": 0.00026564,
  "mean1": 0.102344,
  "githubStatus": "HOST_POSTS",
  "githubCode": 0,
  "lastSuccess": 0,
  "baseline": {
    "passed": true,
    "mean": 0.109338,
    "variance": 0.00052686,
    "min": 0.044322,
    "max": 0.145055
  },
  "hardware": {
    "passed": true,
    "dark": 0.122155,
    "light": 0.411163,
    "fifty": 0.268874
  }
}