{
  "timestamp": "2025-12-01T13:11:40Z",
  "timestamp_ms": 47500814,
  "cycle": 22,
  "phase": 2,
  "phase_name": "100 Hz",
  "ssid": "Girod-House-of-Big-Nuts",
  "ip": "192.168.1.91",
  "rssi": -64,
  "samples": 26628172,
  "runtime": 47500,
  "mean100": 0.112821,
  "var100": 0.00048885,
  "mean10": 0.102344,
  "var10": 0.0003625,
  "mean1": 0.095897,
  "githubStatus": "HOST_POSTS",
  "githubCode": 0,
  "lastSuccess": 0,
  "baseline": {
    "passed": true,
    "mean": 0.113539,
    "variance": 0.00048667,
    "min": 0.050769,
    "max": 0.147473
  },
  "hardware": {
    "passed": true,
    "dark": 0.125839,
    "light": 0.411774,
    "fifty": 0.268874
  }
}