{
  "delta_t_100ms": {
    "mean": 0.238849,
    "variance": 0.000046
  },
  "delta_t_10ms": {
    "mean": 0.238535,
    "variance": 0.000037
  },
  "delta_t_1ms": {
    "mean": 0.231282,
    "variance": 0.000000
  },
  "timestamp_ms": 34245874,
  "sample_count": 27564846,
  "timestamp_iso": "34245s"
}