{
  "delta_t_100ms": {
    "mean": 0.238567,
    "variance": 0.000046
  },
  "delta_t_10ms": {
    "mean": 0.239099,
    "variance": 0.000040
  },
  "delta_t_1ms": {
    "mean": 0.231282,
    "variance": 0.000000
  },
  "timestamp_ms": 29598723,
  "sample_count": 23874266,
  "timestamp_iso": "29598s"
}