{
  "timestamp": "2025-12-01T08:55:38Z",
  "timestamp_ms": 32138574,
  "cycle": 15,
  "phase": 0,
  "phase_name": "LED OFF",
  "ssid": "Girod-House-of-Big-Nuts",
  "ip": "192.168.1.91",
  "rssi": -64,
  "samples": 18339722,
  "runtime": 32138,
  "mean100": 0.114456,
  "var100": 0.00049865,
  "mean10": 0.118381,
  "var10": 0.0005179,
  "mean1": 0.134579,
  "githubStatus": "HOST_POSTS",
  "githubCode": 0,
  "lastSuccess": 0,
  "baseline": {
    "passed": true,
    "mean": 0.112572,
    "variance": 0.00048191,
    "min": 0.063663,
    "max": 0.147473
  },
  "hardware": {
    "passed": true,
    "dark": 0.1252,
    "light": 0.411768,
    "fifty": 0.268874
  }
}