{
  "delta_t_100ms": {
    "mean": 0.238801,
    "variance": 0.000044
  },
  "delta_t_10ms": {
    "mean": 0.240066,
    "variance": 0.000046
  },
  "delta_t_1ms": {
    "mean": 0.244176,
    "variance": 0.000000
  },
  "timestamp_ms": 32982730,
  "sample_count": 26563119,
  "timestamp_iso": "32982s"
}