{
  "timestamp": "2025-12-01T02:50:27Z",
  "timestamp_ms": 10227567,
  "cycle": 4,
  "phase": 5,
  "phase_name": "20 kHz",
  "ssid": "Girod-House-of-Big-Nuts",
  "ip": "192.168.1.91",
  "rssi": -66,
  "samples": 5965982,
  "runtime": 10227,
  "mean100": 0.411223,
  "var100": 7.6e-07,
  "mean10": 0.411392,
  "var10": 5.5e-07,
  "mean1": 0.411795,
  "githubStatus": "HOST_POSTS",
  "githubCode": 0,
  "lastSuccess": 0,
  "baseline": {
    "passed": true,
    "mean": 0.108919,
    "variance": 0.00056362,
    "min": 0.050769,
    "max": 0.145861
  },
  "hardware": {
    "passed": true,
    "dark": 0.122228,
    "light": 0.411262,
    "fifty": 0.268874
  }
}