{
  "delta_t_100ms": {
    "mean": 0.244546,
    "variance": 0.000041
  },
  "delta_t_10ms": {
    "mean": 0.244982,
    "variance": 0.000030
  },
  "delta_t_1ms": {
    "mean": 0.247399,
    "variance": 0.000000
  },
  "timestamp_ms": 7552923,
  "sample_count": 1423182,
  "timestamp_iso": "7552s"
}