{
  "delta_t_100ms": {
    "mean": 0.239381,
    "variance": 0.000046
  },
  "delta_t_10ms": {
    "mean": 0.238696,
    "variance": 0.000046
  },
  "delta_t_1ms": {
    "mean": 0.249011,
    "variance": 0.000000
  },
  "timestamp_ms": 30116179,
  "sample_count": 24296051,
  "timestamp_iso": "30116s"
}