{
  "delta_t_100ms": {
    "mean": 0.237423,
    "variance": 0.000041
  },
  "delta_t_10ms": {
    "mean": 0.235634,
    "variance": 0.000042
  },
  "delta_t_1ms": {
    "mean": 0.228864,
    "variance": 0.000000
  },
  "timestamp_ms": 7859451,
  "sample_count": 6317693,
  "timestamp_iso": "7859s"
}