{
  "timestamp": "2025-12-01T00:13:41Z",
  "timestamp_ms": 821000,
  "cycle": 0,
  "phase": 2,
  "phase_name": "100 Hz",
  "ssid": "Girod-House-of-Big-Nuts",
  "ip": "192.168.1.91",
  "rssi": -66,
  "samples": 471369,
  "runtime": 821,
  "mean100": 0.115843,
  "var100": 0.00022543,
  "mean10": 0.119993,
  "var10": 0.00020995,
  "mean1": 0.095092,
  "githubStatus": "HOST_POSTS",
  "githubCode": 0,
  "lastSuccess": 0,
  "baseline": {
    "passed": true,
    "mean": 0.115096,
    "variance": 0.0004129,
    "min": 0.076557,
    "max": 0.150696
  },
  "hardware": {
    "passed": true,
    "dark": 0.126642,
    "light": 0.411794,
    "fifty": 0.268553
  }
}