{
  "delta_t_100ms": {
    "mean": 0.237801,
    "variance": 0.000042
  },
  "delta_t_10ms": {
    "mean": 0.238535,
    "variance": 0.000036
  },
  "delta_t_1ms": {
    "mean": 0.235311,
    "variance": 0.000000
  },
  "timestamp_ms": 19303374,
  "sample_count": 15596913,
  "timestamp_iso": "19303s"
}