{
  "timestamp": "2025-12-01T06:19:58Z",
  "timestamp_ms": 22798953,
  "cycle": 10,
  "phase": 4,
  "phase_name": "10 kHz",
  "ssid": "Girod-House-of-Big-Nuts",
  "ip": "192.168.1.91",
  "rssi": -64,
  "samples": 13245871,
  "runtime": 22798,
  "mean100": 0.112192,
  "var100": 0.00050565,
  "mean10": 0.098718,
  "var10": 0.0003902,
  "mean1": 0.135385,
  "githubStatus": "HOST_POSTS",
  "githubCode": 0,
  "lastSuccess": 0,
  "baseline": {
    "passed": true,
    "mean": 0.109338,
    "variance": 0.00052686,
    "min": 0.044322,
    "max": 0.145055
  },
  "hardware": {
    "passed": true,
    "dark": 0.122155,
    "light": 0.411163,
    "fifty": 0.268874
  }
}