{
  "delta_t_100ms": {
    "mean": 0.237334,
    "variance": 0.000041
  },
  "delta_t_10ms": {
    "mean": 0.237487,
    "variance": 0.000032
  },
  "delta_t_1ms": {
    "mean": 0.228059,
    "variance": 0.000000
  },
  "timestamp_ms": 3828339,
  "sample_count": 3048567,
  "timestamp_iso": "3828s"
}