{
  "timestamp": "2025-12-01T01:40:48Z",
  "timestamp_ms": 6048233,
  "cycle": 2,
  "phase": 5,
  "phase_name": "20 kHz",
  "ssid": "Girod-House-of-Big-Nuts",
  "ip": "192.168.1.91",
  "rssi": -62,
  "samples": 2865161,
  "runtime": 6048,
  "mean100": 0.409563,
  "var100": 2.23e-06,
  "mean10": 0.409136,
  "var10": 2.99e-06,
  "mean1": 0.408571,
  "githubStatus": "HOST_POSTS",
  "githubCode": 0,
  "lastSuccess": 0,
  "baseline": {
    "passed": true,
    "mean": 0.103834,
    "variance": 0.00062961,
    "min": 0.031429,
    "max": 0.141026
  },
  "hardware": {
    "passed": true,
    "dark": 0.117498,
    "light": 0.410358,
    "fifty": 0.265363
  }
}