{
  "delta_t_100ms": {
    "mean": 0.236939,
    "variance": 0.000040
  },
  "delta_t_10ms": {
    "mean": 0.237487,
    "variance": 0.000042
  },
  "delta_t_1ms": {
    "mean": 0.240952,
    "variance": 0.000000
  },
  "timestamp_ms": 2921233,
  "sample_count": 2311425,
  "timestamp_iso": "2921s"
}