{
  "timestamp": "2025-12-01T04:49:50Z",
  "timestamp_ms": 17390492,
  "cycle": 8,
  "phase": 1,
  "phase_name": "LED ON",
  "ssid": "Girod-House-of-Big-Nuts",
  "ip": "192.168.1.91",
  "rssi": -66,
  "samples": 10106464,
  "runtime": 17390,
  "mean100": 0.409917,
  "var100": 1.91e-06,
  "mean10": 0.410747,
  "var10": 6.6e-07,
  "mean1": 0.410183,
  "githubStatus": "HOST_POSTS",
  "githubCode": 0,
  "lastSuccess": 0,
  "baseline": {
    "passed": true,
    "mean": 0.106293,
    "variance": 0.00059681,
    "min": 0.06044,
    "max": 0.144249
  },
  "hardware": {
    "passed": true,
    "dark": 0.119522,
    "light": 0.409302,
    "fifty": 0.268874
  }
}