{
  "timestamp": "2025-12-01T00:47:47Z",
  "timestamp_ms": 2867108,
  "cycle": 1,
  "phase": 2,
  "phase_name": "100 Hz",
  "ssid": "Girod-House-of-Big-Nuts",
  "ip": "192.168.1.91",
  "rssi": -66,
  "samples": 1706173,
  "runtime": 2867,
  "mean100": 0.111007,
  "var100": 0.00060675,
  "mean10": 0.104762,
  "var10": 0.00056681,
  "mean1": 0.076557,
  "githubStatus": "HOST_POSTS",
  "githubCode": 0,
  "lastSuccess": 0,
  "baseline": {
    "passed": true,
    "mean": 0.111493,
    "variance": 0.00059052,
    "min": 0.050769,
    "max": 0.147473
  },
  "hardware": {
    "passed": true,
    "dark": 0.124845,
    "light": 0.411786,
    "fifty": 0.268874
  }
}