{
  "timestamp": "2025-12-01T03:10:23Z",
  "timestamp_ms": 11423546,
  "cycle": 5,
  "phase": 2,
  "phase_name": "100 Hz",
  "ssid": "Girod-House-of-Big-Nuts",
  "ip": "192.168.1.91",
  "rssi": -62,
  "samples": 5778003,
  "runtime": 11423,
  "mean100": 0.105552,
  "var100": 0.00071403,
  "mean10": 0.100249,
  "var10": 0.00069503,
  "mean1": 0.070916,
  "githubStatus": "HOST_POSTS",
  "githubCode": 0,
  "lastSuccess": 0,
  "baseline": {
    "passed": true,
    "mean": 0.10578,
    "variance": 0.00067487,
    "min": 0.03707,
    "max": 0.145055
  },
  "hardware": {
    "passed": true,
    "dark": 0.119555,
    "light": 0.411523,
    "fifty": 0.265363
  }
}