{
  "delta_t_100ms": {
    "mean": 0.237503,
    "variance": 0.000041
  },
  "delta_t_10ms": {
    "mean": 0.238212,
    "variance": 0.000040
  },
  "delta_t_1ms": {
    "mean": 0.245788,
    "variance": 0.000000
  },
  "timestamp_ms": 13579537,
  "sample_count": 10957350,
  "timestamp_iso": "13579s"
}