{
  "delta_t_100ms": {
    "mean": 0.239075,
    "variance": 0.000049
  },
  "delta_t_10ms": {
    "mean": 0.239905,
    "variance": 0.000063
  },
  "delta_t_1ms": {
    "mean": 0.245788,
    "variance": 0.000000
  },
  "timestamp_ms": 28814579,
  "sample_count": 23241619,
  "timestamp_iso": "28814s"
}