{
  "timestamp": "2025-12-01T00:57:21Z",
  "timestamp_ms": 3441834,
  "cycle": 1,
  "phase": 4,
  "phase_name": "10 kHz",
  "ssid": "Girod-House-of-Big-Nuts",
  "ip": "192.168.1.91",
  "rssi": -62,
  "samples": 1659009,
  "runtime": 3441,
  "mean100": 0.105237,
  "var100": 0.00051917,
  "mean10": 0.117736,
  "var10": 0.00027177,
  "mean1": 0.102344,
  "githubStatus": "HOST_POSTS",
  "githubCode": 0,
  "lastSuccess": 0,
  "baseline": {
    "passed": true,
    "mean": 0.103504,
    "variance": 0.00064777,
    "min": 0.049963,
    "max": 0.145055
  },
  "hardware": {
    "passed": true,
    "dark": 0.116926,
    "light": 0.411766,
    "fifty": 0.265363
  }
}