{
  "delta_t_100ms": {
    "mean": 0.239050,
    "variance": 0.000047
  },
  "delta_t_10ms": {
    "mean": 0.238212,
    "variance": 0.000043
  },
  "delta_t_1ms": {
    "mean": 0.240952,
    "variance": 0.000000
  },
  "timestamp_ms": 28425763,
  "sample_count": 22925267,
  "timestamp_iso": "28425s"
}