{
  "delta_t_100ms": {
    "mean": 0.237423,
    "variance": 0.000041
  },
  "delta_t_10ms": {
    "mean": 0.238132,
    "variance": 0.000044
  },
  "delta_t_1ms": {
    "mean": 0.244176,
    "variance": 0.000000
  },
  "timestamp_ms": 6165473,
  "sample_count": 4946856,
  "timestamp_iso": "6165s"
}