{
  "delta_t_100ms": {
    "mean": 0.239373,
    "variance": 0.000046
  },
  "delta_t_10ms": {
    "mean": 0.239421,
    "variance": 0.000041
  },
  "delta_t_1ms": {
    "mean": 0.249817,
    "variance": 0.000000
  },
  "timestamp_ms": 35436469,
  "sample_count": 28513861,
  "timestamp_iso": "35436s"
}