{
  "timestamp": "2025-12-01T05:33:00Z",
  "timestamp_ms": 19980064,
  "cycle": 9,
  "phase": 2,
  "phase_name": "100 Hz",
  "ssid": "Girod-House-of-Big-Nuts",
  "ip": "192.168.1.91",
  "rssi": -64,
  "samples": 11637822,
  "runtime": 19980,
  "mean100": 0.110419,
  "var100": 0.00054987,
  "mean10": 0.115157,
  "var10": 0.00060323,
  "mean1": 0.133773,
  "githubStatus": "HOST_POSTS",
  "githubCode": 0,
  "lastSuccess": 0,
  "baseline": {
    "passed": true,
    "mean": 0.107043,
    "variance": 0.00053188,
    "min": 0.050769,
    "max": 0.146667
  },
  "hardware": {
    "passed": true,
    "dark": 0.120149,
    "light": 0.409365,
    "fifty": 0.268874
  }
}