{
  "delta_t_100ms": {
    "mean": 0.244353,
    "variance": 0.000043
  },
  "delta_t_10ms": {
    "mean": 0.244901,
    "variance": 0.000034
  },
  "delta_t_1ms": {
    "mean": 0.240952,
    "variance": 0.000000
  },
  "timestamp_ms": 7283194,
  "sample_count": 1389982,
  "timestamp_iso": "7283s"
}