{
  "delta_t_100ms": {
    "mean": 0.244708,
    "variance": 0.000039
  },
  "delta_t_10ms": {
    "mean": 0.243934,
    "variance": 0.000031
  },
  "delta_t_1ms": {
    "mean": 0.249817,
    "variance": 0.000000
  },
  "timestamp_ms": 3844623,
  "sample_count": 780894,
  "timestamp_iso": "3844s"
}