{
  "delta_t_100ms": {
    "mean": 0.237777,
    "variance": 0.000062
  },
  "delta_t_10ms": {
    "mean": 0.237729,
    "variance": 0.000050
  },
  "delta_t_1ms": {
    "mean": 0.228059,
    "variance": 0.000000
  },
  "timestamp_ms": 9675897,
  "sample_count": 7794006,
  "timestamp_iso": "9675s"
}