{
  "delta_t_100ms": {
    "mean": 0.238599,
    "variance": 0.000042
  },
  "delta_t_10ms": {
    "mean": 0.238293,
    "variance": 0.000041
  },
  "delta_t_1ms": {
    "mean": 0.244176,
    "variance": 0.000000
  },
  "timestamp_ms": 22031936,
  "sample_count": 17811244,
  "timestamp_iso": "22031s"
}