{
  "delta_t_100ms": {
    "mean": 0.238704,
    "variance": 0.000046
  },
  "delta_t_10ms": {
    "mean": 0.238374,
    "variance": 0.000052
  },
  "delta_t_1ms": {
    "mean": 0.244176,
    "variance": 0.000000
  },
  "timestamp_ms": 23524938,
  "sample_count": 19023915,
  "timestamp_iso": "23524s"
}