{
  "delta_t_100ms": {
    "mean": 0.244691,
    "variance": 0.000041
  },
  "delta_t_10ms": {
    "mean": 0.243612,
    "variance": 0.000031
  },
  "delta_t_1ms": {
    "mean": 0.237729,
    "variance": 0.000000
  },
  "timestamp_ms": 3364271,
  "sample_count": 685925,
  "timestamp_iso": "3364s"
}