{
  "delta_t_100ms": {
    "mean": 0.239341,
    "variance": 0.000045
  },
  "delta_t_10ms": {
    "mean": 0.239582,
    "variance": 0.000031
  },
  "delta_t_1ms": {
    "mean": 0.231282,
    "variance": 0.000000
  },
  "timestamp_ms": 28086113,
  "sample_count": 22661669,
  "timestamp_iso": "28086s"
}