{
  "delta_t_100ms": {
    "mean": 0.244587,
    "variance": 0.000042
  },
  "delta_t_10ms": {
    "mean": 0.243692,
    "variance": 0.000031
  },
  "delta_t_1ms": {
    "mean": 0.240952,
    "variance": 0.000000
  },
  "timestamp_ms": 7749894,
  "sample_count": 1475504,
  "timestamp_iso": "7749s"
}