{
  "delta_t_100ms": {
    "mean": 0.244893,
    "variance": 0.000041
  },
  "delta_t_10ms": {
    "mean": 0.245868,
    "variance": 0.000046
  },
  "delta_t_1ms": {
    "mean": 0.235311,
    "variance": 0.000000
  },
  "timestamp_ms": 2692865,
  "sample_count": 556595,
  "timestamp_iso": "2692s"
}