{
  "delta_t_100ms": {
    "mean": 0.245127,
    "variance": 0.000040
  },
  "delta_t_10ms": {
    "mean": 0.246996,
    "variance": 0.000043
  },
  "delta_t_1ms": {
    "mean": 0.243370,
    "variance": 0.000000
  },
  "timestamp_ms": 6145813,
  "sample_count": 1187940,
  "timestamp_iso": "6145s"
}