{
  "timestamp": "2025-12-01T09:31:32Z",
  "timestamp_ms": 34292718,
  "cycle": 16,
  "phase": 0,
  "phase_name": "LED OFF",
  "ssid": "Girod-House-of-Big-Nuts",
  "ip": "192.168.1.91",
  "rssi": -63,
  "samples": 19425144,
  "runtime": 34294,
  "mean100": 0.114094,
  "var100": 0.00050691,
  "mean10": 0.120476,
  "var10": 0.00052982,
  "mean1": 0.137802,
  "githubStatus": "HOST_POSTS",
  "githubCode": 0,
  "lastSuccess": 0,
  "baseline": {
    "passed": true,
    "mean": 0.112132,
    "variance": 0.00050187,
    "min": 0.050769,
    "max": 0.147473
  },
  "hardware": {
    "passed": true,
    "dark": 0.124953,
    "light": 0.411741,
    "fifty": 0.268874
  }
}