{
  "delta_t_100ms": {
    "mean": 0.237503,
    "variance": 0.000042
  },
  "delta_t_10ms": {
    "mean": 0.237407,
    "variance": 0.000046
  },
  "delta_t_1ms": {
    "mean": 0.230476,
    "variance": 0.000000
  },
  "timestamp_ms": 2021559,
  "sample_count": 1633024,
  "timestamp_iso": "2021s"
}