{
  "timestamp": "2025-12-01T04:09:54Z",
  "timestamp_ms": 14994375,
  "cycle": 7,
  "phase": 0,
  "phase_name": "LED OFF",
  "ssid": "Girod-House-of-Big-Nuts",
  "ip": "192.168.1.91",
  "rssi": -66,
  "samples": 8683577,
  "runtime": 14994,
  "mean100": 0.108195,
  "var100": 0.00058844,
  "mean10": 0.121363,
  "var10": 0.00030083,
  "mean1": 0.119267,
  "githubStatus": "HOST_POSTS",
  "githubCode": 0,
  "lastSuccess": 0,
  "baseline": {
    "passed": true,
    "mean": 0.106752,
    "variance": 0.00058906,
    "min": 0.050769,
    "max": 0.144249
  },
  "hardware": {
    "passed": true,
    "dark": 0.119801,
    "light": 0.409588,
    "fifty": 0.268874
  }
}