{
  "timestamp": "2025-12-01T06:55:53Z",
  "timestamp_ms": 24953985,
  "cycle": 11,
  "phase": 5,
  "phase_name": "20 kHz",
  "ssid": "Girod-House-of-Big-Nuts",
  "ip": "192.168.1.91",
  "rssi": -64,
  "samples": 14439840,
  "runtime": 24953,
  "mean100": 0.112925,
  "var100": 0.00050784,
  "mean10": 0.128374,
  "var10": 0.00017639,
  "mean1": 0.102344,
  "githubStatus": "HOST_POSTS",
  "githubCode": 0,
  "lastSuccess": 0,
  "baseline": {
    "passed": true,
    "mean": 0.110769,
    "variance": 0.0005124,
    "min": 0.061245,
    "max": 0.147473
  },
  "hardware": {
    "passed": true,
    "dark": 0.123658,
    "light": 0.411655,
    "fifty": 0.268874
  }
}