{
  "delta_t_100ms": {
    "mean": 0.238398,
    "variance": 0.000049
  },
  "delta_t_10ms": {
    "mean": 0.237326,
    "variance": 0.000044
  },
  "delta_t_1ms": {
    "mean": 0.244176,
    "variance": 0.000000
  },
  "timestamp_ms": 22744137,
  "sample_count": 18391239,
  "timestamp_iso": "22744s"
}