{
  "delta_t_100ms": {
    "mean": 0.237350,
    "variance": 0.000043
  },
  "delta_t_10ms": {
    "mean": 0.236923,
    "variance": 0.000045
  },
  "delta_t_1ms": {
    "mean": 0.243370,
    "variance": 0.000000
  },
  "timestamp_ms": 3917596,
  "sample_count": 3162060,
  "timestamp_iso": "3917s"
}