{
  "delta_t_100ms": {
    "mean": 0.237793,
    "variance": 0.000039
  },
  "delta_t_10ms": {
    "mean": 0.238132,
    "variance": 0.000041
  },
  "delta_t_1ms": {
    "mean": 0.244176,
    "variance": 0.000000
  },
  "timestamp_ms": 12532032,
  "sample_count": 10113825,
  "timestamp_iso": "12532s"
}