{
  "delta_t_100ms": {
    "mean": 0.237745,
    "variance": 0.000044
  },
  "delta_t_10ms": {
    "mean": 0.237648,
    "variance": 0.000047
  },
  "delta_t_1ms": {
    "mean": 0.228059,
    "variance": 0.000000
  },
  "timestamp_ms": 12727844,
  "sample_count": 10271986,
  "timestamp_iso": "12727s"
}