{
  "delta_t_100ms": {
    "mean": 0.238164,
    "variance": 0.000046
  },
  "delta_t_10ms": {
    "mean": 0.238535,
    "variance": 0.000046
  },
  "delta_t_1ms": {
    "mean": 0.242564,
    "variance": 0.000000
  },
  "timestamp_ms": 20863947,
  "sample_count": 16862247,
  "timestamp_iso": "20863s"
}