{
  "delta_t_100ms": {
    "mean": 0.244917,
    "variance": 0.000044
  },
  "delta_t_10ms": {
    "mean": 0.245385,
    "variance": 0.000043
  },
  "delta_t_1ms": {
    "mean": 0.250623,
    "variance": 0.000000
  },
  "timestamp_ms": 5273226,
  "sample_count": 1047001,
  "timestamp_iso": "5273s"
}