{
  "delta_t_100ms": {
    "mean": 0.238236,
    "variance": 0.000047
  },
  "delta_t_10ms": {
    "mean": 0.237326,
    "variance": 0.000044
  },
  "delta_t_1ms": {
    "mean": 0.243370,
    "variance": 0.000000
  },
  "timestamp_ms": 22812169,
  "sample_count": 18443980,
  "timestamp_iso": "22812s"
}