{
  "delta_t_100ms": {
    "mean": 0.238269,
    "variance": 0.000042
  },
  "delta_t_10ms": {
    "mean": 0.238293,
    "variance": 0.000038
  },
  "delta_t_1ms": {
    "mean": 0.244176,
    "variance": 0.000000
  },
  "timestamp_ms": 13054059,
  "sample_count": 10535533,
  "timestamp_iso": "13054s"
}