{
  "timestamp": "2025-12-01T13:12:14Z",
  "timestamp_ms": 47534710,
  "cycle": 22,
  "phase": 2,
  "phase_name": "100 Hz",
  "ssid": "Girod-House-of-Big-Nuts",
  "ip": "192.168.1.91",
  "rssi": -62,
  "samples": 26650526,
  "runtime": 47536,
  "mean100": 0.114392,
  "var100": 0.00048736,
  "mean10": 0.122733,
  "var10": 0.00047823,
  "mean1": 0.134579,
  "githubStatus": "HOST_POSTS",
  "githubCode": 0,
  "lastSuccess": 0,
  "baseline": {
    "passed": true,
    "mean": 0.113539,
    "variance": 0.00048667,
    "min": 0.050769,
    "max": 0.147473
  },
  "hardware": {
    "passed": true,
    "dark": 0.125839,
    "light": 0.411774,
    "fifty": 0.268874
  }
}