{
  "delta_t_100ms": {
    "mean": 0.239010,
    "variance": 0.000044
  },
  "delta_t_10ms": {
    "mean": 0.239663,
    "variance": 0.000047
  },
  "delta_t_1ms": {
    "mean": 0.247399,
    "variance": 0.000000
  },
  "timestamp_ms": 25023247,
  "sample_count": 20236500,
  "timestamp_iso": "25023s"
}