{
  "delta_t_100ms": {
    "mean": 0.237318,
    "variance": 0.000040
  },
  "delta_t_10ms": {
    "mean": 0.238212,
    "variance": 0.000036
  },
  "delta_t_1ms": {
    "mean": 0.231282,
    "variance": 0.000000
  },
  "timestamp_ms": 2483396,
  "sample_count": 2002113,
  "timestamp_iso": "2483s"
}