{
  "delta_t_100ms": {
    "mean": 0.237914,
    "variance": 0.000042
  },
  "delta_t_10ms": {
    "mean": 0.236278,
    "variance": 0.000046
  },
  "delta_t_1ms": {
    "mean": 0.231282,
    "variance": 0.000000
  },
  "timestamp_ms": 9283528,
  "sample_count": 7477683,
  "timestamp_iso": "9283s"
}