{
  "delta_t_100ms": {
    "mean": 0.237616,
    "variance": 0.000044
  },
  "delta_t_10ms": {
    "mean": 0.237165,
    "variance": 0.000035
  },
  "delta_t_1ms": {
    "mean": 0.244176,
    "variance": 0.000000
  },
  "timestamp_ms": 18328618,
  "sample_count": 14806033,
  "timestamp_iso": "18328s"
}