{
  "delta_t_100ms": {
    "mean": 0.239381,
    "variance": 0.000042
  },
  "delta_t_10ms": {
    "mean": 0.238857,
    "variance": 0.000045
  },
  "delta_t_1ms": {
    "mean": 0.236117,
    "variance": 0.000000
  },
  "timestamp_ms": 28490591,
  "sample_count": 22978000,
  "timestamp_iso": "28490s"
}