{
  "delta_t_100ms": {
    "mean": 0.244667,
    "variance": 0.000040
  },
  "delta_t_10ms": {
    "mean": 0.245546,
    "variance": 0.000038
  },
  "delta_t_1ms": {
    "mean": 0.249817,
    "variance": 0.000000
  },
  "timestamp_ms": 5681836,
  "sample_count": 1082625,
  "timestamp_iso": "5681s"
}