{
  "delta_t_100ms": {
    "mean": 0.244224,
    "variance": 0.000041
  },
  "delta_t_10ms": {
    "mean": 0.243128,
    "variance": 0.000038
  },
  "delta_t_1ms": {
    "mean": 0.243370,
    "variance": 0.000000
  },
  "timestamp_ms": 2075833,
  "sample_count": 435501,
  "timestamp_iso": "2075s"
}