{
  "delta_t_100ms": {
    "mean": 0.239139,
    "variance": 0.000045
  },
  "delta_t_10ms": {
    "mean": 0.239502,
    "variance": 0.000037
  },
  "delta_t_1ms": {
    "mean": 0.247399,
    "variance": 0.000000
  },
  "timestamp_ms": 32724550,
  "sample_count": 26352248,
  "timestamp_iso": "32724s"
}