{
  "delta_t_100ms": {
    "mean": 0.244442,
    "variance": 0.000043
  },
  "delta_t_10ms": {
    "mean": 0.242967,
    "variance": 0.000050
  },
  "delta_t_1ms": {
    "mean": 0.250623,
    "variance": 0.000000
  },
  "timestamp_ms": 6481025,
  "sample_count": 1235925,
  "timestamp_iso": "6481s"
}