{
  "timestamp": "2025-12-01T00:39:16Z",
  "timestamp_ms": 2356488,
  "cycle": 1,
  "phase": 0,
  "phase_name": "LED OFF",
  "ssid": "Girod-House-of-Big-Nuts",
  "ip": "192.168.1.91",
  "rssi": -61,
  "samples": 1123334,
  "runtime": 2356,
  "mean100": 0.102925,
  "var100": 0.00067062,
  "mean10": 0.09767,
  "var10": 0.00067835,
  "mean1": 0.068498,
  "githubStatus": "HOST_POSTS",
  "githubCode": 0,
  "lastSuccess": 0,
  "baseline": {
    "passed": true,
    "mean": 0.103504,
    "variance": 0.00064777,
    "min": 0.049963,
    "max": 0.145055
  },
  "hardware": {
    "passed": true,
    "dark": 0.116926,
    "light": 0.411766,
    "fifty": 0.265363
  }
}