{
  "delta_t_100ms": {
    "mean": 0.237535,
    "variance": 0.000040
  },
  "delta_t_10ms": {
    "mean": 0.234989,
    "variance": 0.000034
  },
  "delta_t_1ms": {
    "mean": 0.228864,
    "variance": 0.000000
  },
  "timestamp_ms": 7075445,
  "sample_count": 5685000,
  "timestamp_iso": "7075s"
}