{
  "timestamp": "2025-12-01T02:45:31Z",
  "timestamp_ms": 9931578,
  "cycle": 4,
  "phase": 4,
  "phase_name": "10 kHz",
  "ssid": "Girod-House-of-Big-Nuts",
  "ip": "192.168.1.91",
  "rssi": -62,
  "samples": 4935382,
  "runtime": 9931,
  "mean100": 0.105664,
  "var100": 0.00066311,
  "mean10": 0.12378,
  "var10": 0.00018329,
  "mean1": 0.100733,
  "githubStatus": "HOST_POSTS",
  "githubCode": 0,
  "lastSuccess": 0,
  "baseline": {
    "passed": true,
    "mean": 0.106339,
    "variance": 0.0006255,
    "min": 0.044322,
    "max": 0.143443
  },
  "hardware": {
    "passed": true,
    "dark": 0.119459,
    "light": 0.411527,
    "fifty": 0.265363
  }
}