{
  "timestamp": "2025-12-01T00:48:53Z",
  "timestamp_ms": 2933750,
  "cycle": 1,
  "phase": 2,
  "phase_name": "100 Hz",
  "ssid": "Girod-House-of-Big-Nuts",
  "ip": "192.168.1.91",
  "rssi": -66,
  "samples": 1750128,
  "runtime": 2933,
  "mean100": 0.112563,
  "var100": 0.00057682,
  "mean10": 0.097509,
  "var10": 0.00036718,
  "mean1": 0.133773,
  "githubStatus": "HOST_POSTS",
  "githubCode": 0,
  "lastSuccess": 0,
  "baseline": {
    "passed": true,
    "mean": 0.111493,
    "variance": 0.00059052,
    "min": 0.050769,
    "max": 0.147473
  },
  "hardware": {
    "passed": true,
    "dark": 0.124845,
    "light": 0.411786,
    "fifty": 0.268874
  }
}