{
  "delta_t_100ms": {
    "mean": 0.238599,
    "variance": 0.000057
  },
  "delta_t_10ms": {
    "mean": 0.237971,
    "variance": 0.000042
  },
  "delta_t_1ms": {
    "mean": 0.231282,
    "variance": 0.000000
  },
  "timestamp_ms": 20540232,
  "sample_count": 16598612,
  "timestamp_iso": "20540s"
}