{
  "delta_t_100ms": {
    "mean": 0.238237,
    "variance": 0.000047
  },
  "delta_t_10ms": {
    "mean": 0.236601,
    "variance": 0.000053
  },
  "delta_t_1ms": {
    "mean": 0.231282,
    "variance": 0.000000
  },
  "timestamp_ms": 30180621,
  "sample_count": 24348796,
  "timestamp_iso": "30180s"
}