{
  "timestamp": "2025-12-01T06:52:31Z",
  "timestamp_ms": 24751663,
  "cycle": 11,
  "phase": 4,
  "phase_name": "10 kHz",
  "ssid": "Girod-House-of-Big-Nuts",
  "ip": "192.168.1.91",
  "rssi": -64,
  "samples": 14335160,
  "runtime": 24751,
  "mean100": 0.110895,
  "var100": 0.00052475,
  "mean10": 0.101136,
  "var10": 0.00038085,
  "mean1": 0.095092,
  "githubStatus": "HOST_POSTS",
  "githubCode": 0,
  "lastSuccess": 0,
  "baseline": {
    "passed": true,
    "mean": 0.110769,
    "variance": 0.0005124,
    "min": 0.061245,
    "max": 0.147473
  },
  "hardware": {
    "passed": true,
    "dark": 0.123658,
    "light": 0.411655,
    "fifty": 0.268874
  }
}