{
  "timestamp": "2025-12-01T00:02:45Z",
  "timestamp_ms": 165776,
  "cycle": 0,
  "phase": 0,
  "phase_name": "LED OFF",
  "ssid": "Girod-House-of-Big-Nuts",
  "ip": "192.168.1.91",
  "rssi": -62,
  "samples": 89734,
  "runtime": 165,
  "mean100": 0.114722,
  "var100": 0.0001292,
  "mean10": 0.108388,
  "var10": 0.00010654,
  "mean1": 0.132161,
  "githubStatus": "HOST_POSTS",
  "githubCode": 0,
  "lastSuccess": 0,
  "baseline": {
    "passed": true,
    "mean": 0.114935,
    "variance": 0.00012742,
    "min": 0.076557,
    "max": 0.137802
  },
  "hardware": {
    "passed": true,
    "dark": 0.125239,
    "light": 0.411652,
    "fifty": 0.268185
  }
}