{
  "delta_t_100ms": {
    "mean": 0.245239,
    "variance": 0.000043
  },
  "delta_t_10ms": {
    "mean": 0.245546,
    "variance": 0.000033
  },
  "delta_t_1ms": {
    "mean": 0.244176,
    "variance": 0.000000
  },
  "timestamp_ms": 5476471,
  "sample_count": 1062657,
  "timestamp_iso": "5476s"
}