{
  "timestamp": "2025-12-01T08:15:48Z",
  "timestamp_ms": 29748062,
  "cycle": 13,
  "phase": 6,
  "phase_name": "LIVE TRT",
  "ssid": "Girod-House-of-Big-Nuts",
  "ip": "192.168.1.91",
  "rssi": -64,
  "samples": 17131023,
  "runtime": 29748,
  "mean100": 0.411771,
  "var100": 2e-08,
  "mean10": 0.411714,
  "var10": 6e-08,
  "mean1": 0.410989,
  "githubStatus": "HOST_POSTS",
  "githubCode": 0,
  "lastSuccess": 0,
  "baseline": {
    "passed": true,
    "mean": 0.112683,
    "variance": 0.00048936,
    "min": 0.050769,
    "max": 0.151502
  },
  "hardware": {
    "passed": true,
    "dark": 0.125332,
    "light": 0.41176,
    "fifty": 0.268874
  }
}