{
  "delta_t_100ms": {
    "mean": 0.238793,
    "variance": 0.000043
  },
  "delta_t_10ms": {
    "mean": 0.238615,
    "variance": 0.000034
  },
  "delta_t_1ms": {
    "mean": 0.244176,
    "variance": 0.000000
  },
  "timestamp_ms": 20277849,
  "sample_count": 16387739,
  "timestamp_iso": "20277s"
}