{
  "delta_t_100ms": {
    "mean": 0.237801,
    "variance": 0.000042
  },
  "delta_t_10ms": {
    "mean": 0.237407,
    "variance": 0.000040
  },
  "delta_t_1ms": {
    "mean": 0.231282,
    "variance": 0.000000
  },
  "timestamp_ms": 18393328,
  "sample_count": 14858771,
  "timestamp_iso": "18393s"
}