{
  "timestamp": "2025-12-01T04:06:31Z",
  "timestamp_ms": 14791672,
  "cycle": 6,
  "phase": 6,
  "phase_name": "LIVE TRT",
  "ssid": "Girod-House-of-Big-Nuts",
  "ip": "192.168.1.91",
  "rssi": -66,
  "samples": 8589965,
  "runtime": 14791,
  "mean100": 0.409837,
  "var100": 1.91e-06,
  "mean10": 0.410505,
  "var10": 9.4e-07,
  "mean1": 0.411795,
  "githubStatus": "HOST_POSTS",
  "githubCode": 0,
  "lastSuccess": 0,
  "baseline": {
    "passed": true,
    "mean": 0.107338,
    "variance": 0.0005845,
    "min": 0.047546,
    "max": 0.142637
  },
  "hardware": {
    "passed": true,
    "dark": 0.120569,
    "light": 0.41016,
    "fifty": 0.268874
  }
}