{
  "timestamp": "2025-12-01T02:08:42Z",
  "timestamp_ms": 7722288,
  "cycle": 3,
  "phase": 4,
  "phase_name": "10 kHz",
  "ssid": "Girod-House-of-Big-Nuts",
  "ip": "192.168.1.91",
  "rssi": -66,
  "samples": 4183364,
  "runtime": 7722,
  "mean100": 0.112877,
  "var100": 0.00024996,
  "mean10": 0.111934,
  "var10": 0.00025839,
  "mean1": 0.09348,
  "githubStatus": "HOST_POSTS",
  "githubCode": 0,
  "lastSuccess": 0,
  "baseline": {
    "passed": true,
    "mean": 0.113133,
    "variance": 0.00024655,
    "min": 0.063663,
    "max": 0.138608
  },
  "hardware": {
    "passed": true,
    "dark": 0.123478,
    "light": 0.411774,
    "fifty": 0.268553
  }
}