{
  "timestamp": "2025-12-01T04:45:58Z",
  "timestamp_ms": 17158143,
  "cycle": 8,
  "phase": 0,
  "phase_name": "LED OFF",
  "ssid": "Girod-House-of-Big-Nuts",
  "ip": "192.168.1.91",
  "rssi": -66,
  "samples": 9949927,
  "runtime": 17158,
  "mean100": 0.1078,
  "var100": 0.00059555,
  "mean10": 0.105487,
  "var10": 0.00076208,
  "mean1": 0.137802,
  "githubStatus": "HOST_POSTS",
  "githubCode": 0,
  "lastSuccess": 0,
  "baseline": {
    "passed": true,
    "mean": 0.106293,
    "variance": 0.00059681,
    "min": 0.06044,
    "max": 0.144249
  },
  "hardware": {
    "passed": true,
    "dark": 0.119522,
    "light": 0.409302,
    "fifty": 0.268874
  }
}