{
  "delta_t_100ms": {
    "mean": 0.238607,
    "variance": 0.000045
  },
  "delta_t_10ms": {
    "mean": 0.238857,
    "variance": 0.000041
  },
  "delta_t_1ms": {
    "mean": 0.240952,
    "variance": 0.000000
  },
  "timestamp_ms": 21771982,
  "sample_count": 17600362,
  "timestamp_iso": "21771s"
}