{
  "timestamp": "2025-12-01T10:43:04Z",
  "timestamp_ms": 38584432,
  "cycle": 18,
  "phase": 0,
  "phase_name": "LED OFF",
  "ssid": "Girod-House-of-Big-Nuts",
  "ip": "192.168.1.91",
  "rssi": -64,
  "samples": 21738020,
  "runtime": 38584,
  "mean100": 0.112039,
  "var100": 0.00051156,
  "mean10": 0.112498,
  "var10": 0.00057138,
  "mean1": 0.076557,
  "githubStatus": "HOST_POSTS",
  "githubCode": 0,
  "lastSuccess": 0,
  "baseline": {
    "passed": true,
    "mean": 0.111408,
    "variance": 0.00050068,
    "min": 0.050769,
    "max": 0.146667
  },
  "hardware": {
    "passed": true,
    "dark": 0.123962,
    "light": 0.411673,
    "fifty": 0.268874
  }
}