{
  "delta_t_100ms": {
    "mean": 0.238470,
    "variance": 0.000045
  },
  "delta_t_10ms": {
    "mean": 0.237890,
    "variance": 0.000039
  },
  "delta_t_1ms": {
    "mean": 0.229670,
    "variance": 0.000000
  },
  "timestamp_ms": 24178494,
  "sample_count": 19551113,
  "timestamp_iso": "24178s"
}