{
  "delta_t_100ms": {
    "mean": 0.237358,
    "variance": 0.000047
  },
  "delta_t_10ms": {
    "mean": 0.237487,
    "variance": 0.000046
  },
  "delta_t_1ms": {
    "mean": 0.240952,
    "variance": 0.000000
  },
  "timestamp_ms": 16379240,
  "sample_count": 13224411,
  "timestamp_iso": "16379s"
}