{
  "delta_t_100ms": {
    "mean": 0.239228,
    "variance": 0.000081
  },
  "delta_t_10ms": {
    "mean": 0.239502,
    "variance": 0.000030
  },
  "delta_t_1ms": {
    "mean": 0.243370,
    "variance": 0.000000
  },
  "timestamp_ms": 31426939,
  "sample_count": 25297783,
  "timestamp_iso": "31426s"
}