{
  "delta_t_100ms": {
    "mean": 0.237406,
    "variance": 0.000040
  },
  "delta_t_10ms": {
    "mean": 0.237004,
    "variance": 0.000044
  },
  "delta_t_1ms": {
    "mean": 0.244176,
    "variance": 0.000000
  },
  "timestamp_ms": 4433866,
  "sample_count": 3583876,
  "timestamp_iso": "4433s"
}