{
  "delta_t_100ms": {
    "mean": 0.238212,
    "variance": 0.000040
  },
  "delta_t_10ms": {
    "mean": 0.238777,
    "variance": 0.000038
  },
  "delta_t_1ms": {
    "mean": 0.235311,
    "variance": 0.000000
  },
  "timestamp_ms": 15206148,
  "sample_count": 12275412,
  "timestamp_iso": "15206s"
}