{
  "delta_t_100ms": {
    "mean": 0.238414,
    "variance": 0.000046
  },
  "delta_t_10ms": {
    "mean": 0.237810,
    "variance": 0.000045
  },
  "delta_t_1ms": {
    "mean": 0.231282,
    "variance": 0.000000
  },
  "timestamp_ms": 30379567,
  "sample_count": 24506986,
  "timestamp_iso": "30379s"
}