{
  "delta_t_100ms": {
    "mean": 0.237938,
    "variance": 0.000043
  },
  "delta_t_10ms": {
    "mean": 0.238293,
    "variance": 0.000048
  },
  "delta_t_1ms": {
    "mean": 0.231282,
    "variance": 0.000000
  },
  "timestamp_ms": 10911976,
  "sample_count": 8795798,
  "timestamp_iso": "10911s"
}