{
  "delta_t_100ms": {
    "mean": 0.237890,
    "variance": 0.000044
  },
  "delta_t_10ms": {
    "mean": 0.238696,
    "variance": 0.000056
  },
  "delta_t_1ms": {
    "mean": 0.248205,
    "variance": 0.000000
  },
  "timestamp_ms": 14487850,
  "sample_count": 11695483,
  "timestamp_iso": "14487s"
}