{
  "delta_t_100ms": {
    "mean": 0.237084,
    "variance": 0.000042
  },
  "delta_t_10ms": {
    "mean": 0.236842,
    "variance": 0.000040
  },
  "delta_t_1ms": {
    "mean": 0.228059,
    "variance": 0.000000
  },
  "timestamp_ms": 3265085,
  "sample_count": 2634833,
  "timestamp_iso": "3265s"
}