{
  "timestamp": "2025-12-01T05:28:31Z",
  "timestamp_ms": 19711653,
  "cycle": 9,
  "phase": 1,
  "phase_name": "LED ON",
  "ssid": "Girod-House-of-Big-Nuts",
  "ip": "192.168.1.91",
  "rssi": -64,
  "samples": 11465709,
  "runtime": 19711,
  "mean100": 0.410506,
  "var100": 1.61e-06,
  "mean10": 0.410022,
  "var10": 2.05e-06,
  "mean1": 0.410989,
  "githubStatus": "HOST_POSTS",
  "githubCode": 0,
  "lastSuccess": 0,
  "baseline": {
    "passed": true,
    "mean": 0.107043,
    "variance": 0.00053188,
    "min": 0.050769,
    "max": 0.146667
  },
  "hardware": {
    "passed": true,
    "dark": 0.120149,
    "light": 0.409365,
    "fifty": 0.268874
  }
}