{
  "delta_t_100ms": {
    "mean": 0.239292,
    "variance": 0.000046
  },
  "delta_t_10ms": {
    "mean": 0.239341,
    "variance": 0.000059
  },
  "delta_t_1ms": {
    "mean": 0.236923,
    "variance": 0.000000
  },
  "timestamp_ms": 27291887,
  "sample_count": 22029000,
  "timestamp_iso": "27291s"
}