{
  "delta_t_100ms": {
    "mean": 0.238027,
    "variance": 0.000041
  },
  "delta_t_10ms": {
    "mean": 0.237407,
    "variance": 0.000041
  },
  "delta_t_1ms": {
    "mean": 0.242564,
    "variance": 0.000000
  },
  "timestamp_ms": 8570954,
  "sample_count": 6897692,
  "timestamp_iso": "8570s"
}