{
  "delta_t_100ms": {
    "mean": 0.238591,
    "variance": 0.000045
  },
  "delta_t_10ms": {
    "mean": 0.236923,
    "variance": 0.000043
  },
  "delta_t_1ms": {
    "mean": 0.237729,
    "variance": 0.000000
  },
  "timestamp_ms": 32268437,
  "sample_count": 25983175,
  "timestamp_iso": "32268s"
}