{
  "delta_t_100ms": {
    "mean": 0.238486,
    "variance": 0.000041
  },
  "delta_t_10ms": {
    "mean": 0.238857,
    "variance": 0.000045
  },
  "delta_t_1ms": {
    "mean": 0.231282,
    "variance": 0.000000
  },
  "timestamp_ms": 22161332,
  "sample_count": 17916679,
  "timestamp_iso": "22161s"
}