{
  "delta_t_100ms": {
    "mean": 0.236867,
    "variance": 0.000041
  },
  "delta_t_10ms": {
    "mean": 0.237810,
    "variance": 0.000040
  },
  "delta_t_1ms": {
    "mean": 0.231282,
    "variance": 0.000000
  },
  "timestamp_ms": 3504706,
  "sample_count": 2784999,
  "timestamp_iso": "3504s"
}