{
  "timestamp": "2025-12-01T10:06:46Z",
  "timestamp_ms": 36406510,
  "cycle": 17,
  "phase": 0,
  "phase_name": "LED OFF",
  "ssid": "Girod-House-of-Big-Nuts",
  "ip": "192.168.1.91",
  "rssi": -64,
  "samples": 20508552,
  "runtime": 36406,
  "mean100": 0.113022,
  "var100": 0.00048821,
  "mean10": 0.10581,
  "var10": 0.00054759,
  "mean1": 0.142637,
  "githubStatus": "HOST_POSTS",
  "githubCode": 0,
  "lastSuccess": 0,
  "baseline": {
    "passed": true,
    "mean": 0.111785,
    "variance": 0.00049288,
    "min": 0.050769,
    "max": 0.147473
  },
  "hardware": {
    "passed": true,
    "dark": 0.124655,
    "light": 0.411699,
    "fifty": 0.268874
  }
}