{
  "delta_t_100ms": {
    "mean": 0.239083,
    "variance": 0.000044
  },
  "delta_t_10ms": {
    "mean": 0.238374,
    "variance": 0.000032
  },
  "delta_t_1ms": {
    "mean": 0.236923,
    "variance": 0.000000
  },
  "timestamp_ms": 35566749,
  "sample_count": 28619299,
  "timestamp_iso": "35566s"
}