{
  "delta_t_100ms": {
    "mean": 0.238639,
    "variance": 0.000045
  },
  "delta_t_10ms": {
    "mean": 0.237971,
    "variance": 0.000031
  },
  "delta_t_1ms": {
    "mean": 0.244176,
    "variance": 0.000000
  },
  "timestamp_ms": 24112210,
  "sample_count": 19498423,
  "timestamp_iso": "24112s"
}