{
  "delta_t_100ms": {
    "mean": 0.244675,
    "variance": 0.000044
  },
  "delta_t_10ms": {
    "mean": 0.243370,
    "variance": 0.000050
  },
  "delta_t_1ms": {
    "mean": 0.253846,
    "variance": 0.000000
  },
  "timestamp_ms": 3984156,
  "sample_count": 801035,
  "timestamp_iso": "3984s"
}