{
  "delta_t_100ms": {
    "mean": 0.238309,
    "variance": 0.000048
  },
  "delta_t_10ms": {
    "mean": 0.237568,
    "variance": 0.000042
  },
  "delta_t_1ms": {
    "mean": 0.230476,
    "variance": 0.000000
  },
  "timestamp_ms": 25757083,
  "sample_count": 20816480,
  "timestamp_iso": "25757s"
}