{
  "delta_t_100ms": {
    "mean": 0.237205,
    "variance": 0.000041
  },
  "delta_t_10ms": {
    "mean": 0.237487,
    "variance": 0.000038
  },
  "delta_t_1ms": {
    "mean": 0.240952,
    "variance": 0.000000
  },
  "timestamp_ms": 3199345,
  "sample_count": 2582083,
  "timestamp_iso": "3199s"
}