{
  "delta_t_100ms": {
    "mean": 0.237278,
    "variance": 0.000043
  },
  "delta_t_10ms": {
    "mean": 0.237004,
    "variance": 0.000041
  },
  "delta_t_1ms": {
    "mean": 0.244176,
    "variance": 0.000000
  },
  "timestamp_ms": 4412476,
  "sample_count": 3523131,
  "timestamp_iso": "4412s"
}