{
  "timestamp": "2025-12-01T02:32:37Z",
  "timestamp_ms": 9157736,
  "cycle": 4,
  "phase": 1,
  "phase_name": "LED ON",
  "ssid": "Girod-House-of-Big-Nuts",
  "ip": "192.168.1.91",
  "rssi": -64,
  "samples": 4497747,
  "runtime": 9157,
  "mean100": 0.411336,
  "var100": 5.7e-07,
  "mean10": 0.411311,
  "var10": 4.2e-07,
  "mean1": 0.411795,
  "githubStatus": "HOST_POSTS",
  "githubCode": 0,
  "lastSuccess": 0,
  "baseline": {
    "passed": true,
    "mean": 0.106339,
    "variance": 0.0006255,
    "min": 0.044322,
    "max": 0.143443
  },
  "hardware": {
    "passed": true,
    "dark": 0.119459,
    "light": 0.411527,
    "fifty": 0.265363
  }
}