{
  "delta_t_100ms": {
    "mean": 0.236528,
    "variance": 0.000040
  },
  "delta_t_10ms": {
    "mean": 0.236520,
    "variance": 0.000037
  },
  "delta_t_1ms": {
    "mean": 0.231282,
    "variance": 0.000000
  },
  "timestamp_ms": 6361724,
  "sample_count": 5105001,
  "timestamp_iso": "6361s"
}