{
  "delta_t_100ms": {
    "mean": 0.237729,
    "variance": 0.000044
  },
  "delta_t_10ms": {
    "mean": 0.238696,
    "variance": 0.000041
  },
  "delta_t_1ms": {
    "mean": 0.231282,
    "variance": 0.000000
  },
  "timestamp_ms": 8441671,
  "sample_count": 6792250,
  "timestamp_iso": "8441s"
}