{
  "delta_t_100ms": {
    "mean": 0.237721,
    "variance": 0.000040
  },
  "delta_t_10ms": {
    "mean": 0.236359,
    "variance": 0.000035
  },
  "delta_t_1ms": {
    "mean": 0.231282,
    "variance": 0.000000
  },
  "timestamp_ms": 2224608,
  "sample_count": 1791240,
  "timestamp_iso": "2224s"
}