{
  "delta_t_100ms": {
    "mean": 0.238212,
    "variance": 0.000044
  },
  "delta_t_10ms": {
    "mean": 0.238454,
    "variance": 0.000044
  },
  "delta_t_1ms": {
    "mean": 0.248205,
    "variance": 0.000000
  },
  "timestamp_ms": 18786007,
  "sample_count": 15175125,
  "timestamp_iso": "18786s"
}