{
  "delta_t_100ms": {
    "mean": 0.239292,
    "variance": 0.000045
  },
  "delta_t_10ms": {
    "mean": 0.239744,
    "variance": 0.000041
  },
  "delta_t_1ms": {
    "mean": 0.237729,
    "variance": 0.000000
  },
  "timestamp_ms": 28021302,
  "sample_count": 22608979,
  "timestamp_iso": "28021s"
}