{
  "delta_t_100ms": {
    "mean": 0.238817,
    "variance": 0.000051
  },
  "delta_t_10ms": {
    "mean": 0.238938,
    "variance": 0.000043
  },
  "delta_t_1ms": {
    "mean": 0.236923,
    "variance": 0.000000
  },
  "timestamp_ms": 29468825,
  "sample_count": 23768838,
  "timestamp_iso": "29468s"
}