{
  "delta_t_100ms": {
    "mean": 0.237406,
    "variance": 0.000040
  },
  "delta_t_10ms": {
    "mean": 0.239582,
    "variance": 0.000053
  },
  "delta_t_1ms": {
    "mean": 0.231282,
    "variance": 0.000000
  },
  "timestamp_ms": 16119396,
  "sample_count": 13013500,
  "timestamp_iso": "16119s"
}