{
  "delta_t_100ms": {
    "mean": 0.237560,
    "variance": 0.000041
  },
  "delta_t_10ms": {
    "mean": 0.236359,
    "variance": 0.000037
  },
  "delta_t_1ms": {
    "mean": 0.231282,
    "variance": 0.000000
  },
  "timestamp_ms": 6491323,
  "sample_count": 5210489,
  "timestamp_iso": "6491s"
}