{
  "timestamp": "2025-12-01T00:55:00Z",
  "timestamp_ms": 3300919,
  "cycle": 1,
  "phase": 3,
  "phase_name": "1 kHz",
  "ssid": "Girod-House-of-Big-Nuts",
  "ip": "192.168.1.91",
  "rssi": -63,
  "samples": 1587690,
  "runtime": 3300,
  "mean100": 0.410369,
  "var100": 1.57e-06,
  "mean10": 0.410344,
  "var10": 1.01e-06,
  "mean1": 0.411795,
  "githubStatus": "HOST_POSTS",
  "githubCode": 0,
  "lastSuccess": 0,
  "baseline": {
    "passed": true,
    "mean": 0.103504,
    "variance": 0.00064777,
    "min": 0.049963,
    "max": 0.145055
  },
  "hardware": {
    "passed": true,
    "dark": 0.116926,
    "light": 0.411766,
    "fifty": 0.265363
  }
}