{
  "delta_t_100ms": {
    "mean": 0.244933,
    "variance": 0.000043
  },
  "delta_t_10ms": {
    "mean": 0.245143,
    "variance": 0.000038
  },
  "delta_t_1ms": {
    "mean": 0.249817,
    "variance": 0.000000
  },
  "timestamp_ms": 4877803,
  "sample_count": 957181,
  "timestamp_iso": "4877s"
}