{
  "timestamp": "2025-12-01T01:12:52Z",
  "timestamp_ms": 4372574,
  "cycle": 2,
  "phase": 0,
  "phase_name": "LED OFF",
  "ssid": "Girod-House-of-Big-Nuts",
  "ip": "192.168.1.91",
  "rssi": -66,
  "samples": 2539448,
  "runtime": 4372,
  "mean100": 0.112176,
  "var100": 0.0005744,
  "mean10": 0.114593,
  "var10": 0.0006816,
  "mean1": 0.138608,
  "githubStatus": "HOST_POSTS",
  "githubCode": 0,
  "lastSuccess": 0,
  "baseline": {
    "passed": true,
    "mean": 0.110489,
    "variance": 0.00058166,
    "min": 0.04674,
    "max": 0.146667
  },
  "hardware": {
    "passed": true,
    "dark": 0.123654,
    "light": 0.411746,
    "fifty": 0.268874
  }
}