{
  "delta_t_100ms": {
    "mean": 0.237608,
    "variance": 0.000044
  },
  "delta_t_10ms": {
    "mean": 0.237810,
    "variance": 0.000045
  },
  "delta_t_1ms": {
    "mean": 0.228059,
    "variance": 0.000000
  },
  "timestamp_ms": 10262726,
  "sample_count": 8268575,
  "timestamp_iso": "10262s"
}