{
  "delta_t_100ms": {
    "mean": 0.235198,
    "variance": 0.000605
  },
  "delta_t_10ms": {
    "mean": 0.237326,
    "variance": 0.000051
  },
  "delta_t_1ms": {
    "mean": 0.244176,
    "variance": 0.000000
  },
  "timestamp_ms": 6230218,
  "sample_count": 4999556,
  "timestamp_iso": "6230s"
}