{
  "delta_t_100ms": {
    "mean": 0.237777,
    "variance": 0.000042
  },
  "delta_t_10ms": {
    "mean": 0.237165,
    "variance": 0.000041
  },
  "delta_t_1ms": {
    "mean": 0.229670,
    "variance": 0.000000
  },
  "timestamp_ms": 15403547,
  "sample_count": 12433519,
  "timestamp_iso": "15403s"
}