{
  "timestamp": "2025-12-01T13:02:18Z",
  "timestamp_ms": 46938533,
  "cycle": 22,
  "phase": 0,
  "phase_name": "LED OFF",
  "ssid": "Girod-House-of-Big-Nuts",
  "ip": "192.168.1.91",
  "rssi": -64,
  "samples": 26252223,
  "runtime": 46938,
  "mean100": 0.114529,
  "var100": 0.00050036,
  "mean10": 0.129502,
  "var10": 0.00016366,
  "mean1": 0.121685,
  "githubStatus": "HOST_POSTS",
  "githubCode": 0,
  "lastSuccess": 0,
  "baseline": {
    "passed": true,
    "mean": 0.113539,
    "variance": 0.00048667,
    "min": 0.050769,
    "max": 0.147473
  },
  "hardware": {
    "passed": true,
    "dark": 0.125839,
    "light": 0.411774,
    "fifty": 0.268874
  }
}