{
  "delta_t_100ms": {
    "mean": 0.245006,
    "variance": 0.000041
  },
  "delta_t_10ms": {
    "mean": 0.243370,
    "variance": 0.000033
  },
  "delta_t_1ms": {
    "mean": 0.240952,
    "variance": 0.000000
  },
  "timestamp_ms": 3644095,
  "sample_count": 715704,
  "timestamp_iso": "3644s"
}