{
  "delta_t_100ms": {
    "mean": 0.237745,
    "variance": 0.000045
  },
  "delta_t_10ms": {
    "mean": 0.236681,
    "variance": 0.000054
  },
  "delta_t_1ms": {
    "mean": 0.228059,
    "variance": 0.000000
  },
  "timestamp_ms": 17288291,
  "sample_count": 13962500,
  "timestamp_iso": "17288s"
}