{
  "delta_t_100ms": {
    "mean": 0.239091,
    "variance": 0.000046
  },
  "delta_t_10ms": {
    "mean": 0.237084,
    "variance": 0.000052
  },
  "delta_t_1ms": {
    "mean": 0.231282,
    "variance": 0.000000
  },
  "timestamp_ms": 26964641,
  "sample_count": 21765425,
  "timestamp_iso": "26964s"
}