{
  "delta_t_100ms": {
    "mean": 0.237269,
    "variance": 0.000039
  },
  "delta_t_10ms": {
    "mean": 0.237004,
    "variance": 0.000047
  },
  "delta_t_1ms": {
    "mean": 0.231282,
    "variance": 0.000000
  },
  "timestamp_ms": 2744265,
  "sample_count": 2213007,
  "timestamp_iso": "2744s"
}