{
  "delta_t_100ms": {
    "mean": 0.238647,
    "variance": 0.000046
  },
  "delta_t_10ms": {
    "mean": 0.238777,
    "variance": 0.000046
  },
  "delta_t_1ms": {
    "mean": 0.237729,
    "variance": 0.000000
  },
  "timestamp_ms": 32139386,
  "sample_count": 25877747,
  "timestamp_iso": "32139s"
}