{
  "delta_t_100ms": {
    "mean": 0.238196,
    "variance": 0.000045
  },
  "delta_t_10ms": {
    "mean": 0.238132,
    "variance": 0.000049
  },
  "delta_t_1ms": {
    "mean": 0.243370,
    "variance": 0.000000
  },
  "timestamp_ms": 22484585,
  "sample_count": 18180306,
  "timestamp_iso": "22484s"
}