{
  "delta_t_100ms": {
    "mean": 0.238736,
    "variance": 0.000044
  },
  "delta_t_10ms": {
    "mean": 0.239341,
    "variance": 0.000047
  },
  "delta_t_1ms": {
    "mean": 0.244176,
    "variance": 0.000000
  },
  "timestamp_ms": 25627275,
  "sample_count": 20711000,
  "timestamp_iso": "25627s"
}