{
  "delta_t_100ms": {
    "mean": 0.244635,
    "variance": 0.000044
  },
  "delta_t_10ms": {
    "mean": 0.244418,
    "variance": 0.000055
  },
  "delta_t_1ms": {
    "mean": 0.248205,
    "variance": 0.000000
  },
  "timestamp_ms": 6344252,
  "sample_count": 1232998,
  "timestamp_iso": "6344s"
}