{
  "timestamp": "2025-12-01T02:35:26Z",
  "timestamp_ms": 9326963,
  "cycle": 4,
  "phase": 2,
  "phase_name": "100 Hz",
  "ssid": "Girod-House-of-Big-Nuts",
  "ip": "192.168.1.91",
  "rssi": -63,
  "samples": 4600535,
  "runtime": 9326,
  "mean100": 0.106801,
  "var100": 0.00069043,
  "mean10": 0.113707,
  "var10": 0.00069973,
  "mean1": 0.128132,
  "githubStatus": "HOST_POSTS",
  "githubCode": 0,
  "lastSuccess": 0,
  "baseline": {
    "passed": true,
    "mean": 0.106339,
    "variance": 0.0006255,
    "min": 0.044322,
    "max": 0.143443
  },
  "hardware": {
    "passed": true,
    "dark": 0.119459,
    "light": 0.411527,
    "fifty": 0.265363
  }
}