{
  "delta_t_100ms": {
    "mean": 0.239453,
    "variance": 0.000044
  },
  "delta_t_10ms": {
    "mean": 0.238938,
    "variance": 0.000050
  },
  "delta_t_1ms": {
    "mean": 0.236923,
    "variance": 0.000000
  },
  "timestamp_ms": 28285198,
  "sample_count": 22819844,
  "timestamp_iso": "28285s"
}