{
  "delta_t_100ms": {
    "mean": 0.237149,
    "variance": 0.000042
  },
  "delta_t_10ms": {
    "mean": 0.237165,
    "variance": 0.000034
  },
  "delta_t_1ms": {
    "mean": 0.228864,
    "variance": 0.000000
  },
  "timestamp_ms": 3005285,
  "sample_count": 2423942,
  "timestamp_iso": "3005s"
}