{
  "timestamp": "2025-12-01T13:13:55Z",
  "timestamp_ms": 47635530,
  "cycle": 22,
  "phase": 2,
  "phase_name": "100 Hz",
  "ssid": "Girod-House-of-Big-Nuts",
  "ip": "192.168.1.91",
  "rssi": -64,
  "samples": 26715001,
  "runtime": 47635,
  "mean100": 0.113643,
  "var100": 0.00048829,
  "mean10": 0.118139,
  "var10": 0.00051163,
  "mean1": 0.076557,
  "githubStatus": "HOST_POSTS",
  "githubCode": 0,
  "lastSuccess": 0,
  "baseline": {
    "passed": true,
    "mean": 0.113539,
    "variance": 0.00048667,
    "min": 0.050769,
    "max": 0.147473
  },
  "hardware": {
    "passed": true,
    "dark": 0.125839,
    "light": 0.411774,
    "fifty": 0.268874
  }
}