{
  "delta_t_100ms": {
    "mean": 0.237608,
    "variance": 0.000042
  },
  "delta_t_10ms": {
    "mean": 0.237810,
    "variance": 0.000034
  },
  "delta_t_1ms": {
    "mean": 0.230476,
    "variance": 0.000000
  },
  "timestamp_ms": 9154428,
  "sample_count": 7372247,
  "timestamp_iso": "9154s"
}