{
  "delta_t_100ms": {
    "mean": 0.238704,
    "variance": 0.000048
  },
  "delta_t_10ms": {
    "mean": 0.237568,
    "variance": 0.000046
  },
  "delta_t_1ms": {
    "mean": 0.244176,
    "variance": 0.000000
  },
  "timestamp_ms": 33827458,
  "sample_count": 27248500,
  "timestamp_iso": "33827s"
}