{
  "delta_t_100ms": {
    "mean": 0.239518,
    "variance": 0.000048
  },
  "delta_t_10ms": {
    "mean": 0.239744,
    "variance": 0.000046
  },
  "delta_t_1ms": {
    "mean": 0.247399,
    "variance": 0.000000
  },
  "timestamp_ms": 27757639,
  "sample_count": 22398044,
  "timestamp_iso": "27757s"
}