{
  "timestamp": "2025-12-01T04:22:01Z",
  "timestamp_ms": 15721756,
  "cycle": 7,
  "phase": 2,
  "phase_name": "100 Hz",
  "ssid": "Girod-House-of-Big-Nuts",
  "ip": "192.168.1.91",
  "rssi": -66,
  "samples": 9177798,
  "runtime": 15721,
  "mean100": 0.108292,
  "var100": 0.00061342,
  "mean10": 0.101619,
  "var10": 0.00070779,
  "mean1": 0.141026,
  "githubStatus": "HOST_POSTS",
  "githubCode": 0,
  "lastSuccess": 0,
  "baseline": {
    "passed": true,
    "mean": 0.106752,
    "variance": 0.00058906,
    "min": 0.050769,
    "max": 0.144249
  },
  "hardware": {
    "passed": true,
    "dark": 0.119801,
    "light": 0.409588,
    "fifty": 0.268874
  }
}