{
  "delta_t_100ms": {
    "mean": 0.237938,
    "variance": 0.000039
  },
  "delta_t_10ms": {
    "mean": 0.236762,
    "variance": 0.000037
  },
  "delta_t_1ms": {
    "mean": 0.231282,
    "variance": 0.000000
  },
  "timestamp_ms": 8765227,
  "sample_count": 7055879,
  "timestamp_iso": "8765s"
}