{
  "delta_t_100ms": {
    "mean": 0.237753,
    "variance": 0.000041
  },
  "delta_t_10ms": {
    "mean": 0.238535,
    "variance": 0.000036
  },
  "delta_t_1ms": {
    "mean": 0.231282,
    "variance": 0.000000
  },
  "timestamp_ms": 3396390,
  "sample_count": 2740276,
  "timestamp_iso": "3396s"
}