{
  "timestamp": "2025-12-01T09:04:24Z",
  "timestamp_ms": 32664818,
  "cycle": 15,
  "phase": 2,
  "phase_name": "100 Hz",
  "ssid": "Girod-House-of-Big-Nuts",
  "ip": "192.168.1",
  "rssi": -63,
  "samples": 18634946,
  "runtime": 32668,
  "mean100": 0.112361,
  "var100": 0.00049445,
  "mean10": 0.116205,
  "var10": 0.00052847,
  "mean1": 0.076557,
  "githubStatus": "HOST_POSTS",
  "githubCode": 0,
  "lastSuccess": 0,
  "baseline": {
    "passed": true,
    "mean": 0.112572,
    "variance": 0.00048191,
    "min": 0.063663,
    "max": 0.147473
  },
  "hardware": {
    "passed": true,
    "dark": 0.125152,
    "light": 0.411768,
    "fifty": 0.268874
  }
}