{
  "delta_t_100ms": {
    "mean": 0.236971,
    "variance": 0.000039
  },
  "delta_t_10ms": {
    "mean": 0.236278,
    "variance": 0.000038
  },
  "delta_t_1ms": {
    "mean": 0.244176,
    "variance": 0.000000
  },
  "timestamp_ms": 2205582,
  "sample_count": 1733987,
  "timestamp_iso": "2205s"
}