{
  "delta_t_100ms": {
    "mean": 0.239139,
    "variance": 0.000047
  },
  "delta_t_10ms": {
    "mean": 0.237568,
    "variance": 0.000045
  },
  "delta_t_1ms": {
    "mean": 0.231282,
    "variance": 0.000000
  },
  "timestamp_ms": 33305101,
  "sample_count": 26826746,
  "timestamp_iso": "33305s"
}