{
  "delta_t_100ms": {
    "mean": 0.244772,
    "variance": 0.000042
  },
  "delta_t_10ms": {
    "mean": 0.243773,
    "variance": 0.000054
  },
  "delta_t_1ms": {
    "mean": 0.253846,
    "variance": 0.000000
  },
  "timestamp_ms": 7086085,
  "sample_count": 1343454,
  "timestamp_iso": "7086s"
}