{
  "delta_t_100ms": {
    "mean": 0.236456,
    "variance": 0.000042
  },
  "delta_t_10ms": {
    "mean": 0.235553,
    "variance": 0.000040
  },
  "delta_t_1ms": {
    "mean": 0.244176,
    "variance": 0.000000
  },
  "timestamp_ms": 2856214,
  "sample_count": 2258947,
  "timestamp_iso": "2856s"
}