{
  "delta_t_100ms": {
    "mean": 0.197412,
    "variance": 0.004157
  },
  "delta_t_10ms": {
    "mean": 0.199128,
    "variance": 0.004752
  },
  "delta_t_1ms": {
    "mean": 0.257070,
    "variance": 0.000000
  },
  "timestamp_ms": 733652,
  "sample_count": 212870,
  "timestamp_iso": "733s"
}