{
  "delta_t_100ms": {
    "mean": 0.193157,
    "variance": 0.003586
  },
  "delta_t_10ms": {
    "mean": 0.195179,
    "variance": 0.003735
  },
  "delta_t_1ms": {
    "mean": 0.132967,
    "variance": 0.000000
  },
  "timestamp_ms": 786302,
  "sample_count": 631242,
  "timestamp_iso": "786s"
}