{
  "delta_t_100ms": {
    "mean": 0.236979,
    "variance": 0.000045
  },
  "delta_t_10ms": {
    "mean": 0.235473,
    "variance": 0.000039
  },
  "delta_t_1ms": {
    "mean": 0.244176,
    "variance": 0.000000
  },
  "timestamp_ms": 1550120,
  "sample_count": 1208835,
  "timestamp_iso": "1550s"
}