{
  "delta_t_100ms": {
    "mean": 0.244643,
    "variance": 0.000041
  },
  "delta_t_10ms": {
    "mean": 0.246835,
    "variance": 0.000024
  },
  "delta_t_1ms": {
    "mean": 0.250623,
    "variance": 0.000000
  },
  "timestamp_ms": 1458033,
  "sample_count": 353007,
  "timestamp_iso": "1458s"
}