{
  "delta_t_100ms": {
    "mean": 0.201481,
    "variance": 0.004384
  },
  "delta_t_10ms": {
    "mean": 0.209282,
    "variance": 0.003289
  },
  "delta_t_1ms": {
    "mean": 0.144249,
    "variance": 0.000000
  },
  "timestamp_ms": 727657,
  "sample_count": 578036,
  "timestamp_iso": "727s"
}