{
  "delta_t_100ms": {
    "mean": 0.237229,
    "variance": 0.000040
  },
  "delta_t_10ms": {
    "mean": 0.236520,
    "variance": 0.000034
  },
  "delta_t_1ms": {
    "mean": 0.243370,
    "variance": 0.000000
  },
  "timestamp_ms": 1485569,
  "sample_count": 1156282,
  "timestamp_iso": "1485s"
}