{
  "delta_t_100ms": {
    "mean": 0.194454,
    "variance": 0.003832
  },
  "delta_t_10ms": {
    "mean": 0.198564,
    "variance": 0.003491
  },
  "delta_t_1ms": {
    "mean": 0.124908,
    "variance": 0.000000
  },
  "timestamp_ms": 611136,
  "sample_count": 473230,
  "timestamp_iso": "611s"
}