{
  "delta_t_100ms": {
    "mean": 0.223908,
    "variance": 0.000678
  },
  "delta_t_10ms": {
    "mean": 0.197516,
    "variance": 0.000402
  },
  "delta_t_1ms": {
    "mean": 0.236923,
    "variance": 0.000000
  },
  "timestamp_ms": 1045046,
  "sample_count": 842109,
  "timestamp_iso": "1045s"
}