{
  "delta_t_100ms": {
    "mean": 0.236818,
    "variance": 0.000041
  },
  "delta_t_10ms": {
    "mean": 0.237084,
    "variance": 0.000033
  },
  "delta_t_1ms": {
    "mean": 0.240952,
    "variance": 0.000000
  },
  "timestamp_ms": 1420310,
  "sample_count": 1103702,
  "timestamp_iso": "1420s"
}