{
  "delta_t_100ms": {
    "mean": 0.236061,
    "variance": 0.000043
  },
  "delta_t_10ms": {
    "mean": 0.235150,
    "variance": 0.000044
  },
  "delta_t_1ms": {
    "mean": 0.228864,
    "variance": 0.000000
  },
  "timestamp_ms": 1631203,
  "sample_count": 1316683,
  "timestamp_iso": "1631s"
}