{
  "delta_t_100ms": {
    "mean": 0.244732,
    "variance": 0.000036
  },
  "delta_t_10ms": {
    "mean": 0.246110,
    "variance": 0.000028
  },
  "delta_t_1ms": {
    "mean": 0.249011,
    "variance": 0.000000
  },
  "timestamp_ms": 1729257,
  "sample_count": 405817,
  "timestamp_iso": "1729s"
}