{
  "delta_t_100ms": {
    "mean": 0.199177,
    "variance": 0.003860
  },
  "delta_t_10ms": {
    "mean": 0.195985,
    "variance": 0.004544
  },
  "delta_t_1ms": {
    "mean": 0.144249,
    "variance": 0.000000
  },
  "timestamp_ms": 866663,
  "sample_count": 683026,
  "timestamp_iso": "866s"
}