{
  "delta_t_100ms": {
    "mean": 0.236262,
    "variance": 0.000040
  },
  "delta_t_10ms": {
    "mean": 0.237326,
    "variance": 0.000049
  },
  "delta_t_1ms": {
    "mean": 0.228059,
    "variance": 0.000000
  },
  "timestamp_ms": 1566365,
  "sample_count": 1263987,
  "timestamp_iso": "1566s"
}