{
  "delta_t_100ms": {
    "mean": 0.200998,
    "variance": 0.003969
  },
  "delta_t_10ms": {
    "mean": 0.198322,
    "variance": 0.003553
  },
  "delta_t_1ms": {
    "mean": 0.257070,
    "variance": 0.000000
  },
  "timestamp_ms": 863634,
  "sample_count": 221691,
  "timestamp_iso": "863s"
}