{
  "delta_t_100ms": {
    "mean": 0.193447,
    "variance": 0.003669
  },
  "delta_t_10ms": {
    "mean": 0.190586,
    "variance": 0.003498
  },
  "delta_t_1ms": {
    "mean": 0.102344,
    "variance": 0.000000
  },
  "timestamp_ms": 851917,
  "sample_count": 683972,
  "timestamp_iso": "851s"
}