{
  "delta_t_100ms": {
    "mean": 0.232458,
    "variance": 0.000529
  },
  "delta_t_10ms": {
    "mean": 0.236278,
    "variance": 0.000034
  },
  "delta_t_1ms": {
    "mean": 0.229670,
    "variance": 0.000000
  },
  "timestamp_ms": 1304501,
  "sample_count": 1053007,
  "timestamp_iso": "1304s"
}