{
  "delta_t_100ms": {
    "mean": 0.235037,
    "variance": 0.000041
  },
  "delta_t_10ms": {
    "mean": 0.234344,
    "variance": 0.000041
  },
  "delta_t_1ms": {
    "mean": 0.243370,
    "variance": 0.000000
  },
  "timestamp_ms": 1369109,
  "sample_count": 1105760,
  "timestamp_iso": "1369s"
}