{
  "cycle_0": {
    "timestamp_iso": "2025-12-01T00:21:24Z",
    "timestamp_ms": 1284038,
    "sample_count": 568331,
    "delta_t_100ms": {
      "mean": 0.218630,
      "variance": 0.000161
    },
    "delta_t_10ms": {
      "mean": 0.220886,
      "variance": 0.000158
    },
    "delta_t_1ms": {
      "mean": 0.205495,
      "variance": 0.000000
    }
  }
}