{
  "delta_t_100ms": {
    "mean": 0.225713,
    "variance": 0.000705
  },
  "delta_t_10ms": {
    "mean": 0.217582,
    "variance": 0.000291
  },
  "delta_t_1ms": {
    "mean": 0.199048,
    "variance": 0.000000
  },
  "timestamp_ms": 961065,
  "sample_count": 735819,
  "timestamp_iso": "961s"
}