{
  "delta_t_100ms": {
    "mean": 0.245570,
    "variance": 0.000035
  },
  "delta_t_10ms": {
    "mean": 0.246755,
    "variance": 0.000033
  },
  "delta_t_1ms": {
    "mean": 0.249817,
    "variance": 0.000000
  },
  "timestamp_ms": 1595161,
  "sample_count": 380778,
  "timestamp_iso": "1595s"
}