{
  "delta_t_100ms": {
    "mean": 0.231588,
    "variance": 0.000742
  },
  "delta_t_10ms": {
    "mean": 0.247238,
    "variance": 0.000159
  },
  "delta_t_1ms": {
    "mean": 0.224835,
    "variance": 0.000000
  },
  "timestamp_ms": 998962,
  "sample_count": 767039,
  "timestamp_iso": "998s"
}