{
  "delta_t_100ms": {
    "mean": 0.238067,
    "variance": 0.000040
  },
  "delta_t_10ms": {
    "mean": 0.234103,
    "variance": 0.000036
  },
  "delta_t_1ms": {
    "mean": 0.228864,
    "variance": 0.000000
  },
  "timestamp_ms": 1747384,
  "sample_count": 1366374,
  "timestamp_iso": "1747s"
}