{
  "delta_t_100ms": {
    "mean": 0.236996,
    "variance": 0.000041
  },
  "delta_t_10ms": {
    "mean": 0.237407,
    "variance": 0.000040
  },
  "delta_t_1ms": {
    "mean": 0.243370,
    "variance": 0.000000
  },
  "timestamp_ms": 1355808,
  "sample_count": 1051154,
  "timestamp_iso": "1355s"
}