{
  "delta_t_100ms": {
    "mean": 0.198314,
    "variance": 0.004826
  },
  "delta_t_10ms": {
    "mean": 0.186476,
    "variance": 0.004852
  },
  "delta_t_1ms": {
    "mean": 0.266740,
    "variance": 0.000000
  },
  "timestamp_ms": 726428,
  "sample_count": 385500,
  "timestamp_iso": "726s"
}