{
  "delta_t_100ms": {
    "mean": 0.244047,
    "variance": 0.000042
  },
  "delta_t_10ms": {
    "mean": 0.244579,
    "variance": 0.000036
  },
  "delta_t_1ms": {
    "mean": 0.236117,
    "variance": 0.000000
  },
  "timestamp_ms": 1392831,
  "sample_count": 339972,
  "timestamp_iso": "1392s"
}