{
  "delta_t_100ms": {
    "mean": 0.235037,
    "variance": 0.000039
  },
  "delta_t_10ms": {
    "mean": 0.235231,
    "variance": 0.000040
  },
  "delta_t_1ms": {
    "mean": 0.241758,
    "variance": 0.000000
  },
  "timestamp_ms": 1433820,
  "sample_count": 1158500,
  "timestamp_iso": "1433s"
}