{
  "delta_t_100ms": {
    "mean": 0.198008,
    "variance": 0.003750
  },
  "delta_t_10ms": {
    "mean": 0.203158,
    "variance": 0.002911
  },
  "delta_t_1ms": {
    "mean": 0.254652,
    "variance": 0.000000
  },
  "timestamp_ms": 676821,
  "sample_count": 525746,
  "timestamp_iso": "676s"
}