{
  "delta_t_100ms": {
    "mean": 0.231838,
    "variance": 0.000768
  },
  "delta_t_10ms": {
    "mean": 0.255055,
    "variance": 0.000015
  },
  "delta_t_1ms": {
    "mean": 0.257070,
    "variance": 0.000000
  },
  "timestamp_ms": 1261285,
  "sample_count": 303466,
  "timestamp_iso": "1261s"
}