{
  "delta_t_100ms": {
    "mean": 0.200659,
    "variance": 0.004538
  },
  "delta_t_10ms": {
    "mean": 0.190264,
    "variance": 0.004961
  },
  "delta_t_1ms": {
    "mean": 0.102344,
    "variance": 0.000000
  },
  "timestamp_ms": 658984,
  "sample_count": 525545,
  "timestamp_iso": "658s"
}