{
  "delta_t_100ms": {
    "mean": 0.244458,
    "variance": 0.000039
  },
  "delta_t_10ms": {
    "mean": 0.242564,
    "variance": 0.000049
  },
  "delta_t_1ms": {
    "mean": 0.236923,
    "variance": 0.000000
  },
  "timestamp_ms": 1663290,
  "sample_count": 398120,
  "timestamp_iso": "1663s"
}