{
  "delta_t_100ms": {
    "mean": 0.237205,
    "variance": 0.000041
  },
  "delta_t_10ms": {
    "mean": 0.239744,
    "variance": 0.000052
  },
  "delta_t_1ms": {
    "mean": 0.249817,
    "variance": 0.000000
  },
  "timestamp_ms": 1617091,
  "sample_count": 1261357,
  "timestamp_iso": "1617s"
}