{
  "delta_t_100ms": {
    "mean": 0.231919,
    "variance": 0.000742
  },
  "delta_t_10ms": {
    "mean": 0.236117,
    "variance": 0.000789
  },
  "delta_t_1ms": {
    "mean": 0.257070,
    "variance": 0.000000
  },
  "timestamp_ms": 1125993,
  "sample_count": 286845,
  "timestamp_iso": "1125s"
}