{
  "delta_t_100ms": {
    "mean": 0.224061,
    "variance": 0.000701
  },
  "delta_t_10ms": {
    "mean": 0.197436,
    "variance": 0.000049
  },
  "delta_t_1ms": {
    "mean": 0.190989,
    "variance": 0.000000
  },
  "timestamp_ms": 980395,
  "sample_count": 789409,
  "timestamp_iso": "980s"
}