{
  "delta_t_100ms": {
    "mean": 0.232539,
    "variance": 0.000736
  },
  "delta_t_10ms": {
    "mean": 0.256264,
    "variance": 0.000011
  },
  "delta_t_1ms": {
    "mean": 0.262711,
    "variance": 0.000000
  },
  "timestamp_ms": 931420,
  "sample_count": 735539,
  "timestamp_iso": "931s"
}