{
  "delta_t_100ms": {
    "mean": 0.224029,
    "variance": 0.000702
  },
  "delta_t_10ms": {
    "mean": 0.240952,
    "variance": 0.000227
  },
  "delta_t_1ms": {
    "mean": 0.205495,
    "variance": 0.000000
  },
  "timestamp_ms": 915764,
  "sample_count": 736664,
  "timestamp_iso": "915s"
}