{
  "delta_t_100ms": {
    "mean": 0.235368,
    "variance": 0.000041
  },
  "delta_t_10ms": {
    "mean": 0.237648,
    "variance": 0.000042
  },
  "delta_t_1ms": {
    "mean": 0.244176,
    "variance": 0.000000
  },
  "timestamp_ms": 1502169,
  "sample_count": 1211241,
  "timestamp_iso": "1502s"
}