{
  "delta_t_100ms": {
    "mean": 0.236601,
    "variance": 0.000040
  },
  "delta_t_10ms": {
    "mean": 0.236117,
    "variance": 0.000037
  },
  "delta_t_1ms": {
    "mean": 0.243370,
    "variance": 0.000000
  },
  "timestamp_ms": 1225510,
  "sample_count": 946000,
  "timestamp_iso": "1225s"
}